stock_id,name,theme,confidence
2317,鴻海,AI伺服器組裝與零組件,high
2324,仁寶,AI伺服器組裝與零組件,high
2356,英業達,AI伺服器組裝與零組件,high
2376,技嘉,AI伺服器組裝與零組件,high
2382,廣達,AI伺服器組裝與零組件,high
3231,緯創,AI伺服器組裝與零組件,high
3706,神達,AI伺服器組裝與零組件,high
6166,凌華,AI伺服器組裝與零組件,high
6187,萬潤,AI伺服器組裝與零組件,high
6196,帆宣,AI伺服器組裝與零組件,high
9914,美利達,AI伺服器組裝與零組件,high
1304,台聚,CCL與銅箔材料,high
1305,華夏,CCL與銅箔材料,high
1605,華新,CCL與銅箔材料,high
1608,華榮,CCL與銅箔材料,high
1717,長興,CCL與銅箔材料,high
1802,台玻,CCL與銅箔材料,high
2009,第一銅,CCL與銅箔材料,high
2383,台光電,CCL與銅箔材料,high
4721,美琪瑪,CCL與銅箔材料,high
6274,台燿,CCL與銅箔材料,high
2344,華邦電,IC設計_消費通訊,high
2379,瑞昱,IC設計_消費通訊,high
2408,南亞科,IC設計_消費通訊,high
2454,聯發科,IC設計_消費通訊,high
3006,晶豪科,IC設計_消費通訊,high
3034,聯詠,IC設計_消費通訊,high
3044,健鼎,IC設計_消費通訊,high
3227,原相,IC設計_消費通訊,high
3260,威剛,IC設計_消費通訊,high
3413,京鼎,IC設計_消費通訊,high
3529,力旺,IC設計_消費通訊,high
3552,同致,IC設計_消費通訊,high
3577,泓格,IC設計_消費通訊,high
3661,世芯-KY,IC設計_消費通訊,high
4915,致伸,IC設計_消費通訊,high
4961,天鈺,IC設計_消費通訊,high
4967,十銓,IC設計_消費通訊,high
5269,祥碩,IC設計_消費通訊,high
5274,信驊,IC設計_消費通訊,high
5351,鈺創,IC設計_消費通訊,high
5483,中美晶,IC設計_消費通訊,high
6104,創惟,IC設計_消費通訊,high
6138,茂達,IC設計_消費通訊,high
6239,力成,IC設計_消費通訊,high
6415,矽力*-KY,IC設計_消費通訊,high
6435,大中,IC設計_消費通訊,high
6451,訊芯-KY,IC設計_消費通訊,high
6510,精測,IC設計_消費通訊,high
6533,晶心科,IC設計_消費通訊,high
6691,洋基工程,IC設計_消費通訊,high
6719,力智,IC設計_消費通訊,high
6756,威鋒電子,IC設計_消費通訊,high
8016,矽創,IC設計_消費通訊,high
8049,晶采,IC設計_消費通訊,high
8069,元太,IC設計_消費通訊,high
8081,致新,IC設計_消費通訊,high
8299,群聯,IC設計_消費通訊,high
2340,台亞,LED與MiniLED,high
2393,億光,LED與MiniLED,high
2409,友達,LED與MiniLED,medium
2426,鼎元,LED與MiniLED,high
2455,全新,LED與MiniLED,high
2489,瑞軒,LED與MiniLED,medium
3049,精金,LED與MiniLED,high
3437,榮創,LED與MiniLED,high
3545,敦泰,LED與MiniLED,medium
3673,TPK-KY,LED與MiniLED,medium
3714,富采,LED與MiniLED,high
4949,有成精密,LED與MiniLED,high
4960,誠美材,LED與MiniLED,medium
6168,宏齊,LED與MiniLED,medium
6176,瑞儀,LED與MiniLED,high
6226,光鼎,LED與MiniLED,high
6278,台表科,LED與MiniLED,high
8111,立碁,LED與MiniLED,high
2313,華通,PCB製造,high
2367,燿華,PCB製造,high
2368,金像電,PCB製造,high
3037,欣興,PCB製造,high
3046,建碁,PCB製造,high
3189,景碩,PCB製造,high
4958,臻鼎-KY,PCB製造,high
5469,瀚宇博,PCB製造,high
6205,詮欣,PCB製造,high
6213,聯茂,PCB製造,high
6269,台郡,PCB製造,high
6715,嘉基,PCB製造,high
8021,尖點,PCB製造,high
8046,南電,PCB製造,high
8110,華東,PCB製造,high
8155,博智,PCB製造,high
8210,勤誠,PCB製造,high
8358,金居,PCB製造,high
3008,大立光,光學鏡頭與CIS,high
3019,亞光,光學鏡頭與CIS,high
3406,玉晶光,光學鏡頭與CIS,high
3481,群創,光學鏡頭與CIS,high
3630,新鉅科,光學鏡頭與CIS,high
4976,佳凌,光學鏡頭與CIS,high
5243,乙盛-KY,光學鏡頭與CIS,high
5371,中光電,光學鏡頭與CIS,high
5488,松普,光學鏡頭與CIS,high
6116,彩晶,光學鏡頭與CIS,high
6491,晶碩,光學鏡頭與CIS,high
6668,中揚光,光學鏡頭與CIS,high
3081,聯亞,光通訊,high
3163,波若威,光通訊,high
3234,光環,光通訊,high
3363,上詮,光通訊,high
4979,華星光,光通訊,high
5209,新鼎,光通訊,high
6143,振曜,光通訊,high
6223,旺矽,光通訊,high
6416,瑞祺電通,光通訊,high
6470,宇智,光通訊,high
6805,富世達,光通訊,high
2303,聯電,半導體晶圓代工,high
2329,華泰,半導體晶圓代工,high
2330,台積電,半導體晶圓代工,high
2449,京元電子,半導體晶圓代工,high
3264,欣銓,半導體晶圓代工,high
3443,創意,半導體晶圓代工,high
3532,台勝科,半導體晶圓代工,high
3711,日月光投控,半導體晶圓代工,high
4919,新唐,半導體晶圓代工,high
5347,世界,半導體晶圓代工,high
6147,頎邦,半導體晶圓代工,high
6488,環球晶,半導體晶圓代工,high
6531,愛普*,半導體晶圓代工,high
6558,興能高,半導體晶圓代工,high
6643,M31,半導體晶圓代工,high
6669,緯穎,半導體晶圓代工,high
6770,力積電,半導體晶圓代工,high
6789,采鈺,半導體晶圓代工,high
8150,南茂,半導體晶圓代工,high
8271,宇瞻,半導體晶圓代工,high
1301,台塑,塑化與化工,medium
1303,南亞,塑化與化工,medium
1307,三芳,塑化與化工,medium
1308,亞聚,塑化與化工,medium
1310,台苯,塑化與化工,medium
1312,國喬,塑化與化工,medium
1313,聯成,塑化與化工,medium
1314,中石化,塑化與化工,medium
1315,達新,塑化與化工,medium
1316,上曜,塑化與化工,medium
1321,大洋,塑化與化工,medium
1323,永裕,塑化與化工,medium
1324,地球,塑化與化工,medium
1325,恆大,塑化與化工,medium
1326,台化,塑化與化工,medium
1337,再生-KY,塑化與化工,medium
1340,勝悅-KY,塑化與化工,medium
1341,富林-KY,塑化與化工,medium
1342,八貫,塑化與化工,medium
1402,遠東新,塑化與化工,medium
1409,新纖,塑化與化工,medium
1410,南染,塑化與化工,medium
1413,宏洲,塑化與化工,medium
1414,東和,塑化與化工,medium
1416,廣豐,塑化與化工,medium
1417,嘉裕,塑化與化工,medium
1418,東華,塑化與化工,medium
1423,利華,塑化與化工,medium
1440,南紡,塑化與化工,medium
1441,大東,塑化與化工,medium
1443,立益物流,塑化與化工,medium
1444,力麗,塑化與化工,medium
1445,大宇,塑化與化工,medium
1446,宏和,塑化與化工,medium
1447,力鵬,塑化與化工,medium
1449,佳和,塑化與化工,medium
1460,宏遠,塑化與化工,medium
1465,偉全,塑化與化工,medium
1467,南緯,塑化與化工,medium
1470,大統新創,塑化與化工,medium
1471,首利,塑化與化工,medium
1472,三洋實業,塑化與化工,medium
1473,台南,塑化與化工,medium
1474,弘裕,塑化與化工,medium
1476,儒鴻,塑化與化工,medium
1477,聚陽,塑化與化工,medium
1480,東盟開發,塑化與化工,medium
1504,東元,塑化與化工,medium
1712,興農,塑化與化工,medium
1713,國化,塑化與化工,medium
1714,和桐,塑化與化工,medium
1718,中纖,塑化與化工,medium
1720,生達,塑化與化工,medium
1721,三晃,塑化與化工,medium
1722,台肥,塑化與化工,medium
1723,中碳,塑化與化工,medium
1725,元禎,塑化與化工,medium
1726,永記,塑化與化工,medium
1727,中華化,塑化與化工,medium
1730,花仙子,塑化與化工,medium
1731,美吾華,塑化與化工,medium
1732,毛寶,塑化與化工,medium
1733,五鼎,塑化與化工,medium
1735,日勝化,塑化與化工,medium
1736,喬山,塑化與化工,medium
1737,臺鹽,塑化與化工,medium
1760,寶齡富錦,塑化與化工,medium
1773,勝一,塑化與化工,medium
1776,展宇,塑化與化工,medium
1781,合世,塑化與化工,medium
1786,科妍,塑化與化工,medium
1789,神隆,塑化與化工,medium
1806,冠軍,塑化與化工,medium
1810,和成,塑化與化工,medium
1815,富喬,塑化與化工,medium
1903,士紙,塑化與化工,medium
4706,大恭,塑化與化工,medium
4720,德淵,塑化與化工,medium
4722,國精化,塑化與化工,medium
4739,康普,塑化與化工,medium
4741,泓瀚,塑化與化工,medium
6509,聚和,塑化與化工,medium
6582,申豐,塑化與化工,medium
9955,佳龍,塑化與化工,medium
2395,研華,工業電腦與邊緣運算,high
2405,輔信,工業電腦與邊緣運算,high
2465,麗臺,工業電腦與邊緣運算,high
3005,神基,工業電腦與邊緣運算,high
3022,威強電,工業電腦與邊緣運算,high
3088,艾訊,工業電腦與邊緣運算,high
3090,日電貿,工業電腦與邊緣運算,high
3416,融程電,工業電腦與邊緣運算,high
3499,環天科,工業電腦與邊緣運算,high
6203,海韻電,工業電腦與邊緣運算,high
6579,研揚,工業電腦與邊緣運算,high
8234,新漢,工業電腦與邊緣運算,high
1432,大魯閣,營建資產,medium
1434,福懋,營建資產,medium
1435,中福,營建資產,medium
1436,華友聯,營建資產,medium
1437,勤益控,營建資產,medium
1438,三地開發,營建資產,medium
1439,雋揚,營建資產,medium
1442,名軒,營建資產,medium
1451,年興,營建資產,medium
1452,宏益,營建資產,medium
1453,大將,營建資產,medium
1455,集盛,營建資產,medium
1456,怡華,營建資產,medium
1457,宜進,營建資產,medium
1459,聯發,營建資產,medium
1463,強盛新,營建資產,medium
1464,得力,營建資產,medium
1466,聚隆,營建資產,medium
1805,寶徠,營建資產,medium
2501,國建,營建資產,medium
2504,國產,營建資產,medium
2505,國揚,營建資產,medium
2506,太設,營建資產,medium
2509,全坤建,營建資產,medium
2511,太子,營建資產,medium
2514,龍邦,營建資產,medium
2515,中工,營建資產,medium
2520,冠德,營建資產,medium
2524,京城,營建資產,medium
2527,宏璟,營建資產,medium
2530,華建,營建資產,medium
2534,宏盛,營建資產,medium
2535,達欣工,營建資產,medium
2536,宏普,營建資產,medium
2537,聯上發,營建資產,medium
2538,基泰,營建資產,medium
2539,櫻花建,營建資產,medium
2540,愛山林,營建資產,medium
2542,興富發,營建資產,medium
2543,皇昌,營建資產,medium
2545,皇翔,營建資產,medium
2546,根基,營建資產,medium
2547,日勝生,營建資產,medium
2548,華固,營建資產,medium
2597,潤弘,營建資產,medium
3052,夆典,營建資產,medium
5511,德昌,營建資產,medium
5512,力麒,營建資產,medium
5514,三豐,營建資產,medium
5521,工信,營建資產,medium
5522,遠雄,營建資產,medium
5525,順天,營建資產,medium
5529,鉅陞,營建資產,medium
5531,鄉林,營建資產,medium
5533,皇鼎,營建資產,medium
5534,長虹,營建資產,medium
6177,達麗,營建資產,medium
6219,富旺,營建資產,medium
1707,葡萄王,生技醫療,medium
1734,杏輝,生技醫療,medium
1783,和康生,生技醫療,medium
1795,美時,生技醫療,medium
4104,佳醫,生技醫療,medium
4105,東洋,生技醫療,medium
4107,邦特,生技醫療,medium
4114,健喬,生技醫療,medium
4123,晟德,生技醫療,medium
4130,健亞,生技醫療,medium
4142,國光生,生技醫療,medium
4153,鈺緯,生技醫療,medium
4162,智擎,生技醫療,medium
4174,浩鼎,生技醫療,medium
4743,合一,生技醫療,medium
6576,逸達,生技醫療,medium
2436,偉詮電,石英與頻率元件,high
2481,強茂,石英與頻率元件,high
3042,晶技,石英與頻率元件,high
3221,台嘉碩,石英與頻率元件,high
5299,杰力,石英與頻率元件,high
6174,安碁,石英與頻率元件,high
6449,鈺邦,石英與頻率元件,high
6485,點序,石英與頻率元件,high
6538,倉和,石英與頻率元件,high
8182,加高,石英與頻率元件,high
8261,富鼎,石英與頻率元件,high
8289,泰藝,石英與頻率元件,high
1560,中砂,矽晶圓與半導體材料,high
1711,永光,矽晶圓與半導體材料,high
1762,中化生,矽晶圓與半導體材料,high
1785,光洋科,矽晶圓與半導體材料,high
1788,杏昌,矽晶圓與半導體材料,high
1808,潤隆,矽晶圓與半導體材料,high
2328,廣宇,矽晶圓與半導體材料,high
4726,永昕,矽晶圓與半導體材料,high
6182,合晶,矽晶圓與半導體材料,high
6547,高端疫苗,矽晶圓與半導體材料,high
2345,智邦,網通設備與交換器,high
2412,中華電,網通設備與交換器,high
3062,建漢,網通設備與交換器,high
3380,明泰,網通設備與交換器,high
3596,智易,網通設備與交換器,high
3704,合勤控,網通設備與交換器,high
4906,正文,網通設備與交換器,high
5388,中磊,網通設備與交換器,high
6136,富爾特,網通設備與交換器,high
6142,友勁,網通設備與交換器,high
6153,嘉聯益,網通設備與交換器,high
6285,啟碁,網通設備與交換器,high
6414,樺漢,網通設備與交換器,high
6442,光聖,網通設備與交換器,high
6456,GIS-KY,網通設備與交換器,high
8101,華冠,網通設備與交換器,high
2603,長榮,航運貨櫃與散裝,high
2605,新興,航運貨櫃與散裝,high
2606,裕民,航運貨櫃與散裝,high
2607,榮運,航運貨櫃與散裝,high
2608,嘉里大榮,航運貨櫃與散裝,high
2609,陽明,航運貨櫃與散裝,high
2610,華航,航運貨櫃與散裝,high
2611,志信,航運貨櫃與散裝,high
2612,中航,航運貨櫃與散裝,high
2613,中櫃,航運貨櫃與散裝,high
2614,東森,航運貨櫃與散裝,high
2615,萬海,航運貨櫃與散裝,high
2617,台航,航運貨櫃與散裝,high
2636,台驊控股,航運貨櫃與散裝,high
2637,慧洋-KY,航運貨櫃與散裝,high
2642,宅配通,航運貨櫃與散裝,high
5608,四維航,航運貨櫃與散裝,high
2327,國巨*,被動元件,high
2375,凱美,被動元件,high
2492,華新科,被動元件,high
3026,禾伸堂,被動元件,high
3624,光頡,被動元件,high
4935,茂林-KY,被動元件,high
6173,信昌電,被動元件,high
6215,和椿,被動元件,high
6284,佳邦,被動元件,high
6412,群電,被動元件,high
6727,亞泰金屬,被動元件,high
8042,金山電,被動元件,high
8105,凌巨,被動元件,high
1513,中興電,重電與電網設備,high
1618,合機,重電與電網設備,high
1710,東聯,重電與電網設備,high
1904,正隆,重電與電網設備,high
3483,力致,重電與電網設備,high
3576,聯合再生,重電與電網設備,high
3628,盈正,重電與電網設備,high
3686,達能,重電與電網設備,high
3691,碩禾,重電與電網設備,high
4930,燦星網,重電與電網設備,high
5283,禾聯碩,重電與電網設備,high
6120,達運,重電與電網設備,high
6244,茂迪,重電與電網設備,high
6443,元晶,重電與電網設備,high
6585,鼎基,重電與電網設備,high
9958,世紀鋼,重電與電網設備,high
2801,彰銀,金融保險,medium
2812,台中銀,金融保險,medium
2816,旺旺保,金融保險,medium
2820,華票,金融保險,medium
2832,台產,金融保險,medium
2834,臺企銀,金融保險,medium
2836,高雄銀,金融保險,medium
2838,聯邦銀,金融保險,medium
2845,遠東銀,金融保險,medium
2850,新產,金融保險,medium
2851,中再保,金融保險,medium
2852,第一保,金融保險,medium
2855,統一證,金融保險,medium
2880,華南金,金融保險,medium
2881,富邦金,金融保險,medium
2882,國泰金,金融保險,medium
2883,凱基金,金融保險,medium
2884,玉山金,金融保險,medium
2885,元大金,金融保險,medium
2886,兆豐金,金融保險,medium
2887,台新新光金,金融保險,medium
2889,國票金,金融保險,medium
2890,永豐金,金融保險,medium
2891,中信金,金融保險,medium
2892,第一金,金融保險,medium
5871,中租-KY,金融保險,medium
5880,合庫金,金融保險,medium
6005,群益證,金融保險,medium
2002,中鋼,鋼鐵金屬,medium
2006,東和鋼鐵,鋼鐵金屬,medium
2007,燁興,鋼鐵金屬,medium
2008,高興昌,鋼鐵金屬,medium
2010,春源,鋼鐵金屬,medium
2012,春雨,鋼鐵金屬,medium
2013,中鋼構,鋼鐵金屬,medium
2014,中鴻,鋼鐵金屬,medium
2015,豐興,鋼鐵金屬,medium
2017,官田鋼,鋼鐵金屬,medium
2020,美亞,鋼鐵金屬,medium
2022,聚亨,鋼鐵金屬,medium
2023,燁輝,鋼鐵金屬,medium
2024,志聯,鋼鐵金屬,medium
2025,千興,鋼鐵金屬,medium
2027,大成鋼,鋼鐵金屬,medium
2028,威致,鋼鐵金屬,medium
2029,盛餘,鋼鐵金屬,medium
2030,彰源,鋼鐵金屬,medium
2031,新光鋼,鋼鐵金屬,medium
2032,新鋼,鋼鐵金屬,medium
2033,佳大,鋼鐵金屬,medium
2034,允強,鋼鐵金屬,medium
2035,唐榮公司,鋼鐵金屬,medium
2038,海光,鋼鐵金屬,medium
2069,運錩,鋼鐵金屬,medium
5007,三星,鋼鐵金屬,medium
3045,台灣大,電信與網路服務,high
4904,遠傳,電信與網路服務,high
4977,眾達-KY,電信與網路服務,high
5287,數字,電信與網路服務,high
5345,馥鴻,電信與網路服務,high
5478,智冠,電信與網路服務,high
6112,邁達特,電信與網路服務,high
6180,橘子,電信與網路服務,high
8044,網家,電信與網路服務,high
8410,森田,電信與網路服務,high
1503,士電,電動車與車用電子,high
1519,華城,電動車與車用電子,high
1536,和大,電動車與車用電子,high
1609,大亞,電動車與車用電子,high
2201,裕隆,電動車與車用電子,high
2360,致茂,電動車與車用電子,high
2371,大同,電動車與車用電子,high
2497,怡利電,電動車與車用電子,high
3023,信邦,電動車與車用電子,high
3229,晟鈦,電動車與車用電子,high
3557,嘉威,電動車與車用電子,high
3665,貿聯-KY,電動車與車用電子,high
3708,上緯投控,電動車與車用電子,high
6409,旭隼,電動車與車用電子,high
6672,騰輝電子-KY,電動車與車用電子,high
2308,台達電,電源供應器與散熱,high
2421,建準,電源供應器與散熱,high
3017,奇鋐,電源供應器與散熱,high
3324,雙鴻,電源供應器與散熱,high
3338,泰碩,電源供應器與散熱,high
3441,聯一光電,電源供應器與散熱,high
3531,先益,電源供應器與散熱,high
3548,兆利,電源供應器與散熱,high
3653,健策,電源供應器與散熱,high
4938,和碩,電源供應器與散熱,high
6125,廣運,電源供應器與散熱,high
6207,雷科,電源供應器與散熱,high
6230,尼得科超眾,電源供應器與散熱,high
6275,元山,電源供應器與散熱,high
1201,味全,食品民生,medium
1203,味王,食品民生,medium
1210,大成,食品民生,medium
1213,大飲,食品民生,medium
1215,卜蜂,食品民生,medium
1216,統一,食品民生,medium
1217,愛之味,食品民生,medium
1218,泰山,食品民生,medium
1219,福壽,食品民生,medium
1220,台榮,食品民生,medium
1225,福懋油,食品民生,medium
1227,佳格,食品民生,medium
1229,聯華,食品民生,medium
1231,聯華食,食品民生,medium
1232,大統益,食品民生,medium
1233,天仁,食品民生,medium
1234,黑松,食品民生,medium
1235,興泰,食品民生,medium
1236,宏亞,食品民生,medium
1256,鮮活果汁-KY,食品民生,medium
1268,漢來美食,食品民生,medium
1521,大億,食品民生,medium
1522,堤維西,食品民生,medium
1524,耿鼎,食品民生,medium
1530,亞崴,食品民生,medium
1531,高林股,食品民生,medium
1532,勤美,食品民生,medium
1533,車王電,食品民生,medium
1535,中宇,食品民生,medium
1537,廣隆,食品民生,medium
1538,正峰,食品民生,medium
1539,巨庭,食品民生,medium
1540,喬福,食品民生,medium
1558,伸興,食品民生,medium
1565,精華,食品民生,medium
1568,倉佑,食品民生,medium
1582,信錦,食品民生,medium
1583,程泰,食品民生,medium
1587,吉茂,食品民生,medium
1589,永冠-KY,食品民生,medium
1590,亞德客-KY,食品民生,medium
1702,南僑,食品民生,medium
1708,東鹼,食品民生,medium
1742,台蠟,食品民生,medium
1905,華紙,食品民生,medium
1906,寶隆,食品民生,medium
1907,永豐餘,食品民生,medium
1909,榮成,食品民生,medium
2101,南港,食品民生,medium
2102,泰豐,食品民生,medium
2103,台橡,食品民生,medium
2104,國際中橡,食品民生,medium
2105,正新,食品民生,medium
2106,建大,食品民生,medium
2107,厚生,食品民生,medium
2108,南帝,食品民生,medium
2109,華豐,食品民生,medium
2114,鑫永銓,食品民生,medium
2115,六暉-KY,食品民生,medium
2204,中華,食品民生,medium
2206,三陽工業,食品民生,medium
2207,和泰車,食品民生,medium
2227,裕日車,食品民生,medium
2228,劍麟,食品民生,medium
2230,泰茂,食品民生,medium
2231,為升,食品民生,medium
2233,宇隆,食品民生,medium
2235,謚源,食品民生,medium
2236,百達-KY,食品民生,medium
2239,英利-KY,食品民生,medium
2241,艾姆勒,食品民生,medium
2243,宏旭-KY,食品民生,medium
2247,汎德永業,食品民生,medium
2250,IKKA-KY,食品民生,medium
2301,光寶科,食品民生,medium
2302,麗正,食品民生,medium
