strategy,base_concentration_band,relative_change_band,events,signal_dates,mean_20d_pct,mean_net_20d_pct,median_20d_pct,win_rate_20d_pct,mean_60d_pct,mean_net_60d_pct,median_60d_pct,win_rate_60d_pct,mean_120d_pct,mean_net_120d_pct,median_120d_pct,win_rate_120d_pct
breakout_20d,<40%,<-5%,448,246,0.034,-0.566,-1.754,40.716,2.526,1.926,-2.859,43.527,6.644,6.044,-3.787,44.42
breakout_20d,<40%,-5~-1%,656,290,0.094,-0.506,-1.788,43.293,3.647,3.047,-0.724,47.256,9.385,8.785,0.19,50.457
breakout_20d,<40%,-1~0%,388,231,0.8,0.2,-1.369,43.814,4.499,3.899,-2.083,44.588,10.639,10.039,-0.341,49.227
breakout_20d,<40%,0~1%,683,310,1.116,0.516,-1.094,43.924,5.717,5.117,-0.622,47.877,11.646,11.046,0.617,50.659
breakout_20d,<40%,1~5%,980,345,0.442,-0.158,-1.482,42.186,4.29,3.69,-0.677,47.702,10.791,10.191,0.889,51.837
breakout_20d,<40%,5~10%,478,254,1.235,0.635,-2.227,42.678,3.93,3.33,-2.163,45.188,8.388,7.788,-1.164,48.745
breakout_20d,<40%,>=10%,431,242,0.935,0.335,-2.123,43.155,5.537,4.937,0.338,50.348,14.302,13.702,1.399,52.436
breakout_20d,40~60%,<-5%,268,177,1.5,0.9,-0.601,47.761,6.321,5.721,-2.263,45.896,8.531,7.931,-3.648,44.03
breakout_20d,40~60%,-5~-1%,987,343,0.715,0.115,-1.375,43.712,2.916,2.316,-1.881,45.842,7.268,6.668,-1.605,47.315
breakout_20d,40~60%,-1~0%,856,338,1.2,0.6,-0.37,47.78,2.028,1.428,-1.333,46.729,6.597,5.997,-0.67,48.715
breakout_20d,40~60%,0~1%,1149,369,0.759,0.159,-1.368,44.386,3.184,2.584,-1.946,45.692,7.901,7.301,-1.648,46.562
breakout_20d,40~60%,1~5%,1488,385,1.047,0.447,-0.836,45.528,4.996,4.396,-0.448,48.487,8.95,8.35,-0.945,47.917
breakout_20d,40~60%,5~10%,371,226,0.785,0.185,-1.916,42.857,6.842,6.242,-1.581,47.978,14.848,14.248,-2.269,46.9
breakout_20d,40~60%,>=10%,118,91,1.37,0.77,-0.878,45.763,2.073,1.473,-1.585,43.59,10.935,10.335,3.412,53.39
breakout_20d,60~80%,<-5%,87,77,3.552,2.952,0.966,54.023,7.586,6.986,-2.954,47.126,11.134,10.534,-6.798,42.529
breakout_20d,60~80%,-5~-1%,770,331,0.633,0.033,-0.762,46.424,4.444,3.844,-0.431,48.182,11.12,10.52,1.063,52.468
breakout_20d,60~80%,-1~0%,1399,385,0.538,-0.062,-0.459,46.815,1.799,1.199,-0.839,47.888,5.577,4.977,0.625,50.822
breakout_20d,60~80%,0~1%,1798,413,0.657,0.057,-0.504,46.663,3.527,2.927,0.863,52.113,8.119,7.519,1.985,54.394
breakout_20d,60~80%,1~5%,1373,387,1.122,0.522,-0.849,45.375,3.801,3.201,-0.45,48.871,7.767,7.167,1.382,52.076
breakout_20d,60~80%,5~10%,136,104,1.714,1.114,-0.621,48.529,10.188,9.588,0.54,50.735,18.932,18.332,2.389,51.471
breakout_20d,60~80%,>=10%,23,22,6.281,5.681,4.516,60.87,12.736,12.136,8.644,69.565,38.908,38.308,3.871,65.217
breakout_20d,>=80%,<-5%,11,11,0.939,0.339,-4.887,36.364,2.253,1.653,-8.175,27.273,4.787,4.187,-6.27,45.455
breakout_20d,>=80%,-5~-1%,110,90,1.765,1.165,-1.443,45.455,6.016,5.416,0.541,51.818,15.049,14.449,1.513,52.727
breakout_20d,>=80%,-1~0%,608,292,0.037,-0.563,-0.756,45.559,2.423,1.823,0.627,52.303,6.971,6.371,2.352,55.757
breakout_20d,>=80%,0~1%,1057,356,0.949,0.349,-0.115,48.628,3.695,3.095,1.432,54.115,7.015,6.415,2.188,55.913
breakout_20d,>=80%,1~5%,199,143,2.297,1.697,-0.118,48.744,9.863,9.263,0.0,49.749,14.352,13.752,2.985,53.266
breakout_20d,>=80%,5~10%,5,5,3.79,3.19,-3.825,40.0,16.074,15.474,16.331,60.0,7.969,7.369,0.794,60.0
breakout_60d,<40%,<-5%,236,165,-0.919,-1.519,-2.928,36.17,2.04,1.44,-3.13,42.797,6.266,5.666,-5.241,41.525
breakout_60d,<40%,-5~-1%,305,187,0.306,-0.294,-2.228,44.262,6.189,5.589,-0.501,47.541,11.615,11.015,1.355,52.787
breakout_60d,<40%,-1~0%,182,135,0.677,0.077,-0.585,45.604,6.728,6.128,-1.166,48.352,15.366,14.766,1.912,54.396
breakout_60d,<40%,0~1%,352,227,1.235,0.635,-1.755,42.898,6.773,6.173,-0.841,46.875,13.88,13.28,0.769,50.568
breakout_60d,<40%,1~5%,548,264,0.751,0.151,-1.346,42.336,6.579,5.979,0.0,49.543,13.353,12.753,3.619,55.839
breakout_60d,<40%,5~10%,329,213,0.582,-0.018,-2.339,42.857,3.324,2.724,-2.086,44.681,7.631,7.031,-0.485,48.936
breakout_60d,<40%,>=10%,326,202,1.057,0.457,-2.389,42.638,5.971,5.371,0.119,50.0,14.229,13.629,2.594,54.601
breakout_60d,40~60%,<-5%,150,115,2.291,1.691,-0.677,48.667,8.537,7.937,-2.021,46.0,7.169,6.569,-4.365,42.0
breakout_60d,40~60%,-5~-1%,437,240,0.98,0.38,-1.506,43.578,3.118,2.518,-2.009,45.309,5.651,5.051,-1.878,47.14
breakout_60d,40~60%,-1~0%,420,242,1.544,0.944,-0.975,46.667,2.58,1.98,-0.343,49.048,7.66,7.06,-0.983,48.571
breakout_60d,40~60%,0~1%,605,295,1.543,0.943,-1.368,45.124,4.773,4.173,-1.262,47.107,13.443,12.843,0.024,50.083
breakout_60d,40~60%,1~5%,987,354,0.931,0.331,-0.986,44.625,5.296,4.696,-0.101,49.341,9.43,8.83,-0.287,49.443
breakout_60d,40~60%,5~10%,304,196,0.477,-0.123,-2.481,41.447,7.271,6.671,-1.666,47.368,17.043,16.443,-2.122,47.039
breakout_60d,40~60%,>=10%,109,84,1.278,0.678,-0.681,46.789,1.479,0.879,-2.304,41.667,10.751,10.151,3.853,55.046
breakout_60d,60~80%,<-5%,54,54,0.323,-0.277,-2.296,46.296,7.156,6.556,-4.832,42.593,11.033,10.433,-12.992,31.481
breakout_60d,60~80%,-5~-1%,334,202,0.375,-0.225,-1.316,45.045,5.381,4.781,-0.499,48.802,14.812,14.212,1.404,53.593
breakout_60d,60~80%,-1~0%,660,303,0.22,-0.38,-0.745,44.158,1.978,1.378,-1.269,46.515,6.019,5.419,1.359,52.424
breakout_60d,60~80%,0~1%,1105,359,0.496,-0.104,-0.659,45.792,3.603,3.003,0.741,51.674,9.397,8.797,3.016,57.014
breakout_60d,60~80%,1~5%,1013,353,1.122,0.522,-0.87,45.41,3.957,3.357,-0.376,49.062,8.101,7.501,2.242,53.011
breakout_60d,60~80%,5~10%,123,96,0.891,0.291,-1.003,47.154,11.133,10.533,0.97,51.22,19.306,18.706,-0.11,49.593
breakout_60d,60~80%,>=10%,22,21,4.793,4.193,2.675,59.091,11.07,10.47,8.221,68.182,37.186,36.586,2.867,63.636
breakout_60d,>=80%,<-5%,11,11,0.939,0.339,-4.887,36.364,2.253,1.653,-8.175,27.273,4.787,4.187,-6.27,45.455
breakout_60d,>=80%,-5~-1%,57,51,4.599,3.999,1.697,56.14,13.492,12.892,5.664,59.649,31.247,30.647,10.704,66.667
breakout_60d,>=80%,-1~0%,296,192,-0.841,-1.441,-0.989,45.608,2.534,1.934,1.089,54.054,6.253,5.653,3.017,58.446
breakout_60d,>=80%,0~1%,704,310,0.89,0.29,-0.455,47.443,3.856,3.256,1.298,53.267,7.06,6.46,1.767,55.256
breakout_60d,>=80%,1~5%,171,122,2.857,2.257,0.272,50.292,8.441,7.841,1.688,50.877,12.145,11.545,2.985,53.801
breakout_60d,>=80%,5~10%,5,5,3.79,3.19,-3.825,40.0,16.074,15.474,16.331,60.0,7.969,7.369,0.794,60.0
dip_10_20d_above_ma240,<40%,<-5%,1184,327,1.852,1.252,0.485,51.648,3.586,2.986,0.095,50.085,6.407,5.807,-1.619,47.044
dip_10_20d_above_ma240,<40%,-5~-1%,694,272,2.139,1.539,0.604,52.45,3.829,3.229,-1.272,45.965,7.051,6.451,-3.612,43.948
dip_10_20d_above_ma240,<40%,-1~0%,372,209,1.022,0.422,-0.287,47.978,2.603,2.003,-2.354,43.28,6.885,6.285,-2.042,44.892
dip_10_20d_above_ma240,<40%,0~1%,654,248,2.757,2.157,0.823,51.988,4.159,3.559,-1.075,47.473,8.486,7.886,-0.678,49.083
dip_10_20d_above_ma240,<40%,1~5%,451,212,2.963,2.363,0.89,53.215,5.599,4.999,-0.199,49.667,12.438,11.838,-0.174,49.667
dip_10_20d_above_ma240,<40%,5~10%,263,145,1.534,0.934,-0.194,49.049,4.584,3.984,-1.429,44.867,13.571,12.971,-1.659,47.529
dip_10_20d_above_ma240,<40%,>=10%,181,117,4.373,3.773,1.367,58.564,7.725,7.125,-0.254,49.444,24.29,23.69,2.978,53.591
dip_10_20d_above_ma240,40~60%,<-5%,1082,334,1.705,1.105,0.0,49.908,3.899,3.299,-1.345,46.858,6.532,5.932,-4.026,43.808
dip_10_20d_above_ma240,40~60%,-5~-1%,1375,351,0.965,0.365,-0.19,48.907,3.237,2.637,-1.101,47.453,7.59,6.99,-1.317,47.709
dip_10_20d_above_ma240,40~60%,-1~0%,619,265,2.33,1.73,0.904,53.635,2.248,1.648,-1.124,46.365,4.307,3.707,-3.291,42.811
dip_10_20d_above_ma240,40~60%,0~1%,720,289,1.083,0.483,-0.758,47.222,3.314,2.714,-0.618,47.983,4.115,3.515,-4.216,43.889
dip_10_20d_above_ma240,40~60%,1~5%,565,231,3.142,2.542,1.175,53.191,6.106,5.506,0.911,52.22,9.103,8.503,0.526,50.619
dip_10_20d_above_ma240,40~60%,5~10%,100,80,2.85,2.25,1.148,53.0,1.554,0.954,-1.52,47.0,5.346,4.746,-0.345,50.0
dip_10_20d_above_ma240,40~60%,>=10%,34,32,0.079,-0.521,1.021,52.941,-2.553,-3.153,-1.908,47.059,4.568,3.968,-6.981,38.235
dip_10_20d_above_ma240,60~80%,<-5%,526,243,0.286,-0.314,-1.602,43.726,3.54,2.94,-1.62,47.048,7.728,7.128,-2.675,44.487
dip_10_20d_above_ma240,60~80%,-5~-1%,1714,376,2.302,1.702,0.403,51.167,6.052,5.452,1.454,53.329,11.404,10.804,0.233,50.408
dip_10_20d_above_ma240,60~80%,-1~0%,918,306,1.311,0.711,0.355,50.871,4.869,4.269,-0.674,47.168,9.377,8.777,0.272,50.218
dip_10_20d_above_ma240,60~80%,0~1%,767,275,1.395,0.795,0.5,51.108,3.278,2.678,-1.58,46.736,5.492,4.892,-0.133,49.544
dip_10_20d_above_ma240,60~80%,1~5%,365,183,1.802,1.202,0.904,53.425,4.395,3.795,0.971,52.198,6.535,5.935,1.382,51.507
dip_10_20d_above_ma240,60~80%,5~10%,12,12,-4.437,-5.037,-8.211,25.0,-1.163,-1.763,-9.547,33.333,14.702,14.102,-4.037,50.0
dip_10_20d_above_ma240,60~80%,>=10%,4,4,0.79,0.19,-2.938,50.0,8.301,7.701,8.641,75.0,36.595,35.995,54.877,75.0
dip_10_20d_above_ma240,>=80%,<-5%,41,39,-1.417,-2.017,-5.996,31.707,4.115,3.515,-3.825,43.902,13.336,12.736,-0.935,48.78
dip_10_20d_above_ma240,>=80%,-5~-1%,433,220,1.429,0.829,-0.101,49.192,6.803,6.203,1.843,53.58,16.495,15.895,0.208,50.346
dip_10_20d_above_ma240,>=80%,-1~0%,532,234,2.369,1.769,0.943,53.672,4.469,3.869,1.328,53.571,8.63,8.03,-1.16,47.368
dip_10_20d_above_ma240,>=80%,0~1%,216,138,0.958,0.358,-0.502,45.37,2.866,2.266,-1.781,44.907,8.736,8.136,-4.978,42.593
dip_10_20d_above_ma240,>=80%,1~5%,32,31,6.098,5.498,6.548,65.625,7.158,6.558,3.378,59.375,3.572,2.972,-0.635,46.875
dip_5_10d_above_ma240,<40%,<-5%,1394,388,1.801,1.201,0.0,49.713,4.921,4.321,-0.376,49.211,9.524,8.924,-1.278,47.991
dip_5_10d_above_ma240,<40%,-5~-1%,1030,350,1.025,0.425,-0.502,46.984,3.644,3.044,-1.587,45.384,7.719,7.119,-2.046,46.505
dip_5_10d_above_ma240,<40%,-1~0%,485,262,0.283,-0.317,-0.801,46.186,0.1,-0.5,-4.105,39.669,4.893,4.293,-3.444,42.474
dip_5_10d_above_ma240,<40%,0~1%,782,325,0.932,0.332,-0.783,47.187,1.653,1.053,-2.841,43.223,5.673,5.073,-3.176,44.118
dip_5_10d_above_ma240,<40%,1~5%,707,287,1.854,1.254,0.0,49.929,5.758,5.158,0.563,50.919,10.21,9.61,-0.526,48.515
dip_5_10d_above_ma240,<40%,5~10%,323,201,0.043,-0.557,-0.657,46.13,3.077,2.477,-1.083,47.368,11.247,10.647,0.72,52.322
dip_5_10d_above_ma240,<40%,>=10%,223,165,3.549,2.949,-0.105,48.649,5.284,4.684,0.478,50.45,7.783,7.183,-3.138,42.152
dip_5_10d_above_ma240,40~60%,<-5%,1040,346,1.196,0.596,-0.786,45.91,3.062,2.462,-2.093,43.558,6.182,5.582,-4.501,41.058
dip_5_10d_above_ma240,40~60%,-5~-1%,2102,399,1.201,0.601,0.0,49.572,3.533,2.933,-0.392,48.358,7.18,6.58,-1.436,47.146
dip_5_10d_above_ma240,40~60%,-1~0%,1072,351,0.971,0.371,0.211,50.794,3.251,2.651,-0.389,49.206,7.665,7.065,-1.088,47.761
dip_5_10d_above_ma240,40~60%,0~1%,1041,351,0.652,0.052,-0.523,46.398,2.472,1.872,-1.65,44.284,4.696,4.096,-3.141,44.38
dip_5_10d_above_ma240,40~60%,1~5%,846,325,1.845,1.245,0.223,50.236,5.066,4.466,-0.564,47.991,8.002,7.402,-0.21,49.291
dip_5_10d_above_ma240,40~60%,5~10%,138,118,0.263,-0.337,-0.563,47.101,2.917,2.317,-0.652,48.551,4.989,4.389,-0.619,49.275
dip_5_10d_above_ma240,40~60%,>=10%,33,29,-0.152,-0.752,1.147,51.515,0.816,0.216,-5.741,36.364,3.037,2.437,-9.449,33.333
dip_5_10d_above_ma240,60~80%,<-5%,438,233,2.016,1.416,0.0,48.858,4.683,4.083,-0.835,48.174,10.873,10.273,-1.066,47.945
dip_5_10d_above_ma240,60~80%,-5~-1%,2417,421,2.135,1.535,0.894,53.767,4.642,4.042,0.858,52.091,8.766,8.166,1.045,51.8
dip_5_10d_above_ma240,60~80%,-1~0%,1710,400,1.483,0.883,0.81,54.476,4.176,3.576,0.877,52.927,7.714,7.114,1.683,53.918
dip_5_10d_above_ma240,60~80%,0~1%,1361,370,1.264,0.664,0.562,52.168,3.613,3.013,0.289,50.845,5.921,5.321,0.297,50.625
dip_5_10d_above_ma240,60~80%,1~5%,604,286,2.031,1.431,0.782,52.98,3.577,2.977,-0.873,47.43,8.679,8.079,0.355,50.662
dip_5_10d_above_ma240,60~80%,5~10%,31,30,5.123,4.523,0.498,51.613,3.417,2.817,-0.967,48.387,12.824,12.224,-0.218,48.387
dip_5_10d_above_ma240,60~80%,>=10%,4,4,27.257,26.657,22.712,75.0,9.732,9.132,9.191,50.0,20.42,19.82,16.432,50.0
dip_5_10d_above_ma240,>=80%,<-5%,29,28,-1.947,-2.547,-3.943,37.931,-0.254,-0.854,-6.487,37.931,4.547,3.947,-3.478,44.828
dip_5_10d_above_ma240,>=80%,-5~-1%,538,282,1.239,0.639,0.0,49.814,5.575,4.975,2.147,55.762,13.55,12.95,3.49,55.39
dip_5_10d_above_ma240,>=80%,-1~0%,1295,377,0.982,0.382,0.603,52.664,2.828,2.228,1.24,53.328,6.281,5.681,0.636,51.815
dip_5_10d_above_ma240,>=80%,0~1%,568,270,1.384,0.784,0.821,54.049,4.037,3.437,0.759,52.289,6.208,5.608,1.025,52.641
dip_5_10d_above_ma240,>=80%,1~5%,64,56,-0.162,-0.762,0.54,51.562,1.828,1.228,0.846,51.562,-0.75,-1.35,-2.249,43.75
low_1m,<40%,<-5%,6824,451,1.63,1.03,0.344,51.217,3.967,3.367,0.0,49.699,8.241,7.641,-0.912,48.359
low_1m,<40%,-5~-1%,6479,440,1.577,0.977,0.426,51.482,3.567,2.967,-0.444,48.556,7.979,7.379,-0.31,49.313
low_1m,<40%,-1~0%,3411,432,1.014,0.414,-0.338,48.166,1.92,1.32,-1.761,44.66,5.78,5.18,-2.209,45.764
low_1m,<40%,0~1%,5266,441,1.461,0.861,-0.172,48.774,3.318,2.718,-0.95,47.605,6.899,6.299,-1.24,47.759
low_1m,<40%,1~5%,4123,432,1.883,1.283,0.724,53.008,5.091,4.491,0.495,50.959,9.337,8.737,-0.177,49.503
low_1m,<40%,5~10%,1686,397,1.866,1.266,0.0,49.941,5.417,4.817,-0.117,49.703,11.069,10.469,0.862,51.601
low_1m,<40%,>=10%,1310,366,2.748,2.148,0.253,51.069,6.671,6.071,0.525,50.765,14.494,13.894,0.555,51.298
low_1m,40~60%,<-5%,4752,448,1.334,0.734,0.0,49.305,2.747,2.147,-1.501,45.854,5.128,4.528,-3.366,43.855
low_1m,40~60%,-5~-1%,11834,451,1.46,0.86,0.438,52.013,3.593,2.993,0.142,50.173,6.991,6.391,-0.26,49.29
low_1m,40~60%,-1~0%,7018,445,1.361,0.761,0.24,50.834,2.901,2.301,-0.397,48.745,5.789,5.189,-0.769,48.276
low_1m,40~60%,0~1%,7034,444,1.204,0.604,0.0,49.886,3.414,2.814,-0.362,48.912,5.412,4.812,-0.888,47.981
low_1m,40~60%,1~5%,4948,445,1.534,0.934,0.11,50.101,4.612,4.012,0.315,50.597,7.846,7.246,0.164,50.283
low_1m,40~60%,5~10%,763,326,1.311,0.711,0.372,50.983,3.283,2.683,-0.931,46.063,5.503,4.903,-2.075,46.527
low_1m,40~60%,>=10%,215,147,1.523,0.923,1.577,53.023,2.508,1.908,-1.482,46.047,8.102,7.502,-0.741,49.302
low_1m,60~80%,<-5%,2157,430,0.699,0.099,-0.68,46.129,3.354,2.754,-0.723,48.329,7.618,7.018,-1.843,46.407
low_1m,60~80%,-5~-1%,12186,452,1.57,0.97,0.658,52.651,3.85,3.25,0.91,52.414,8.388,7.788,1.01,51.838
low_1m,60~80%,-1~0%,11688,452,1.032,0.432,0.59,53.288,3.222,2.622,0.971,53.557,6.118,5.518,1.674,53.85
low_1m,60~80%,0~1%,8404,449,1.051,0.451,0.498,52.256,2.777,2.177,0.356,50.988,5.711,5.111,0.79,51.606
low_1m,60~80%,1~5%,3513,437,1.463,0.863,0.642,52.249,3.814,3.214,0.5,51.012,7.608,7.008,0.749,51.409
low_1m,60~80%,5~10%,176,136,2.531,1.931,1.804,52.841,6.042,5.442,-0.249,50.0,13.019,12.419,1.022,51.705
low_1m,60~80%,>=10%,25,25,3.224,2.624,-4.219,44.0,6.341,5.741,-2.11,48.0,24.18,23.58,-2.647,48.0
low_1m,>=80%,<-5%,348,224,0.587,-0.013,-2.024,41.379,0.467,-0.133,-4.785,37.356,4.222,3.622,-4.761,37.644
low_1m,>=80%,-5~-1%,2695,439,1.102,0.502,0.386,51.468,4.136,3.536,0.869,52.567,8.948,8.348,1.043,51.985
low_1m,>=80%,-1~0%,7641,449,1.168,0.568,0.52,52.743,2.615,2.015,1.011,53.712,5.848,5.248,1.529,53.841
low_1m,>=80%,0~1%,3866,447,1.032,0.432,0.489,52.497,3.001,2.401,0.98,53.287,6.34,5.74,1.73,54.061
low_1m,>=80%,1~5%,415,236,0.619,0.019,0.588,51.807,3.268,2.668,1.074,53.494,8.843,8.243,1.715,52.53
low_1m,>=80%,5~10%,2,2,-5.889,-6.489,-5.889,0.0,-6.436,-7.036,-6.436,0.0,-7.806,-8.406,-7.806,0.0
low_1m,>=80%,>=10%,3,3,4.058,3.458,4.828,66.667,-20.361,-20.961,-26.724,0.0,-15.587,-16.187,-20.862,33.333
low_3m,<40%,<-5%,5216,446,1.919,1.319,0.688,52.84,3.127,2.527,-0.294,49.28,6.645,6.045,-0.514,49.041
low_3m,<40%,-5~-1%,5543,443,1.697,1.097,0.704,53.023,2.682,2.082,-0.53,48.402,6.549,5.949,-0.994,47.736
low_3m,<40%,-1~0%,2875,433,0.819,0.219,-0.104,49.147,1.042,0.442,-1.667,45.071,4.071,3.471,-3.014,44.174
low_3m,<40%,0~1%,4242,433,1.823,1.223,0.0,49.469,2.736,2.136,-1.083,46.956,5.708,5.108,-1.598,46.865
low_3m,<40%,1~5%,3362,425,1.822,1.222,0.87,53.288,3.255,2.655,-0.821,47.914,7.236,6.636,-1.523,46.371
low_3m,<40%,5~10%,1189,346,0.982,0.382,0.034,50.0,2.738,2.138,-1.263,47.094,8.412,7.812,-0.791,48.949
low_3m,<40%,>=10%,849,318,2.383,1.783,0.393,51.001,4.962,4.362,-0.642,47.995,10.718,10.118,-0.412,48.881
low_3m,40~60%,<-5%,3476,445,1.217,0.617,0.0,49.554,2.078,1.478,-1.131,46.734,4.354,3.754,-3.125,44.361
low_3m,40~60%,-5~-1%,10224,451,1.565,0.965,0.659,52.931,2.773,2.173,0.14,50.196,5.657,5.057,-0.46,48.836
low_3m,40~60%,-1~0%,5965,447,1.38,0.78,0.446,52.172,1.871,1.271,-0.628,47.953,4.768,4.168,-0.84,47.98
low_3m,40~60%,0~1%,5402,445,1.634,1.034,0.49,51.861,2.858,2.258,-0.288,49.093,4.695,4.095,-0.777,48.278
low_3m,40~60%,1~5%,3361,431,1.676,1.076,0.461,51.532,2.897,2.297,-0.474,48.407,5.109,4.509,-1.757,46.712
low_3m,40~60%,5~10%,384,233,1.668,1.068,0.17,50.521,2.928,2.328,-0.452,48.564,4.643,4.043,-2.517,45.573
low_3m,40~60%,>=10%,101,80,1.348,0.748,0.109,50.495,-0.096,-0.696,-4.24,41.584,4.987,4.387,-3.476,43.564
low_3m,60~80%,<-5%,1600,414,0.621,0.021,-0.452,47.375,2.738,2.138,0.178,50.219,6.422,5.822,-0.936,48.25
low_3m,60~80%,-5~-1%,10627,451,1.394,0.794,0.769,53.431,2.965,2.365,0.879,52.341,6.545,5.945,0.673,51.341
low_3m,60~80%,-1~0%,10290,448,0.896,0.296,0.569,53.272,2.385,1.785,0.718,52.402,4.804,4.204,1.035,52.381
low_3m,60~80%,0~1%,6145,439,0.986,0.386,0.629,52.865,1.854,1.254,-0.114,49.316,4.19,3.59,-0.489,48.853
low_3m,60~80%,1~5%,1928,407,1.15,0.55,0.367,51.064,2.986,2.386,0.0,49.558,6.111,5.511,-0.326,49.326
low_3m,60~80%,5~10%,56,49,2.005,1.405,-0.387,48.214,0.234,-0.366,-5.652,42.857,0.525,-0.075,-2.269,44.643
low_3m,60~80%,>=10%,6,6,-0.744,-1.344,-3.101,50.0,-5.157,-5.757,-14.263,16.667,-0.307,-0.907,-15.832,16.667
low_3m,>=80%,<-5%,292,205,0.56,-0.04,-1.606,42.808,-0.791,-1.391,-3.735,38.356,1.272,0.672,-6.321,35.274
low_3m,>=80%,-5~-1%,2233,432,0.559,-0.041,0.275,50.74,2.232,1.632,0.216,50.382,5.497,4.897,0.307,50.873
low_3m,>=80%,-1~0%,6965,451,0.97,0.37,0.491,52.614,2.141,1.541,0.885,53.433,5.263,4.663,1.415,53.539
low_3m,>=80%,0~1%,2512,422,1.319,0.719,0.707,53.923,3.527,2.927,1.191,53.963,6.015,5.415,1.641,53.543
low_3m,>=80%,1~5%,186,126,2.949,2.349,2.099,59.14,5.591,4.991,2.697,61.29,10.198,9.598,2.996,54.301
low_3m,>=80%,5~10%,1,1,-7.914,-8.514,-7.914,0.0,-1.439,-2.039,-1.439,0.0,-12.23,-12.83,-12.23,0.0
low_3m,>=80%,>=10%,3,3,2.294,1.694,2.422,66.667,-29.055,-29.655,-27.509,0.0,-7.824,-8.424,-13.495,33.333
low_6m,<40%,<-5%,4218,442,1.779,1.179,0.69,52.644,2.654,2.054,-0.508,48.789,5.393,4.793,-1.238,47.392
low_6m,<40%,-5~-1%,5094,444,1.367,0.767,0.493,51.925,2.383,1.783,-0.714,47.859,5.238,4.638,-1.63,46.702
low_6m,<40%,-1~0%,2758,428,0.637,0.037,-0.332,48.167,0.747,0.147,-1.683,45.154,3.154,2.554,-3.141,44.017
low_6m,<40%,0~1%,3912,442,1.289,0.689,-0.174,48.721,1.963,1.363,-1.216,46.189,3.311,2.711,-2.46,44.99
low_6m,<40%,1~5%,3259,425,1.076,0.476,0.431,51.458,1.849,1.249,-1.242,46.572,4.188,3.588,-2.302,45.014
low_6m,<40%,5~10%,1055,340,0.811,0.211,-0.299,48.433,2.238,1.638,-1.391,46.825,5.874,5.274,-1.641,48.057
low_6m,<40%,>=10%,681,293,1.667,1.067,0.238,50.661,3.259,2.659,-1.976,46.471,7.499,6.899,-1.09,47.43
low_6m,40~60%,<-5%,2532,440,1.154,0.554,0.138,50.178,1.948,1.348,-1.083,46.327,4.556,3.956,-2.576,45.419
low_6m,40~60%,-5~-1%,8796,453,1.479,0.879,0.625,52.821,2.648,2.048,0.102,50.051,4.69,4.09,-0.409,48.931
low_6m,40~60%,-1~0%,5608,448,1.105,0.505,0.348,51.347,1.58,0.98,-0.654,47.823,3.751,3.151,-0.95,47.557
low_6m,40~60%,0~1%,5141,448,0.873,0.273,0.164,50.36,2.25,1.65,-0.631,47.996,3.67,3.07,-1.246,47.364
low_6m,40~60%,1~5%,3192,435,0.66,0.06,-0.117,48.855,1.362,0.762,-0.987,47.083,2.685,2.085,-2.255,45.771
low_6m,40~60%,5~10%,302,197,-0.307,-0.907,-0.536,46.026,0.943,0.343,-0.535,48.505,1.048,0.448,-4.857,41.06
low_6m,40~60%,>=10%,79,64,1.919,1.319,0.0,49.367,0.842,0.242,-1.198,45.57,5.449,4.849,-3.974,43.038
low_6m,60~80%,<-5%,1158,403,0.362,-0.238,-0.518,46.586,2.49,1.89,0.396,50.95,4.495,3.895,-1.353,48.1
low_6m,60~80%,-5~-1%,8581,453,1.388,0.788,0.813,53.597,2.483,1.883,0.623,51.5,5.124,4.524,0.172,50.239
low_6m,60~80%,-1~0%,9088,451,0.754,0.154,0.457,52.471,1.809,1.209,0.385,50.997,3.558,2.958,0.64,51.353
low_6m,60~80%,0~1%,5660,445,0.752,0.152,0.424,51.582,1.231,0.631,-0.662,47.507,2.948,2.348,-1.303,46.996
low_6m,60~80%,1~5%,1801,404,0.86,0.26,0.241,50.389,1.904,1.304,-0.697,48.36,3.087,2.487,-2.337,45.308
low_6m,60~80%,5~10%,50,45,2.429,1.829,1.514,54.0,-0.002,-0.602,-7.2,40.0,-3.85,-4.45,-9.855,42.0
low_6m,60~80%,>=10%,6,6,-3.194,-3.794,-9.679,33.333,-7.004,-7.604,-14.263,16.667,-4.479,-5.079,-18.854,16.667
low_6m,>=80%,<-5%,267,194,0.219,-0.381,-1.99,40.824,-1.621,-2.221,-4.728,36.704,-1.712,-2.312,-7.692,34.082
low_6m,>=80%,-5~-1%,1670,414,0.608,0.008,0.38,51.561,2.077,1.477,0.0,49.578,3.619,3.019,-0.362,49.401
low_6m,>=80%,-1~0%,5919,451,0.911,0.311,0.344,51.538,1.87,1.27,0.604,52.256,4.375,3.775,1.29,53.202
low_6m,>=80%,0~1%,2390,415,1.067,0.467,0.854,54.229,3.287,2.687,1.646,54.374,4.783,4.183,1.445,53.264
low_6m,>=80%,1~5%,174,125,1.774,1.174,0.913,56.897,4.343,3.743,2.489,59.195,9.983,9.383,4.877,56.322
low_6m,>=80%,>=10%,3,3,2.294,1.694,2.422,66.667,-29.055,-29.655,-27.509,0.0,-7.824,-8.424,-13.495,33.333
ma20_reclaim_uptrend,<40%,<-5%,215,136,-0.124,-0.724,-1.633,44.651,4.546,3.946,-1.973,44.86,10.973,10.373,1.149,53.023
ma20_reclaim_uptrend,<40%,-5~-1%,269,180,0.952,0.352,-1.485,43.866,4.859,4.259,-1.804,46.269,11.415,10.815,3.241,53.903
ma20_reclaim_uptrend,<40%,-1~0%,118,98,2.864,2.264,1.832,55.556,4.684,4.084,-3.378,42.373,4.205,3.605,-2.888,48.305
ma20_reclaim_uptrend,<40%,0~1%,240,161,1.13,0.53,-2.431,40.0,4.701,4.101,-2.259,44.167,12.94,12.34,-3.239,45.833
ma20_reclaim_uptrend,<40%,1~5%,217,143,-0.089,-0.689,-1.362,45.622,5.317,4.717,-0.502,47.465,10.785,10.185,1.117,52.535
ma20_reclaim_uptrend,<40%,5~10%,110,85,4.55,3.95,0.795,52.727,7.854,7.254,-0.925,47.273,9.965,9.365,-0.921,45.455
ma20_reclaim_uptrend,<40%,>=10%,83,74,4.439,3.839,-1.81,38.554,4.459,3.859,-3.068,40.964,12.259,11.659,3.562,54.217
ma20_reclaim_uptrend,40~60%,<-5%,182,126,1.337,0.737,-1.741,45.604,4.695,4.095,-0.971,46.703,8.69,8.09,-1.966,46.703
ma20_reclaim_uptrend,40~60%,-5~-1%,415,219,0.71,0.11,-0.57,45.783,4.521,3.921,-0.84,48.193,10.439,9.839,0.517,50.361
ma20_reclaim_uptrend,40~60%,-1~0%,307,195,1.231,0.631,0.0,47.883,2.897,2.297,-0.792,47.883,5.956,5.356,0.714,50.163
ma20_reclaim_uptrend,40~60%,0~1%,347,205,0.501,-0.099,-1.46,40.922,4.051,3.451,-1.569,44.957,8.171,7.571,-0.353,48.415
ma20_reclaim_uptrend,40~60%,1~5%,395,219,0.789,0.189,-1.019,43.544,4.457,3.857,-1.646,47.342,7.947,7.347,-0.647,47.848
ma20_reclaim_uptrend,40~60%,5~10%,65,56,1.745,1.145,-0.364,49.231,3.791,3.191,-1.411,46.154,19.72,19.12,4.271,56.923
ma20_reclaim_uptrend,40~60%,>=10%,14,14,4.731,4.131,-4.915,42.857,5.448,4.848,-0.675,50.0,0.011,-0.589,-1.56,42.857
ma20_reclaim_uptrend,60~80%,<-5%,65,57,4.559,3.959,-1.038,41.538,12.046,11.446,-2.087,47.692,18.676,18.076,3.049,53.846
ma20_reclaim_uptrend,60~80%,-5~-1%,434,225,0.465,-0.135,-1.389,44.931,3.635,3.035,-0.662,47.465,9.29,8.69,-0.582,48.618
ma20_reclaim_uptrend,60~80%,-1~0%,522,258,2.226,1.626,0.84,54.038,4.716,4.116,1.918,57.471,8.132,7.532,4.124,58.621
ma20_reclaim_uptrend,60~80%,0~1%,614,282,1.292,0.692,0.0,49.674,3.816,3.216,0.944,53.909,7.053,6.453,1.56,53.909
ma20_reclaim_uptrend,60~80%,1~5%,378,226,1.008,0.408,-0.369,47.354,3.97,3.37,0.821,52.116,7.54,6.94,0.911,52.381
ma20_reclaim_uptrend,60~80%,5~10%,29,27,1.932,1.332,-2.516,41.379,2.798,2.198,-1.635,41.379,5.4,4.8,-0.022,48.276
ma20_reclaim_uptrend,60~80%,>=10%,3,3,10.151,9.551,1.786,66.667,11.701,11.101,20.318,66.667,13.778,13.178,4.406,66.667
ma20_reclaim_uptrend,>=80%,<-5%,5,5,3.084,2.484,1.879,60.0,15.358,14.758,10.983,60.0,8.622,8.022,8.977,80.0
ma20_reclaim_uptrend,>=80%,-5~-1%,103,85,0.93,0.33,-1.12,39.806,6.213,5.613,1.436,52.427,13.162,12.562,3.911,54.369
ma20_reclaim_uptrend,>=80%,-1~0%,364,212,0.868,0.268,0.521,53.297,2.245,1.645,0.43,51.923,5.369,4.769,2.203,55.769
ma20_reclaim_uptrend,>=80%,0~1%,466,248,0.648,0.048,0.0,49.571,1.743,1.143,0.031,50.215,5.841,5.241,2.019,55.579
ma20_reclaim_uptrend,>=80%,1~5%,43,38,0.328,-0.272,-1.601,44.186,1.515,0.915,-0.125,48.837,8.919,8.319,3.005,55.814
ma20_support_uptrend,<40%,<-5%,1537,395,0.761,0.161,-1.636,43.192,3.119,2.519,-2.069,44.531,8.785,8.185,-1.872,47.17
ma20_support_uptrend,<40%,-5~-1%,1864,412,0.862,0.262,-1.419,42.727,5.339,4.739,-0.111,49.49,11.562,10.962,1.886,52.79
ma20_support_uptrend,<40%,-1~0%,1161,371,0.986,0.386,-1.009,44.569,5.363,4.763,-0.354,48.665,9.656,9.056,0.613,51.163
ma20_support_uptrend,<40%,0~1%,1871,402,1.818,1.218,-0.943,45.377,5.304,4.704,-0.591,48.21,9.953,9.353,0.114,50.08
ma20_support_uptrend,<40%,1~5%,2439,416,1.255,0.655,-0.822,45.879,5.277,4.677,0.493,50.861,10.158,9.558,2.358,54.572
ma20_support_uptrend,<40%,5~10%,1348,384,1.9,1.3,-0.76,45.583,3.93,3.33,-0.855,47.958,8.338,7.738,-0.039,49.777
ma20_support_uptrend,<40%,>=10%,1234,377,0.784,0.184,-1.509,42.336,5.517,4.917,-1.696,45.543,12.085,11.485,-0.454,49.19
ma20_support_uptrend,40~60%,<-5%,1071,352,1.179,0.579,-1.665,44.206,4.298,3.698,-1.933,43.645,6.431,5.831,-3.731,43.604
ma20_support_uptrend,40~60%,-5~-1%,2943,426,0.921,0.321,-0.607,46.635,4.78,4.18,0.0,49.83,10.512,9.912,0.596,50.934
ma20_support_uptrend,40~60%,-1~0%,2470,419,0.616,0.016,-0.89,44.107,3.221,2.621,-0.67,47.528,8.792,8.192,0.768,51.255
ma20_support_uptrend,40~60%,0~1%,3256,433,0.855,0.255,-0.73,45.083,4.085,3.485,0.0,49.892,8.681,8.081,1.121,52.887
ma20_support_uptrend,40~60%,1~5%,4765,437,1.022,0.422,-0.586,46.304,4.578,3.978,0.0,49.8,9.619,9.019,1.075,52.067
ma20_support_uptrend,40~60%,5~10%,1102,377,0.976,0.376,-0.965,45.917,4.146,3.546,-0.501,48.816,9.119,8.519,0.368,50.726
ma20_support_uptrend,40~60%,>=10%,388,233,1.472,0.872,-1.394,43.299,3.588,2.988,-2.909,44.072,5.421,4.821,-3.118,44.588
ma20_support_uptrend,60~80%,<-5%,338,209,0.93,0.33,-2.525,39.941,7.889,7.289,-1.506,44.97,14.886,14.286,-1.322,48.225
ma20_support_uptrend,60~80%,-5~-1%,2667,426,1.493,0.893,-0.389,48.069,5.239,4.639,0.594,51.219,11.289,10.689,1.123,52.343
ma20_support_uptrend,60~80%,-1~0%,4543,440,1.753,1.153,0.418,52.147,4.917,4.317,1.732,56.907,9.59,8.99,3.725,59.454
ma20_support_uptrend,60~80%,0~1%,7381,443,0.835,0.235,0.101,50.075,3.638,3.038,1.451,56.111,8.067,7.467,3.713,60.168
ma20_support_uptrend,60~80%,1~5%,5477,449,1.317,0.717,-0.293,47.971,3.856,3.256,0.396,50.868,8.613,8.013,1.924,53.935
ma20_support_uptrend,60~80%,5~10%,441,254,1.335,0.735,-0.955,45.351,5.788,5.188,0.4,50.797,17.079,16.479,3.012,53.968
ma20_support_uptrend,60~80%,>=10%,61,53,1.842,1.242,-2.193,42.623,4.309,3.709,-0.439,47.541,4.888,4.288,1.047,50.82
ma20_support_uptrend,>=80%,<-5%,35,35,9.372,8.772,2.225,55.882,12.231,11.631,-0.341,48.571,6.715,6.115,-11.208,42.857
ma20_support_uptrend,>=80%,-5~-1%,473,255,2.29,1.69,0.0,49.894,6.802,6.202,1.622,53.277,13.751,13.151,4.814,55.603
ma20_support_uptrend,>=80%,-1~0%,2401,426,1.384,0.784,0.511,53.02,4.178,3.578,1.938,55.94,8.69,8.09,3.343,59.184
ma20_support_uptrend,>=80%,0~1%,5262,447,1.023,0.423,0.315,51.501,3.22,2.62,0.873,53.317,7.431,6.831,2.467,56.689
ma20_support_uptrend,>=80%,1~5%,887,347,0.716,0.116,-0.171,48.591,4.012,3.412,1.111,52.988,9.907,9.307,3.081,55.693
ma20_support_uptrend,>=80%,5~10%,5,5,10.343,9.743,8.696,100.0,2.407,1.807,2.698,80.0,6.471,5.871,3.105,60.0
ma20_support_uptrend,>=80%,>=10%,1,1,0.856,0.256,0.856,100.0,0.884,0.284,0.884,100.0,-37.452,-38.052,-37.452,0.0
ma60_reclaim_uptrend,<40%,<-5%,139,100,0.544,-0.056,-3.125,38.129,3.999,3.399,-0.966,46.043,7.748,7.148,-2.699,44.604
ma60_reclaim_uptrend,<40%,-5~-1%,160,111,1.305,0.705,-0.379,49.375,6.638,6.038,-0.095,50.0,10.585,9.985,1.113,51.875
ma60_reclaim_uptrend,<40%,-1~0%,64,47,1.596,0.996,-0.146,47.619,8.961,8.361,0.433,50.0,18.661,18.061,3.992,57.812
ma60_reclaim_uptrend,<40%,0~1%,112,91,2.268,1.668,-1.396,43.75,6.904,6.304,-1.047,46.429,20.133,19.533,-0.078,49.107
ma60_reclaim_uptrend,<40%,1~5%,90,74,0.087,-0.513,0.068,50.0,1.927,1.327,0.992,52.222,6.047,5.447,-2.459,44.444
ma60_reclaim_uptrend,<40%,5~10%,48,41,0.667,0.067,-1.274,43.75,6.274,5.674,-2.645,41.667,18.51,17.91,7.794,58.333
ma60_reclaim_uptrend,<40%,>=10%,29,28,4.646,4.046,1.23,55.172,9.528,8.928,5.14,58.621,8.439,7.839,-5.693,44.828
ma60_reclaim_uptrend,40~60%,<-5%,120,95,0.591,-0.009,-0.348,47.5,0.539,-0.061,-2.838,40.833,5.391,4.791,-4.472,44.167
ma60_reclaim_uptrend,40~60%,-5~-1%,254,158,2.774,2.174,0.0,49.213,7.178,6.578,-0.518,45.455,13.728,13.128,-1.474,46.85
ma60_reclaim_uptrend,40~60%,-1~0%,168,121,1.097,0.497,-0.561,47.305,2.892,2.292,-1.734,47.024,4.515,3.915,-0.619,48.214
ma60_reclaim_uptrend,40~60%,0~1%,191,139,0.282,-0.318,-1.036,44.503,0.76,0.16,-2.885,37.173,2.188,1.588,-4.828,40.838
ma60_reclaim_uptrend,40~60%,1~5%,143,106,1.529,0.929,0.304,50.35,4.63,4.03,-1.221,46.853,11.307,10.707,0.0,49.65
ma60_reclaim_uptrend,40~60%,5~10%,27,22,0.525,-0.075,2.143,55.556,-1.996,-2.596,-12.821,40.741,1.892,1.292,-12.884,37.037
ma60_reclaim_uptrend,40~60%,>=10%,9,9,-6.154,-6.754,-5.008,22.222,-2.942,-3.542,-4.393,33.333,-3.439,-4.039,-3.64,33.333
ma60_reclaim_uptrend,60~80%,<-5%,53,44,3.34,2.74,-0.615,45.283,3.775,3.175,-3.887,43.396,10.999,10.399,-0.211,49.057
ma60_reclaim_uptrend,60~80%,-5~-1%,314,194,1.423,0.823,0.236,51.274,4.489,3.889,1.053,52.229,10.324,9.724,2.414,56.369
ma60_reclaim_uptrend,60~80%,-1~0%,387,214,0.945,0.345,0.18,50.388,4.108,3.508,0.919,53.488,5.792,5.192,2.909,57.623
ma60_reclaim_uptrend,60~80%,0~1%,294,181,2.149,1.549,1.065,57.823,4.448,3.848,1.742,57.823,5.771,5.171,3.113,60.204
ma60_reclaim_uptrend,60~80%,1~5%,120,94,-0.536,-1.136,-0.91,45.833,0.208,-0.392,-1.351,45.0,3.136,2.536,-2.389,44.167
ma60_reclaim_uptrend,60~80%,5~10%,4,4,-5.368,-5.968,-3.74,0.0,-14.677,-15.277,-11.923,0.0,-12.138,-12.738,-17.653,50.0
ma60_reclaim_uptrend,60~80%,>=10%,1,1,-6.864,-7.464,-6.864,0.0,7.537,6.937,7.537,100.0,51.279,50.679,51.279,100.0
ma60_reclaim_uptrend,>=80%,<-5%,3,3,-4.08,-4.68,-2.332,33.333,-16.027,-16.627,-9.206,0.0,-12.081,-12.681,-2.62,33.333
ma60_reclaim_uptrend,>=80%,-5~-1%,64,57,0.994,0.394,1.458,56.25,7.3,6.7,-1.135,46.875,10.371,9.771,-2.926,45.312
ma60_reclaim_uptrend,>=80%,-1~0%,270,185,1.759,1.159,0.805,54.815,3.829,3.229,2.435,59.259,6.579,5.979,2.914,57.778
ma60_reclaim_uptrend,>=80%,0~1%,163,116,0.648,0.048,0.27,52.147,2.72,2.12,1.352,56.173,4.413,3.813,1.429,53.988
ma60_reclaim_uptrend,>=80%,1~5%,17,16,1.294,0.694,-4.839,41.176,-0.747,-1.347,-3.119,47.059,10.764,10.164,-4.514,41.176
ma60_support_uptrend,<40%,<-5%,1361,386,1.099,0.499,-0.909,45.849,3.979,3.379,-0.975,46.143,8.246,7.646,-1.951,46.216
ma60_support_uptrend,<40%,-5~-1%,1442,385,1.083,0.483,-0.552,46.463,3.687,3.087,-0.26,49.133,10.241,9.641,1.157,53.051
ma60_support_uptrend,<40%,-1~0%,884,342,1.275,0.675,-0.593,46.712,4.156,3.556,-0.59,47.851,10.858,10.258,2.187,54.072
ma60_support_uptrend,<40%,0~1%,1419,397,1.454,0.854,-0.697,46.159,3.313,2.713,-0.69,47.639,8.468,7.868,-0.828,47.498
ma60_support_uptrend,<40%,1~5%,1646,411,2.171,1.571,0.257,50.668,6.238,5.638,1.499,54.739,10.837,10.237,2.283,54.01
ma60_support_uptrend,<40%,5~10%,785,334,1.083,0.483,-1.172,43.694,3.804,3.204,-0.711,47.771,9.038,8.438,0.758,51.465
ma60_support_uptrend,<40%,>=10%,511,275,1.141,0.541,-1.496,41.569,6.04,5.44,-0.811,47.554,10.792,10.192,-0.63,48.141
ma60_support_uptrend,40~60%,<-5%,873,333,1.487,0.887,-0.597,46.506,3.117,2.517,-2.535,42.153,7.35,6.75,-2.3,45.475
ma60_support_uptrend,40~60%,-5~-1%,2670,430,1.463,0.863,-0.328,47.733,5.007,4.407,0.093,50.112,10.221,9.621,0.147,50.225
ma60_support_uptrend,40~60%,-1~0%,2161,428,1.148,0.548,-0.103,48.726,4.126,3.526,0.323,50.81,8.534,7.934,0.891,52.198
ma60_support_uptrend,40~60%,0~1%,2592,440,1.091,0.491,0.0,49.402,4.084,3.484,0.372,50.986,7.291,6.691,1.219,52.623
ma60_support_uptrend,40~60%,1~5%,2715,433,1.314,0.714,-0.272,47.937,4.703,4.103,0.284,51.015,9.169,8.569,1.22,52.413
ma60_support_uptrend,40~60%,5~10%,416,251,1.606,1.006,0.749,52.53,3.401,2.801,-1.55,42.169,7.171,6.571,-1.787,45.192
ma60_support_uptrend,40~60%,>=10%,95,84,-1.009,-1.609,-1.538,38.947,0.104,-0.496,-3.649,41.053,3.455,2.855,-4.21,45.263
ma60_support_uptrend,60~80%,<-5%,349,216,0.991,0.391,-2.744,40.688,4.873,4.273,-3.333,42.98,12.376,11.776,-1.133,47.564
ma60_support_uptrend,60~80%,-5~-1%,2582,436,1.392,0.792,0.0,49.845,5.186,4.586,0.988,53.137,10.822,10.222,1.723,53.989
ma60_support_uptrend,60~80%,-1~0%,4552,435,1.564,0.964,0.716,54.903,4.323,3.723,1.694,57.771,8.381,7.781,3.828,60.808
ma60_support_uptrend,60~80%,0~1%,5961,450,1.272,0.672,0.468,53.039,3.711,3.111,1.734,57.903,8.234,7.634,4.27,62.573
ma60_support_uptrend,60~80%,1~5%,2606,436,0.775,0.175,-0.125,48.925,3.046,2.446,0.0,49.75,7.571,6.971,1.548,53.492
ma60_support_uptrend,60~80%,5~10%,117,91,1.394,0.794,1.064,51.282,3.026,2.426,-1.473,46.154,15.52,14.92,1.168,54.701
ma60_support_uptrend,60~80%,>=10%,8,8,8.374,7.774,-3.398,25.0,5.965,5.365,5.571,62.5,17.507,16.907,14.995,75.0
ma60_support_uptrend,>=80%,<-5%,25,23,5.765,5.165,-2.294,40.0,1.807,1.207,-3.478,32.0,6.401,5.801,-0.699,44.0
ma60_support_uptrend,>=80%,-5~-1%,485,267,1.414,0.814,0.5,50.722,5.699,5.099,0.358,51.24,11.829,11.229,0.69,51.753
ma60_support_uptrend,>=80%,-1~0%,2517,441,1.315,0.715,0.561,53.935,3.749,3.149,2.029,57.393,7.325,6.725,3.123,59.197
ma60_support_uptrend,>=80%,0~1%,3911,449,0.722,0.122,0.346,51.905,2.341,1.741,0.734,53.108,5.796,5.196,1.857,55.74
ma60_support_uptrend,>=80%,1~5%,315,205,0.461,-0.139,0.475,51.746,3.339,2.739,1.579,54.286,10.634,10.034,1.535,53.016
ma60_support_uptrend,>=80%,5~10%,1,1,-3.865,-4.465,-3.865,0.0,-11.433,-12.033,-11.433,0.0,-3.382,-3.982,-3.382,0.0
near_ma20_pm5,<40%,<-5%,7839,451,0.626,0.026,-0.833,46.009,2.952,2.352,-1.578,45.711,7.396,6.796,-1.455,47.174
near_ma20_pm5,<40%,-5~-1%,9723,453,0.8,0.2,-0.563,46.734,3.544,2.944,-0.892,47.396,8.597,7.997,-0.306,49.409
near_ma20_pm5,<40%,-1~0%,5662,449,0.349,-0.251,-0.908,44.863,2.098,1.498,-1.774,44.961,6.059,5.459,-1.342,47.333
near_ma20_pm5,<40%,0~1%,8395,452,0.668,0.068,-0.965,45.11,2.554,1.954,-1.843,44.923,6.643,6.043,-1.841,46.563
near_ma20_pm5,<40%,1~5%,8789,450,0.838,0.238,-0.425,47.359,3.54,2.94,-0.668,47.967,7.724,7.124,-0.417,49.141
near_ma20_pm5,<40%,5~10%,3751,444,0.916,0.316,-0.803,44.969,3.148,2.548,-1.405,46.585,7.973,7.373,-0.513,49.214
near_ma20_pm5,<40%,>=10%,2909,445,0.732,0.132,-1.403,43.595,5.108,4.508,-1.786,45.823,10.832,10.232,-1.277,47.198
near_ma20_pm5,40~60%,<-5%,4986,449,0.65,0.05,-1.068,45.004,2.003,1.403,-2.459,42.785,4.317,3.717,-3.755,43.381
near_ma20_pm5,40~60%,-5~-1%,16869,452,0.764,0.164,-0.308,48.001,2.722,2.122,-0.497,48.104,6.803,6.203,-0.569,48.551
near_ma20_pm5,40~60%,-1~0%,12031,452,0.585,-0.015,-0.322,47.376,2.194,1.594,-0.676,47.646,5.71,5.11,-0.417,48.732
near_ma20_pm5,40~60%,0~1%,13006,452,0.511,-0.089,-0.521,46.399,2.51,1.91,-0.63,47.503,5.637,5.037,-0.448,48.993
near_ma20_pm5,40~60%,1~5%,12351,451,0.583,-0.017,-0.537,46.533,3.074,2.474,-0.743,47.686,6.958,6.358,-0.486,48.871
near_ma20_pm5,40~60%,5~10%,2169,440,0.471,-0.129,-0.86,46.239,2.963,2.363,-1.17,45.908,7.0,6.4,-1.665,46.796
near_ma20_pm5,40~60%,>=10%,654,317,1.21,0.61,-0.911,45.023,2.608,2.008,-3.263,43.578,6.358,5.758,-2.627,46.024
near_ma20_pm5,60~80%,<-5%,2053,433,0.065,-0.535,-1.452,42.767,3.528,2.928,-1.615,45.981,8.885,8.285,-2.426,45.689
near_ma20_pm5,60~80%,-5~-1%,16043,452,1.035,0.435,0.0,49.913,3.068,2.468,0.337,50.724,7.285,6.685,0.469,50.963
near_ma20_pm5,60~80%,-1~0%,21959,452,0.979,0.379,0.449,52.392,3.071,2.471,1.043,53.972,6.452,5.852,2.4,55.941
near_ma20_pm5,60~80%,0~1%,21240,453,0.697,0.097,0.187,50.603,2.542,1.942,0.732,52.668,6.156,5.556,2.03,54.882
near_ma20_pm5,60~80%,1~5%,11176,453,0.966,0.366,-0.161,48.598,2.948,2.348,-0.159,49.141,6.896,6.296,0.893,51.557
near_ma20_pm5,60~80%,5~10%,698,326,1.478,0.878,-0.499,47.564,5.309,4.709,0.395,50.718,14.777,14.177,2.879,55.014
near_ma20_pm5,60~80%,>=10%,100,86,2.839,2.239,-2.518,43.0,3.255,2.655,-1.034,47.0,5.217,4.617,0.712,51.0
near_ma20_pm5,>=80%,<-5%,385,240,0.142,-0.458,-2.429,40.365,0.066,-0.534,-4.809,36.458,2.261,1.661,-7.138,36.104
near_ma20_pm5,>=80%,-5~-1%,3040,448,1.031,0.431,0.082,50.033,4.116,3.516,0.719,52.092,9.405,8.805,1.835,53.454
near_ma20_pm5,>=80%,-1~0%,13472,453,0.819,0.219,0.376,51.842,2.29,1.69,0.942,53.498,5.817,5.217,1.866,55.159
near_ma20_pm5,>=80%,0~1%,12479,453,0.854,0.254,0.357,51.791,2.813,2.213,0.849,53.091,6.191,5.591,1.972,55.077
near_ma20_pm5,>=80%,1~5%,1562,414,0.579,-0.021,0.0,49.04,3.953,3.353,0.954,52.369,9.178,8.578,1.974,53.713
near_ma20_pm5,>=80%,5~10%,9,9,1.086,0.486,3.966,66.667,-4.741,-5.341,-1.439,44.444,0.634,0.034,-3.382,44.444
near_ma20_pm5,>=80%,>=10%,5,5,3.09,2.49,2.422,80.0,-17.542,-18.142,-26.724,20.0,-19.542,-20.142,-20.862,20.0
near_ma60_pm5,<40%,<-5%,4804,450,0.876,0.276,-0.508,47.22,3.287,2.687,-0.899,47.096,7.424,6.824,-1.439,47.065
near_ma60_pm5,<40%,-5~-1%,6261,452,0.849,0.249,-0.459,47.005,3.46,2.86,-0.713,47.778,8.455,7.855,-0.553,48.698
near_ma60_pm5,<40%,-1~0%,3679,446,0.588,-0.012,-0.712,45.549,1.831,1.231,-1.83,44.532,5.979,5.379,-1.21,47.459
near_ma60_pm5,<40%,0~1%,5425,452,0.436,-0.164,-0.987,44.774,2.122,1.522,-1.666,45.168,5.573,4.973,-2.318,45.309
near_ma60_pm5,<40%,1~5%,5741,450,0.786,0.186,-0.308,47.978,3.721,3.121,-0.458,48.519,7.814,7.214,-0.672,48.615
near_ma60_pm5,<40%,5~10%,2245,437,0.515,-0.085,-0.927,44.608,2.286,1.686,-1.591,45.742,6.932,6.332,-1.192,48.018
near_ma60_pm5,<40%,>=10%,1342,402,0.774,0.174,-1.323,44.212,4.334,3.734,-1.926,45.861,9.289,8.689,-1.071,46.945
near_ma60_pm5,40~60%,<-5%,2825,442,0.734,0.134,-0.882,45.204,2.003,1.403,-2.273,42.655,4.501,3.901,-3.308,43.646
near_ma60_pm5,40~60%,-5~-1%,10942,451,0.749,0.149,-0.367,47.174,2.737,2.137,-0.629,47.616,6.615,6.015,-0.733,48.09
near_ma60_pm5,40~60%,-1~0%,8366,452,0.542,-0.058,-0.257,47.757,2.166,1.566,-0.669,47.489,5.294,4.694,-0.433,48.578
near_ma60_pm5,40~60%,0~1%,8954,452,0.601,0.001,-0.365,47.212,2.248,1.648,-0.629,47.384,4.63,4.03,-0.757,48.269
near_ma60_pm5,40~60%,1~5%,7447,452,0.405,-0.195,-0.547,46.224,2.481,1.881,-0.93,46.98,5.929,5.329,-0.913,47.912
near_ma60_pm5,40~60%,5~10%,930,367,-0.171,-0.771,-0.882,46.983,0.802,0.202,-2.739,40.625,3.019,2.419,-4.94,40.108
near_ma60_pm5,40~60%,>=10%,190,154,-1.053,-1.653,-2.581,37.368,-0.244,-0.844,-4.419,40.526,6.059,5.459,-5.253,44.211
near_ma60_pm5,60~80%,<-5%,1282,404,-0.28,-0.88,-1.873,40.906,1.857,1.257,-2.571,44.306,5.71,5.11,-3.593,43.448
near_ma60_pm5,60~80%,-5~-1%,10084,453,0.976,0.376,0.0,49.802,2.988,2.388,0.42,50.972,7.267,6.667,0.785,51.616
near_ma60_pm5,60~80%,-1~0%,16283,452,0.926,0.326,0.533,53.294,2.829,2.229,1.016,54.333,5.98,5.38,2.473,56.458
near_ma60_pm5,60~80%,0~1%,15011,453,0.738,0.138,0.287,51.363,2.297,1.697,0.749,52.965,5.609,5.009,2.08,55.193
near_ma60_pm5,60~80%,1~5%,5684,453,0.56,-0.04,-0.13,48.662,2.429,1.829,-0.378,48.398,5.384,4.784,0.079,50.053
near_ma60_pm5,60~80%,5~10%,199,144,1.549,0.949,1.064,52.261,6.162,5.562,1.068,52.261,17.845,17.245,3.696,58.291
near_ma60_pm5,60~80%,>=10%,19,19,4.471,3.871,-1.982,42.105,9.341,8.741,3.605,52.632,30.078,29.478,11.532,57.895
near_ma60_pm5,>=80%,<-5%,317,214,0.549,-0.051,-2.244,40.379,-1.665,-2.265,-5.228,33.861,0.957,0.357,-7.138,36.909
near_ma60_pm5,>=80%,-5~-1%,1712,428,0.871,0.271,0.222,50.701,3.782,3.182,0.171,50.205,8.771,8.171,1.692,53.329
near_ma60_pm5,>=80%,-1~0%,9733,453,0.838,0.238,0.411,52.313,2.409,1.809,1.172,54.693,5.437,4.837,2.13,56.437
near_ma60_pm5,>=80%,0~1%,8793,453,0.689,0.089,0.359,51.939,2.316,1.716,0.766,52.868,5.294,4.694,1.753,54.816
near_ma60_pm5,>=80%,1~5%,638,315,0.322,-0.278,0.0,49.843,4.412,3.812,0.938,51.881,9.698,9.098,0.707,51.724
near_ma60_pm5,>=80%,5~10%,2,2,-5.889,-6.489,-5.889,0.0,-6.436,-7.036,-6.436,0.0,-7.806,-8.406,-7.806,0.0
near_ma60_pm5,>=80%,>=10%,1,1,2.422,1.822,2.422,100.0,-27.509,-28.109,-27.509,0.0,-13.495,-14.095,-13.495,0.0
pullback_20_30,<40%,<-5%,1532,378,1.459,0.859,-0.366,49.021,4.582,3.982,-1.468,47.093,8.004,7.404,-3.008,44.125
pullback_20_30,<40%,-5~-1%,1130,358,0.99,0.39,-0.324,48.319,3.133,2.533,-2.198,44.818,5.795,5.195,-4.223,43.894
pullback_20_30,<40%,-1~0%,632,290,0.649,0.049,-1.793,43.333,-0.186,-0.786,-4.271,40.729,1.022,0.422,-5.88,39.082
pullback_20_30,<40%,0~1%,1236,367,1.59,0.99,-1.053,46.683,3.283,2.683,-2.099,44.984,6.071,5.471,-4.312,43.528
pullback_20_30,<40%,1~5%,834,324,2.095,1.495,0.166,50.6,3.873,3.273,-1.855,44.604,7.449,6.849,-3.797,44.125
pullback_20_30,<40%,5~10%,381,218,-0.137,-0.737,-1.471,44.094,3.571,2.971,-3.211,41.053,9.642,9.042,-3.968,43.57
pullback_20_30,<40%,>=10%,351,233,2.402,1.802,0.0,49.573,3.015,2.415,-2.946,43.305,10.84,10.24,-3.461,43.59
pullback_20_30,40~60%,<-5%,1257,382,2.192,1.592,0.446,51.392,3.75,3.15,-1.726,46.656,4.487,3.887,-5.478,40.414
pullback_20_30,40~60%,-5~-1%,1946,426,0.689,0.089,-0.792,46.886,1.539,0.939,-2.137,44.107,3.221,2.621,-4.049,43.628
pullback_20_30,40~60%,-1~0%,1026,360,0.865,0.265,-0.742,47.173,2.756,2.156,-1.647,45.268,4.472,3.872,-4.855,40.838
pullback_20_30,40~60%,0~1%,1280,392,0.803,0.203,-0.931,45.938,2.453,1.853,-2.521,44.601,2.96,2.36,-5.649,39.688
pullback_20_30,40~60%,1~5%,1062,377,1.378,0.778,-0.196,48.728,2.899,2.299,-1.993,45.189,4.061,3.461,-5.779,38.324
pullback_20_30,40~60%,5~10%,218,167,1.145,0.545,-0.505,46.789,2.302,1.702,-0.954,46.33,-1.096,-1.696,-6.131,39.45
pullback_20_30,40~60%,>=10%,55,49,0.556,-0.044,-4.971,40.0,0.409,-0.191,-6.042,30.909,4.629,4.029,-15.153,30.909
pullback_20_30,60~80%,<-5%,531,263,0.427,-0.173,-1.907,43.691,1.249,0.649,-2.933,42.83,4.747,4.147,-3.558,42.561
pullback_20_30,60~80%,-5~-1%,2040,414,1.467,0.867,-0.537,47.843,4.38,3.78,-1.338,46.709,7.302,6.702,-2.44,45.392
pullback_20_30,60~80%,-1~0%,1351,382,0.993,0.393,-0.462,47.556,3.107,2.507,-2.016,45.078,6.429,5.829,-3.978,43.671
pullback_20_30,60~80%,0~1%,1183,371,0.691,0.091,-0.427,47.208,2.495,1.895,-2.24,45.393,5.091,4.491,-2.821,44.717
pullback_20_30,60~80%,1~5%,660,294,0.734,0.134,-0.839,46.515,1.76,1.16,-1.695,45.358,4.652,4.052,-4.065,44.242
pullback_20_30,60~80%,5~10%,51,46,3.178,2.578,0.498,50.98,10.112,9.512,4.639,56.863,25.779,25.179,0.619,50.98
pullback_20_30,60~80%,>=10%,7,7,11.361,10.761,-5.741,28.571,15.334,14.734,2.921,57.143,9.445,8.845,-8.475,42.857
pullback_20_30,>=80%,<-5%,52,45,-0.175,-0.775,-3.891,44.231,0.564,-0.036,-9.026,38.462,1.128,0.528,-1.373,48.077
pullback_20_30,>=80%,-5~-1%,464,243,0.738,0.138,-0.762,46.336,4.656,4.056,0.104,50.0,13.67,13.07,0.878,51.509
pullback_20_30,>=80%,-1~0%,640,294,0.921,0.321,-1.062,45.696,2.252,1.652,-1.259,47.031,10.331,9.731,-3.015,45.0
pullback_20_30,>=80%,0~1%,335,211,0.447,-0.153,0.0,48.06,4.165,3.565,-0.315,48.657,11.138,10.538,-0.789,49.552
pullback_20_30,>=80%,1~5%,78,71,4.673,4.073,5.41,64.103,6.4,5.8,2.62,56.41,12.746,12.146,2.135,53.846
