strategy,whale_band,events,signal_dates,mean_20d_pct,mean_net_20d_pct,median_20d_pct,win_rate_20d_pct,mean_60d_pct,mean_net_60d_pct,median_60d_pct,win_rate_60d_pct,mean_120d_pct,mean_net_120d_pct,median_120d_pct,win_rate_120d_pct
breakout_20d,<-3,437,245,1.141,0.541,-0.681,46.682,5.01,4.41,-2.872,45.767,9.65,9.05,-2.941,45.309
breakout_20d,-3~-1,1652,392,0.907,0.307,-1.464,44.182,3.753,3.153,-1.203,46.396,9.249,8.649,-0.487,49.213
breakout_20d,-1~-0.5,1388,391,0.072,-0.528,-0.924,45.455,2.765,2.165,-0.933,46.83,8.039,7.439,0.177,50.36
breakout_20d,-0.5~0,3135,426,0.731,0.131,-0.607,46.299,2.652,2.052,-0.482,48.388,6.812,6.212,0.559,50.622
breakout_20d,0~0.5,4308,444,0.659,0.059,-0.762,45.59,3.677,3.077,0.194,50.348,7.9,7.3,0.804,51.648
breakout_20d,0.5~1,2166,411,1.204,0.604,-0.626,46.42,4.248,3.648,-0.223,49.354,10.066,9.466,1.487,52.216
breakout_20d,1~2,2078,419,1.053,0.453,-1.0,44.824,5.165,4.565,-0.319,48.796,9.391,8.791,0.509,50.866
breakout_20d,2~3,822,336,0.708,0.108,-1.858,42.336,4.174,3.574,-2.127,45.012,10.23,9.63,-1.205,48.418
breakout_20d,3~5,656,305,1.448,0.848,-1.505,45.579,7.138,6.538,-0.253,49.238,13.074,12.474,-0.326,49.39
breakout_20d,>=5,305,195,1.762,1.162,-1.295,46.23,5.745,5.145,0.64,51.974,16.061,15.461,3.621,56.066
breakout_60d,<-3,248,187,0.403,-0.197,-2.087,43.548,5.365,4.765,-3.212,45.161,10.624,10.024,-5.153,41.129
breakout_60d,-3~-1,776,306,0.916,0.316,-1.626,43.669,4.573,3.973,-2.042,45.103,10.017,9.417,-1.373,48.454
breakout_60d,-1~-0.5,602,284,0.209,-0.391,-1.263,45.0,4.119,3.519,-0.269,49.336,8.89,8.29,1.739,54.319
breakout_60d,-0.5~0,1529,393,0.555,-0.045,-0.8,45.389,3.351,2.751,-0.361,48.855,8.002,7.402,1.186,51.995
breakout_60d,0~0.5,2441,420,0.729,0.129,-0.858,44.982,4.473,3.873,0.442,50.881,10.182,9.582,1.554,53.626
breakout_60d,0.5~1,1408,383,1.385,0.785,-0.625,46.165,4.509,3.909,0.0,49.787,10.554,9.954,2.816,54.901
breakout_60d,1~2,1449,390,0.746,0.146,-1.087,44.751,5.259,4.659,-0.224,49.102,9.283,8.683,1.087,52.036
breakout_60d,2~3,622,301,0.678,0.078,-2.158,42.122,4.575,3.975,-2.191,44.534,11.752,11.152,-0.138,49.518
breakout_60d,3~5,541,280,1.754,1.154,-1.394,46.396,7.751,7.151,-0.214,49.353,13.086,12.486,-0.454,49.168
breakout_60d,>=5,275,177,1.536,0.936,-1.356,45.091,5.776,5.176,0.525,51.825,17.309,16.709,3.853,56.727
dip_10_20d_above_ma240,<-3,2176,377,1.41,0.81,-0.333,47.978,4.556,3.956,-0.683,48.712,8.546,7.946,-2.197,46.094
dip_10_20d_above_ma240,-3~-1,3613,414,1.763,1.163,0.369,51.011,4.431,3.831,0.308,50.443,9.059,8.459,-0.901,48.436
dip_10_20d_above_ma240,-1~-0.5,1509,351,1.888,1.288,0.643,52.021,4.756,4.156,-0.208,49.668,8.874,8.274,-1.188,48.111
dip_10_20d_above_ma240,-0.5~0,2196,395,1.599,0.999,0.28,50.729,3.208,2.608,-1.021,46.448,6.833,6.233,-2.312,45.401
dip_10_20d_above_ma240,0~0.5,2311,377,1.918,1.318,0.17,50.151,3.744,3.144,-1.017,47.337,6.359,5.759,-1.772,47.122
dip_10_20d_above_ma240,0.5~1,729,263,1.887,1.287,0.716,52.401,5.165,4.565,0.278,50.757,9.852,9.252,0.38,50.206
dip_10_20d_above_ma240,1~2,755,259,2.938,2.338,1.288,53.907,5.488,4.888,0.845,51.857,9.668,9.068,1.382,51.391
dip_10_20d_above_ma240,2~3,331,182,1.423,0.823,-0.146,48.182,3.71,3.11,-0.379,48.788,9.235,8.635,-1.175,49.245
dip_10_20d_above_ma240,3~5,167,113,2.615,2.015,0.571,50.898,2.711,2.111,-4.168,37.349,19.707,19.107,-2.831,44.311
dip_10_20d_above_ma240,>=5,73,62,4.458,3.858,4.104,63.014,6.982,6.382,1.401,54.795,18.056,17.456,1.109,50.685
dip_5_10d_above_ma240,<-3,2051,405,1.49,0.89,-0.427,48.025,4.201,3.601,-1.628,45.88,8.168,7.568,-3.086,44.564
dip_5_10d_above_ma240,-3~-1,4823,440,1.77,1.17,0.254,50.664,4.349,3.749,0.244,50.508,9.319,8.719,0.114,50.238
dip_5_10d_above_ma240,-1~-0.5,2659,422,1.212,0.612,0.449,51.655,3.776,3.176,0.391,50.734,7.416,6.816,-0.247,49.492
dip_5_10d_above_ma240,-0.5~0,4046,441,1.021,0.421,0.392,51.533,3.034,2.434,-0.116,49.777,6.627,6.027,0.0,49.951
dip_5_10d_above_ma240,0~0.5,3626,431,1.129,0.529,0.0,49.752,3.037,2.437,-0.916,47.215,5.824,5.224,-1.243,47.849
dip_5_10d_above_ma240,0.5~1,1264,361,1.573,0.973,0.563,51.861,4.934,4.334,0.745,51.741,7.814,7.214,-0.19,49.367
dip_5_10d_above_ma240,1~2,1149,349,1.296,0.696,-0.105,48.651,3.792,3.192,-1.139,46.69,8.819,8.219,-0.417,48.999
dip_5_10d_above_ma240,2~3,376,224,1.72,1.12,0.237,50.532,4.515,3.915,0.125,50.133,11.051,10.451,0.423,51.064
dip_5_10d_above_ma240,3~5,219,164,1.5,0.9,0.0,49.772,2.827,2.227,-1.421,45.662,2.86,2.26,-1.347,45.662
dip_5_10d_above_ma240,>=5,104,86,5.922,5.322,-0.337,48.077,5.651,5.051,0.26,50.0,9.286,8.686,-6.118,41.346
low_1m,<-3,9522,450,1.355,0.755,0.0,49.139,3.532,2.932,-0.85,47.756,7.225,6.625,-2.112,46.44
low_1m,-3~-1,24848,453,1.552,0.952,0.425,51.73,3.757,3.157,0.303,50.62,7.865,7.265,-0.108,49.658
low_1m,-1~-0.5,15792,452,1.296,0.696,0.506,52.474,3.444,2.844,0.535,51.607,7.396,6.796,0.826,51.678
low_1m,-0.5~0,27118,452,1.15,0.55,0.42,51.908,2.778,2.178,0.369,50.974,5.792,5.192,0.597,51.195
low_1m,0~0.5,23942,453,1.256,0.656,0.296,50.94,3.243,2.643,0.0,49.964,6.159,5.559,0.01,50.013
low_1m,0.5~1,7644,447,1.392,0.792,0.529,52.101,4.316,3.716,0.654,51.617,7.719,7.119,0.557,51.112
low_1m,1~2,6285,442,1.379,0.779,0.266,50.764,4.137,3.537,0.139,50.151,8.295,7.695,0.0,49.992
low_1m,2~3,2190,420,2.232,1.632,0.21,50.297,5.086,4.486,0.349,50.366,10.147,9.547,0.69,51.142
low_1m,3~5,1254,364,1.767,1.167,0.381,51.037,4.307,3.707,-1.277,46.449,9.673,9.073,0.0,49.841
low_1m,>=5,559,278,3.888,3.288,0.828,53.488,8.582,7.982,1.401,52.773,18.39,17.79,2.92,53.309
low_3m,<-3,6875,452,1.353,0.753,0.172,50.262,2.8,2.2,-0.507,48.69,5.789,5.189,-1.373,47.491
low_3m,-3~-1,20936,453,1.543,0.943,0.571,52.471,2.929,2.329,0.289,50.607,6.327,5.727,-0.202,49.556
low_3m,-1~-0.5,14152,453,1.211,0.611,0.617,53.093,2.43,1.83,0.29,50.619,5.699,5.099,0.156,50.177
low_3m,-0.5~0,23539,453,1.059,0.459,0.495,52.484,1.98,1.38,0.212,50.521,4.729,4.129,0.248,50.363
low_3m,0~0.5,18241,449,1.472,0.872,0.49,52.024,2.697,2.097,-0.172,49.27,5.078,4.478,-0.502,48.714
low_3m,0.5~1,5437,439,1.434,0.834,0.63,52.236,2.991,2.391,0.0,49.558,6.137,5.537,-0.809,48.004
low_3m,1~2,4008,435,1.285,0.685,0.417,51.474,2.393,1.793,-0.917,47.451,5.543,4.943,-1.746,46.906
low_3m,2~3,1240,354,2.216,1.616,0.297,50.726,4.329,3.729,0.0,49.838,9.515,8.915,0.46,50.565
low_3m,3~5,613,283,2.097,1.497,0.0,49.266,2.52,1.92,-2.351,43.464,7.999,7.399,-2.229,46.819
low_3m,>=5,270,179,3.16,2.56,1.521,55.185,6.175,5.575,0.699,51.111,13.273,12.673,1.221,50.741
low_6m,<-3,4950,450,1.408,0.808,0.213,50.445,2.773,2.173,-0.496,48.676,4.905,4.305,-1.608,47.394
low_6m,-3~-1,17127,453,1.452,0.852,0.615,52.608,2.574,1.974,0.0,49.988,5.11,4.51,-0.697,48.532
low_6m,-1~-0.5,12425,453,1.057,0.457,0.49,52.372,2.002,1.402,0.0,49.734,4.249,3.649,-0.169,49.473
low_6m,-0.5~0,21339,453,0.896,0.296,0.362,51.472,1.631,1.031,0.0,49.613,3.814,3.214,-0.013,49.702
low_6m,0~0.5,17096,453,1.005,0.405,0.327,51.056,2.136,1.536,-0.42,48.396,3.724,3.124,-1.127,47.496
low_6m,0.5~1,5245,442,0.711,0.111,0.21,50.515,1.645,1.045,-0.746,48.015,3.749,3.149,-1.326,46.692
low_6m,1~2,3726,436,0.812,0.212,0.0,49.691,1.325,0.725,-1.303,46.55,2.788,2.188,-2.607,45.089
low_6m,2~3,1022,332,1.395,0.795,-0.38,48.039,3.226,2.626,-0.74,48.184,6.682,6.082,-1.48,47.847
low_6m,3~5,508,249,0.574,-0.026,-0.524,47.047,0.125,-0.475,-3.11,42.801,2.086,1.486,-4.927,43.898
low_6m,>=5,197,144,2.012,1.412,1.113,53.807,3.191,2.591,-1.598,46.193,6.787,6.187,-1.862,45.178
ma20_reclaim_uptrend,<-3,345,190,1.959,1.359,-1.22,46.087,6.654,6.054,0.0,49.855,12.578,11.978,0.22,50.145
ma20_reclaim_uptrend,-3~-1,843,317,0.745,0.145,-1.09,44.84,4.791,4.191,-1.673,46.2,9.935,9.335,0.116,50.297
ma20_reclaim_uptrend,-1~-0.5,580,271,0.618,0.018,-0.381,47.069,3.911,3.311,0.321,50.95,9.894,9.294,2.148,54.655
ma20_reclaim_uptrend,-0.5~0,1253,351,1.549,0.949,0.342,51.36,3.499,2.899,0.429,51.317,6.746,6.146,2.174,54.35
ma20_reclaim_uptrend,0~0.5,1534,386,0.865,0.265,-0.603,46.089,3.707,3.107,0.0,49.804,8.385,7.785,1.071,52.412
ma20_reclaim_uptrend,0.5~1,603,291,1.106,0.506,-0.229,48.093,3.672,3.072,0.104,50.415,7.137,6.537,0.778,51.907
ma20_reclaim_uptrend,1~2,514,248,0.582,-0.018,-1.155,43.385,4.644,4.044,-0.518,48.833,9.098,8.498,-0.195,49.027
ma20_reclaim_uptrend,2~3,208,144,1.742,1.142,-0.757,47.115,2.564,1.964,-3.275,40.385,6.851,6.251,-2.732,46.635
ma20_reclaim_uptrend,3~5,101,80,3.246,2.646,-0.463,48.515,5.838,5.238,-1.22,45.545,14.996,14.396,3.636,55.446
ma20_reclaim_uptrend,>=5,52,44,7.256,6.656,-1.83,40.385,8.283,7.683,1.757,53.846,10.569,9.969,3.584,53.846
ma20_support_uptrend,<-3,1942,399,1.467,0.867,-1.375,45.126,5.324,4.724,-1.037,46.419,10.002,9.402,-2.482,46.241
ma20_support_uptrend,-3~-1,5532,438,1.411,0.811,-0.544,47.106,4.891,4.291,-0.316,49.014,10.174,9.574,0.267,50.506
ma20_support_uptrend,-1~-0.5,4287,441,0.764,0.164,-0.569,46.419,4.606,4.006,0.638,51.645,10.953,10.353,2.369,54.934
ma20_support_uptrend,-0.5~0,9982,447,1.293,0.693,0.0,49.158,4.473,3.873,1.047,53.559,9.24,8.64,2.693,56.281
ma20_support_uptrend,0~0.5,15593,450,0.984,0.384,0.0,48.624,3.842,3.242,0.888,52.97,8.152,7.552,2.587,56.57
ma20_support_uptrend,0.5~1,7645,448,1.198,0.598,-0.147,48.6,4.166,3.566,0.893,53.199,9.31,8.71,2.755,56.141
ma20_support_uptrend,1~2,7152,449,1.019,0.419,-0.459,47.11,3.916,3.316,0.0,49.671,8.78,8.18,1.196,52.209
ma20_support_uptrend,2~3,2866,430,1.4,0.8,-0.722,45.62,4.049,3.449,-0.78,48.045,8.42,7.82,0.623,50.872
ma20_support_uptrend,3~5,1955,417,1.315,0.715,-0.815,45.985,5.809,5.209,-0.238,49.436,11.928,11.328,1.46,52.532
ma20_support_uptrend,>=5,974,361,1.369,0.769,-0.901,44.502,5.591,4.991,-0.748,47.433,12.148,11.548,-0.377,49.589
ma60_reclaim_uptrend,<-3,252,169,1.184,0.584,-0.486,45.635,2.919,2.319,-2.515,44.048,8.649,8.049,-1.407,47.222
ma60_reclaim_uptrend,-3~-1,545,249,1.579,0.979,-0.394,48.257,4.732,4.132,-0.722,46.606,9.622,9.022,-0.557,48.624
ma60_reclaim_uptrend,-1~-0.5,395,221,1.83,1.23,0.296,51.139,6.163,5.563,1.27,54.569,11.901,11.301,2.32,55.443
ma60_reclaim_uptrend,-0.5~0,823,305,1.209,0.609,0.271,51.157,4.305,3.705,0.919,53.22,6.496,5.896,2.591,55.893
ma60_reclaim_uptrend,0~0.5,722,305,1.033,0.433,0.0,49.723,3.239,2.639,-0.275,49.098,6.763,6.163,0.866,52.078
ma60_reclaim_uptrend,0.5~1,218,151,1.109,0.509,0.304,53.211,3.492,2.892,1.766,53.211,6.459,5.859,-0.922,47.248
ma60_reclaim_uptrend,1~2,190,134,2.088,1.488,0.218,50.526,3.689,3.089,-1.028,47.895,10.836,10.236,-2.685,47.895
ma60_reclaim_uptrend,2~3,67,57,-1.32,-1.92,-2.3,41.791,-1.34,-1.94,-3.431,41.791,2.675,2.075,-5.693,46.269
ma60_reclaim_uptrend,3~5,42,33,2.87,2.27,1.687,52.381,7.804,7.204,2.41,52.381,11.021,10.421,1.341,52.381
ma60_reclaim_uptrend,>=5,15,14,-5.771,-6.371,-4.659,20.0,-4.637,-5.237,-4.464,33.333,-0.277,-0.877,-3.64,40.0
ma60_support_uptrend,<-3,1746,407,1.122,0.522,-0.78,45.876,4.187,3.587,-1.439,45.33,9.559,8.959,-1.919,46.22
ma60_support_uptrend,-3~-1,5001,447,1.364,0.764,-0.38,48.01,4.627,4.027,-0.052,49.43,9.631,9.031,0.239,50.43
ma60_support_uptrend,-1~-0.5,3983,441,1.531,0.931,0.183,50.841,4.791,4.191,1.152,54.308,10.528,9.928,2.37,56.113
ma60_support_uptrend,-0.5~0,9409,452,1.337,0.737,0.429,52.197,4.037,3.437,1.28,54.854,8.336,7.736,2.941,57.732
ma60_support_uptrend,0~0.5,12605,453,1.117,0.517,0.299,51.357,3.333,2.733,0.994,54.017,7.332,6.732,2.535,56.954
ma60_support_uptrend,0.5~1,4797,446,1.487,0.887,0.135,50.386,4.857,4.257,0.946,53.681,9.034,8.434,2.605,56.264
ma60_support_uptrend,1~2,3719,438,0.818,0.218,-0.322,47.7,3.383,2.783,0.0,49.771,8.643,8.043,0.98,51.465
ma60_support_uptrend,2~3,1267,400,1.419,0.819,-0.236,48.461,3.969,3.369,-0.065,49.921,8.325,7.725,1.585,53.118
ma60_support_uptrend,3~5,683,313,1.182,0.582,-0.75,46.774,4.273,3.673,-1.119,45.974,9.126,8.526,-0.818,48.316
ma60_support_uptrend,>=5,262,185,0.615,0.015,-0.831,44.444,4.311,3.711,-0.69,47.328,10.923,10.323,-0.55,48.855
near_ma20_pm5,<-3,9583,453,0.558,-0.042,-1.015,45.23,2.982,2.382,-1.865,44.897,6.825,6.225,-2.697,45.445
near_ma20_pm5,-3~-1,31708,453,0.945,0.345,-0.27,48.271,3.059,2.459,-0.415,48.438,7.341,6.741,-0.394,49.101
near_ma20_pm5,-1~-0.5,24399,453,0.766,0.166,0.0,49.372,2.866,2.266,0.208,50.404,7.259,6.659,0.881,51.834
near_ma20_pm5,-0.5~0,49060,453,0.759,0.159,0.0,49.992,2.581,1.981,0.394,51.14,6.064,5.464,1.172,52.835
near_ma20_pm5,0~0.5,51655,453,0.673,0.073,0.0,48.813,2.619,2.019,0.031,50.012,6.106,5.506,0.912,51.941
near_ma20_pm5,0.5~1,19980,453,0.831,0.231,-0.017,48.813,3.089,2.489,0.196,50.348,7.165,6.565,0.913,51.767
near_ma20_pm5,1~2,16902,453,0.582,-0.018,-0.506,46.805,2.835,2.235,-0.728,47.605,6.941,6.341,-0.288,49.373
near_ma20_pm5,2~3,5950,452,0.97,0.37,-0.626,45.996,3.545,2.945,-1.003,47.35,7.896,7.296,-0.286,49.462
near_ma20_pm5,3~5,3673,448,0.906,0.306,-0.662,46.772,4.363,3.763,-1.086,46.85,9.509,8.909,0.013,50.014
near_ma20_pm5,>=5,1699,423,1.8,1.2,-0.838,46.113,6.154,5.554,-0.439,48.558,12.692,12.092,0.13,50.206
near_ma60_pm5,<-3,5703,452,0.63,0.03,-0.79,45.598,2.62,2.02,-1.59,45.158,5.93,5.33,-2.619,45.064
near_ma60_pm5,-3~-1,19465,453,0.841,0.241,-0.328,47.77,2.88,2.28,-0.496,47.98,7.235,6.635,-0.517,48.723
near_ma60_pm5,-1~-0.5,16346,453,0.852,0.252,0.0,49.611,2.994,2.394,0.343,50.888,7.135,6.535,0.983,52.257
near_ma60_pm5,-0.5~0,35278,453,0.78,0.18,0.225,50.837,2.487,1.887,0.494,51.685,5.663,5.063,1.383,53.487
near_ma60_pm5,0~0.5,36212,453,0.64,0.04,0.0,49.478,2.325,1.725,0.188,50.419,5.375,4.775,0.855,51.916
near_ma60_pm5,0.5~1,12648,453,0.692,0.092,-0.002,48.647,2.876,2.276,0.0,49.446,6.351,5.751,0.315,50.633
near_ma60_pm5,1~2,9321,451,0.287,-0.313,-0.563,46.398,2.515,1.915,-0.979,46.955,6.172,5.572,-0.963,47.913
near_ma60_pm5,2~3,2882,449,0.91,0.31,-0.412,47.394,2.618,2.018,-1.046,47.218,6.844,6.244,-0.688,48.959
near_ma60_pm5,3~5,1443,406,0.36,-0.24,-0.742,46.741,2.194,1.594,-2.212,43.451,5.86,5.26,-2.075,46.085
near_ma60_pm5,>=5,548,316,1.121,0.521,-0.719,46.801,5.357,4.757,-0.174,49.453,13.85,13.25,0.082,50.182
pullback_20_30,<-3,2418,425,1.751,1.151,-0.056,49.297,3.754,3.154,-1.843,45.963,6.439,5.839,-4.363,41.894
pullback_20_30,-3~-1,4548,444,1.119,0.519,-0.547,47.834,3.555,2.955,-1.362,46.51,6.725,6.125,-2.278,45.91
pullback_20_30,-1~-0.5,2203,426,1.081,0.481,-0.504,47.388,3.111,2.511,-2.129,44.914,6.128,5.528,-3.913,43.441
pullback_20_30,-0.5~0,3436,437,0.735,0.135,-0.88,46.066,1.832,1.232,-2.335,44.263,4.476,3.876,-4.952,41.647
pullback_20_30,0~0.5,3985,438,1.042,0.442,-0.784,46.687,3.059,2.459,-2.13,45.005,5.28,4.68,-4.438,42.71
pullback_20_30,0.5~1,1340,379,1.838,1.238,0.197,50.672,3.857,3.257,-1.363,47.384,5.915,5.315,-3.77,43.881
pullback_20_30,1~2,1393,392,0.781,0.181,-0.913,46.518,2.227,1.627,-2.766,43.741,5.438,4.838,-4.911,40.991
pullback_20_30,2~3,528,275,0.617,0.017,-0.591,45.92,1.039,0.439,-3.354,43.346,5.207,4.607,-4.523,43.182
pullback_20_30,3~5,321,209,2.993,2.393,0.68,52.336,4.577,3.977,-1.057,45.794,13.271,12.671,-3.741,44.548
pullback_20_30,>=5,169,136,2.197,1.597,-0.691,47.337,3.771,3.171,-3.535,42.012,6.514,5.914,-8.053,41.42
