歸因因子,分組,期間,n,weeks,mean,median,win,weekly
20日平均成交額,"低於5,000萬",訓練2017–2021,72,55,0.34,-2.18,40.28,0.37
20日平均成交額,"低於5,000萬",驗證2022–2023,38,28,0.06,-0.59,47.37,-0.18
20日平均成交額,"低於5,000萬",最終2024–2025,39,33,-1.68,-4.77,35.9,-2.26
20日平均成交額,"低於5,000萬",監測2026,11,10,0.8,-4.6,36.36,1.85
20日平均成交額,"5,000萬–1.5億",訓練2017–2021,170,113,0.56,-0.71,47.06,0.93
20日平均成交額,"5,000萬–1.5億",驗證2022–2023,73,45,3.0,1.39,58.9,2.54
20日平均成交額,"5,000萬–1.5億",最終2024–2025,63,46,-1.62,-1.75,38.1,-1.25
20日平均成交額,"5,000萬–1.5億",監測2026,25,16,1.55,1.13,52.0,2.66
20日平均成交額,1.5–4億,訓練2017–2021,109,83,2.17,-0.12,49.54,1.08
20日平均成交額,1.5–4億,驗證2022–2023,54,36,1.09,-0.78,40.74,0.93
20日平均成交額,1.5–4億,最終2024–2025,47,36,2.52,-1.16,46.81,2.79
20日平均成交額,1.5–4億,監測2026,13,9,1.12,-1.13,46.15,2.46
20日平均成交額,至少4億,訓練2017–2021,90,69,-0.48,-2.12,41.11,0.33
20日平均成交額,至少4億,驗證2022–2023,50,30,-0.67,-1.52,44.0,1.22
20日平均成交額,至少4億,最終2024–2025,64,43,0.95,-4.81,39.06,2.1
20日平均成交額,至少4億,監測2026,26,14,0.3,-6.53,30.77,2.95
訊號前20日股價報酬,0–10%,訓練2017–2021,100,75,-0.02,-0.69,48.0,0.57
訊號前20日股價報酬,0–10%,驗證2022–2023,41,34,1.13,-0.5,46.34,1.18
訊號前20日股價報酬,0–10%,最終2024–2025,44,33,-1.64,-1.64,43.18,-2.42
訊號前20日股價報酬,0–10%,監測2026,10,7,3.36,0.31,50.0,2.8
訊號前20日股價報酬,10–20%,訓練2017–2021,172,109,0.3,-2.03,40.12,0.26
訊號前20日股價報酬,10–20%,驗證2022–2023,99,54,1.08,0.22,50.51,1.38
訊號前20日股價報酬,10–20%,最終2024–2025,80,50,0.55,-4.45,37.5,1.14
訊號前20日股價報酬,10–20%,監測2026,26,15,1.85,-2.76,46.15,1.55
訊號前20日股價報酬,至少20%,訓練2017–2021,169,110,1.55,-0.21,49.11,1.17
訊號前20日股價報酬,至少20%,驗證2022–2023,75,41,1.24,-0.29,48.0,1.75
訊號前20日股價報酬,至少20%,最終2024–2025,89,56,0.45,-2.15,40.45,-0.04
訊號前20日股價報酬,至少20%,監測2026,39,20,-0.31,-5.02,35.9,1.48
相對月線位置,月線上0–5%,訓練2017–2021,35,30,-0.67,-2.8,34.29,-0.09
相對月線位置,月線上0–5%,驗證2022–2023,7,7,-2.26,-1.86,28.57,-2.26
相對月線位置,月線上0–5%,最終2024–2025,13,10,0.4,0.96,61.54,-0.77
相對月線位置,月線上5–10%,訓練2017–2021,148,97,0.64,-1.36,45.27,0.98
相對月線位置,月線上5–10%,驗證2022–2023,87,54,1.82,0.3,52.87,2.28
相對月線位置,月線上5–10%,最終2024–2025,67,44,-0.43,-2.52,37.31,0.42
相對月線位置,月線上5–10%,監測2026,14,10,1.78,-0.22,50.0,0.74
相對月線位置,月線上至少10%,訓練2017–2021,258,142,0.93,-0.62,46.9,0.71
相對月線位置,月線上至少10%,驗證2022–2023,121,57,0.86,-0.34,47.11,1.13
相對月線位置,月線上至少10%,最終2024–2025,133,68,0.26,-2.97,39.1,0.87
相對月線位置,月線上至少10%,監測2026,60,21,0.87,-4.03,40.0,0.77
單週大戶跳升,0.75–1pp,訓練2017–2021,105,79,1.65,-0.8,44.76,2.31
單週大戶跳升,0.75–1pp,驗證2022–2023,51,36,1.4,-0.23,49.02,1.18
單週大戶跳升,0.75–1pp,最終2024–2025,48,36,-0.19,-1.63,45.83,0.12
單週大戶跳升,0.75–1pp,監測2026,18,11,1.36,-2.79,44.44,4.3
單週大戶跳升,1–1.5pp,訓練2017–2021,130,93,-0.55,-1.8,43.85,-1.07
單週大戶跳升,1–1.5pp,驗證2022–2023,62,42,2.2,0.75,58.06,1.8
單週大戶跳升,1–1.5pp,最終2024–2025,64,39,1.51,-1.88,43.75,1.09
單週大戶跳升,1–1.5pp,監測2026,21,15,0.94,-1.56,42.86,3.34
單週大戶跳升,1.5–2.5pp,訓練2017–2021,122,95,0.7,-0.79,45.9,1.05
單週大戶跳升,1.5–2.5pp,驗證2022–2023,55,40,2.02,-0.46,45.45,2.76
單週大戶跳升,1.5–2.5pp,最終2024–2025,62,42,-1.52,-3.36,33.87,-1.36
單週大戶跳升,1.5–2.5pp,監測2026,22,13,2.24,-6.2,36.36,2.21
單週大戶跳升,至少2.5pp,訓練2017–2021,84,67,1.48,-0.44,47.62,0.51
單週大戶跳升,至少2.5pp,驗證2022–2023,47,32,-1.53,-2.43,40.43,-1.58
單週大戶跳升,至少2.5pp,最終2024–2025,39,29,0.47,-3.84,35.9,2.13
單週大戶跳升,至少2.5pp,監測2026,14,11,-1.69,-1.79,42.86,-0.56
跳升前流失程度,未流失,訓練2017–2021,244,140,0.68,-0.85,44.67,-0.03
跳升前流失程度,未流失,驗證2022–2023,125,56,1.7,-0.33,48.8,2.48
跳升前流失程度,未流失,最終2024–2025,114,63,0.39,-2.5,43.86,0.95
跳升前流失程度,未流失,監測2026,43,21,-1.06,-3.91,41.86,-1.56
跳升前流失程度,流失0–0.5pp,訓練2017–2021,192,123,0.77,-1.01,45.83,1.3
跳升前流失程度,流失0–0.5pp,驗證2022–2023,90,52,0.38,-0.23,48.89,0.17
跳升前流失程度,流失0–0.5pp,最終2024–2025,98,58,-0.18,-2.83,35.71,-0.05
跳升前流失程度,流失0–0.5pp,監測2026,30,16,3.18,-4.81,40.0,4.62
跳升前流失程度,流失0.5–1pp,訓練2017–2021,5,5,-0.39,0.13,60.0,-0.39
