signal_date,entry_date,stock_id,股票名稱,strategy,價格型態,signal_close,entry_close,whale_lag4_pct,whale_lag3_pct,whale_lag2_pct,whale_lag1_pct,whale_current_pct,單週大戶變化(百分點),兩週大戶變化(百分點),四週大戶變化(百分點),單週相對變化(%),兩週相對變化(%),跳升前3週最低大戶比例(%),selected_lot_bucket,prior_20d_return_pct,return_5d,return_10d,return_20d,return_60d,return_120d,excess_0050_5d,excess_0050_10d,推薦策略,策略條件
2016-12-09,2016-12-12,3455,由田,breakout_60d,60日突破,62.180036,60.973958,16.930000,16.930000,16.930000,16.930000,21.550000,4.620000,4.620000,4.620000,27.288836,27.288836,16.930000,1000,33.717579,0.008791,-0.018681,-0.026374,0.167033,0.125275,0.022518,0.009459,60日突破＋單週大戶跳升＋前期未流失,60日突破；單週大戶增加至少1.50pp；跳升前大戶比例低於40%；跳升前3週未低於4週前
2016-12-16,2016-12-19,3450,聯鈞,breakout_60d,60日突破,346.243469,346.243469,35.940000,36.030000,38.130000,38.110000,40.690000,2.580000,2.560000,4.750000,6.769877,6.713874,36.030000,200,13.537118,0.000000,0.007692,-0.057692,0.138462,0.076923,0.014614,0.006996,60日突破＋單週大戶跳升＋前期未流失,60日突破；單週大戶增加至少1.50pp；跳升前大戶比例低於40%；跳升前3週未低於4週前
2016-12-16,2016-12-19,4906,正文,breakout_60d,60日突破,57.244649,53.555052,27.020000,27.710000,27.950000,29.350000,32.050000,2.700000,4.100000,5.030000,9.199319,14.669052,27.710000,1000,31.619537,0.018789,-0.002088,-0.031315,0.144050,0.240084,0.033403,-0.002784,60日突破＋單週大戶跳升＋前期未流失,60日突破；單週大戶增加至少1.50pp；跳升前大戶比例低於40%；跳升前3週未低於4週前
2016-12-30,2017-01-03,6411,晶焱,breakout_60d,60日突破,64.497935,67.194713,21.170000,21.330000,21.870000,22.270000,24.340000,2.070000,2.470000,3.170000,9.295016,11.294010,21.330000,1000,16.785351,-0.045151,-0.043478,0.168896,0.217391,0.474916,-0.052105,-0.049042,60日突破＋單週大戶跳升＋前期未流失,60日突破；單週大戶增加至少1.50pp；跳升前大戶比例低於40%；跳升前3週未低於4週前
2017-01-20,2017-01-23,6411,晶焱,breakout_60d,60日突破,71.801708,76.745801,22.270000,24.340000,24.210000,24.080000,26.520000,2.440000,2.310000,4.250000,10.132890,9.541512,24.080000,1000,19.439252,0.020498,0.002928,0.024890,-0.060029,0.468989,0.012938,-0.027147,60日突破＋單週大戶跳升＋前期未流失,60日突破；單週大戶增加至少1.50pp；跳升前大戶比例低於40%；跳升前3週未低於4週前
2017-02-18,2017-02-20,6190,萬泰科,breakout_60d,60日突破,18.122527,19.386890,23.660000,23.770000,23.780000,23.790000,25.770000,1.980000,1.990000,2.110000,8.322825,8.368377,23.770000,1000,23.360656,-0.083851,-0.043478,-0.037267,-0.142857,-0.156888,-0.073591,-0.040058,60日突破＋單週大戶跳升＋前期未流失,60日突破；單週大戶增加至少1.50pp；跳升前大戶比例低於40%；跳升前3週未低於4週前
2017-03-10,2017-03-13,3260,威剛,breakout_60d,60日突破,83.981623,84.115565,27.050000,28.300000,27.940000,28.890000,30.690000,1.800000,2.750000,3.640000,6.230530,9.842520,27.940000,1000,17.857143,0.154459,0.273885,0.210191,0.197452,0.253329,0.134459,0.250437,60日突破＋單週大戶跳升＋前期未流失,60日突破；單週大戶增加至少1.50pp；跳升前大戶比例低於40%；跳升前3週未低於4週前
2017-03-10,2017-03-13,3630,新鉅科,breakout_60d,60日突破,45.549967,46.004331,21.510000,21.510000,22.500000,22.210000,30.030000,7.820000,7.530000,8.520000,35.209365,33.466667,21.510000,1000,83.105023,0.144444,0.046914,0.145679,0.096296,0.528395,0.124444,0.023465,60日突破＋單週大戶跳升＋前期未流失,60日突破；單週大戶增加至少1.50pp；跳升前大戶比例低於40%；跳升前3週未低於4週前
2017-03-24,2017-03-27,3260,威剛,breakout_60d,60日突破,103.135326,107.153586,30.240000,31.630000,32.640000,32.740000,38.070000,5.330000,5.430000,7.830000,16.279780,16.636029,31.630000,800,43.925234,0.011250,-0.050000,-0.087500,-0.061250,0.032726,0.005185,-0.047978,60日突破＋單週大戶跳升＋前期未流失,60日突破；單週大戶增加至少1.50pp；跳升前大戶比例低於40%；跳升前3週未低於4週前
2017-03-24,2017-03-27,6411,晶焱,breakout_60d,60日突破,86.521620,84.948500,24.200000,24.790000,24.650000,28.600000,30.660000,2.060000,6.010000,6.460000,7.202797,24.381339,24.650000,1000,12.737921,-0.054233,-0.134921,-0.170635,-0.047619,0.324288,-0.060297,-0.132899,60日突破＋單週大戶跳升＋前期未流失,60日突破；單週大戶增加至少1.50pp；跳升前大戶比例低於40%；跳升前3週未低於4週前
2017-08-04,2017-08-07,3035,智原,breakout_60d,60日突破,68.807169,69.348957,29.960000,30.150000,30.530000,31.510000,34.410000,2.900000,3.880000,4.450000,9.203427,12.708811,30.150000,1000,15.304799,-0.044398,0.034379,0.037804,0.067488,0.575544,-0.017876,0.057284,60日突破＋單週大戶跳升＋前期未流失,60日突破；單週大戶增加至少1.50pp；跳升前大戶比例低於40%；跳升前3週未低於4週前
2017-08-18,2017-08-21,3006,晶豪科,breakout_60d,60日突破,71.215362,75.191855,28.320000,29.150000,28.850000,28.590000,31.160000,2.570000,2.310000,2.840000,8.989157,8.006932,28.590000,1000,7.945205,0.091346,0.067308,0.057692,0.067308,-0.015625,0.072839,0.045099,60日突破＋單週大戶跳升＋前期未流失,60日突破；單週大戶增加至少1.50pp；跳升前大戶比例低於40%；跳升前3週未低於4週前
2017-08-18,2017-08-21,3035,智原,breakout_60d,60日突破,72.841571,71.733112,30.530000,31.510000,34.410000,36.660000,39.060000,2.400000,4.650000,8.530000,6.546645,13.513514,31.510000,1000,21.279013,0.016556,0.003311,-0.036424,0.167770,0.525386,-0.001951,-0.018897,60日突破＋單週大戶跳升＋前期未流失,60日突破；單週大戶增加至少1.50pp；跳升前大戶比例低於40%；跳升前3週未低於4週前
2017-08-25,2017-08-28,3689,湧德,breakout_60d,60日突破,65.743723,68.786189,11.860000,11.860000,11.860000,14.300000,16.100000,1.800000,4.240000,4.240000,12.587413,35.750422,11.860000,1000,33.243968,0.071154,0.059615,-0.052885,-0.017308,-0.059615,0.067520,0.059615,60日突破＋單週大戶跳升＋前期未流失,60日突破；單週大戶增加至少1.50pp；跳升前大戶比例低於40%；跳升前3週未低於4週前
2017-09-08,2017-09-11,2340,台亞,breakout_60d,60日突破,19.130265,19.613895,33.320000,33.570000,33.490000,34.050000,35.810000,1.760000,2.320000,2.490000,5.168869,6.927441,33.490000,1000,17.880795,0.150685,,-0.033563,0.089658,0.171805,0.143417,,60日突破＋單週大戶跳升＋前期未流失,60日突破；單週大戶增加至少1.50pp；跳升前大戶比例低於40%；跳升前3週未低於4週前
2017-09-22,2017-09-25,2369,菱生,breakout_60d,60日突破,29.423661,29.770843,34.390000,34.420000,34.820000,34.820000,37.780000,2.960000,2.960000,3.390000,8.500862,8.500862,34.420000,1000,18.531469,0.014577,-0.032070,-0.061224,-0.128280,-0.215743,0.011489,-0.062336,60日突破＋單週大戶跳升＋前期未流失,60日突破；單週大戶增加至少1.50pp；跳升前大戶比例低於40%；跳升前3週未低於4週前
2017-09-22,2017-09-25,8924,大田,breakout_60d,60日突破,45.098779,47.272214,35.410000,35.410000,36.320000,36.190000,38.230000,2.040000,1.910000,2.820000,5.636916,5.258811,35.410000,1000,36.065574,-0.041667,-0.077586,0.011494,0.054598,0.250000,-0.044755,-0.107852,60日突破＋單週大戶跳升＋前期未流失,60日突破；單週大戶增加至少1.50pp；跳升前大戶比例低於40%；跳升前3週未低於4週前
2017-10-13,2017-10-16,8249,菱光,breakout_60d,60日突破,65.556569,64.481871,37.730000,37.730000,37.730000,37.730000,40.280000,2.550000,2.550000,2.550000,6.758548,6.758548,37.730000,1000,10.685484,-0.038889,-0.044444,-0.087037,-0.035185,-0.031481,-0.038889,-0.049770,60日突破＋單週大戶跳升＋前期未流失,60日突破；單週大戶增加至少1.50pp；跳升前大戶比例低於40%；跳升前3週未低於4週前
2017-10-20,2017-10-23,3567,逸昌,breakout_60d,60日突破,42.561313,43.003126,21.670000,21.670000,21.670000,21.670000,24.510000,2.840000,2.840000,2.840000,13.105676,13.105676,21.670000,1000,13.779528,-0.011986,0.136986,0.022260,0.094178,0.042808,-0.017312,0.132844,60日突破＋單週大戶跳升＋前期未流失,60日突破；單週大戶增加至少1.50pp；跳升前大戶比例低於40%；跳升前3週未低於4週前
2017-11-10,2017-11-13,3455,由田,breakout_60d,60日突破,80.343330,76.769339,16.650000,16.650000,16.650000,16.650000,20.740000,4.090000,4.090000,4.090000,24.564565,24.564565,16.650000,1000,17.097298,-0.055866,-0.048417,-0.094041,-0.204842,-0.239292,-0.052307,-0.046638,60日突破＋單週大戶跳升＋前期未流失,60日突破；單週大戶增加至少1.50pp；跳升前大戶比例低於40%；跳升前3週未低於4週前
2017-11-10,2017-11-13,4714,永捷,breakout_60d,60日突破,26.482757,25.566927,24.700000,26.630000,25.130000,25.260000,28.470000,3.210000,3.340000,3.770000,12.707838,13.290887,25.130000,1000,17.229730,-0.023881,-0.029851,-0.083582,-0.170149,-0.170149,-0.020322,-0.028071,60日突破＋單週大戶跳升＋前期未流失,60日突破；單週大戶增加至少1.50pp；跳升前大戶比例低於40%；跳升前3週未低於4週前
2018-01-12,2018-01-15,3048,益登,breakout_60d,60日突破,57.615217,58.573190,38.320000,38.560000,39.150000,39.310000,41.460000,2.150000,2.310000,3.140000,5.469346,5.900383,38.560000,1000,5.513784,-0.018692,-0.077103,-0.137850,-0.196262,-0.158181,-0.057676,-0.113800,60日突破＋單週大戶跳升＋前期未流失,60日突破；單週大戶增加至少1.50pp；跳升前大戶比例低於40%；跳升前3週未低於4週前
2018-01-26,2018-01-29,3324,雙鴻,breakout_60d,60日突破,104.342194,106.686963,29.640000,29.770000,29.840000,31.290000,34.580000,3.290000,4.740000,4.940000,10.514541,15.884718,29.770000,800,21.917808,-0.024176,-0.054945,-0.115385,-0.285714,-0.175545,-0.001382,0.013436,60日突破＋單週大戶跳升＋前期未流失,60日突破；單週大戶增加至少1.50pp；跳升前大戶比例低於40%；跳升前3週未低於4週前
2018-02-09,2018-02-12,3224,三顧,breakout_60d,60日突破,40.518369,42.148418,27.500000,28.700000,29.490000,29.390000,31.160000,1.770000,1.670000,3.660000,6.022457,5.662937,28.700000,1000,17.832957,0.033149,0.090239,0.114180,0.114180,0.101289,-0.000101,0.063891,60日突破＋單週大戶跳升＋前期未流失,60日突破；單週大戶增加至少1.50pp；跳升前大戶比例低於40%；跳升前3週未低於4週前
2018-03-31,2018-04-02,6411,晶焱,breakout_60d,60日突破,127.285672,125.467306,33.560000,35.610000,34.740000,37.230000,38.860000,1.630000,4.120000,5.300000,4.378190,11.859528,34.740000,600,13.024758,-0.080193,-0.088889,-0.123671,0.019324,-0.050897,-0.083233,-0.093752,60日突破＋單週大戶跳升＋前期未流失,60日突破；單週大戶增加至少1.50pp；跳升前大戶比例低於40%；跳升前3週未低於4週前
2018-07-13,2018-07-16,4984,名稱未提供,breakout_60d,60日突破,81.209111,81.209111,15.800000,15.800000,18.020000,20.400000,22.550000,2.150000,4.530000,6.750000,10.539216,25.138735,15.800000,1000,3.883495,0.005607,0.005607,0.011215,,,-0.021561,-0.033710,60日突破＋單週大戶跳升＋前期未流失,60日突破；單週大戶增加至少1.50pp；跳升前大戶比例低於40%；跳升前3週未低於4週前
2018-08-17,2018-08-20,2419,仲琦,breakout_60d,60日突破,40.806777,40.989767,29.860000,31.300000,31.820000,32.450000,34.590000,2.140000,2.770000,4.730000,6.594761,8.705217,31.300000,1000,9.852217,-0.008929,,-0.095384,-0.200817,-0.129122,-0.027988,,60日突破＋單週大戶跳升＋前期未流失,60日突破；單週大戶增加至少1.50pp；跳升前大戶比例低於40%；跳升前3週未低於4週前
2018-11-16,2018-11-19,3455,由田,breakout_60d,60日突破,87.849943,96.486040,14.060000,14.320000,16.150000,14.320000,20.030000,5.710000,3.880000,5.970000,39.874302,24.024768,14.320000,1000,23.148018,0.114198,0.063272,0.134259,0.117284,0.075617,0.121368,0.035892,60日突破＋單週大戶跳升＋前期未流失,60日突破；單週大戶增加至少1.50pp；跳升前大戶比例低於40%；跳升前3週未低於4週前
2018-12-14,2018-12-17,3455,由田,breakout_60d,60日突破,117.629585,109.440184,25.810000,31.850000,30.230000,28.840000,32.130000,3.290000,1.900000,6.320000,11.407767,6.285147,28.840000,600,33.898305,-0.039456,-0.051701,-0.097959,0.061224,-0.040816,-0.024973,-0.045776,60日突破＋單週大戶跳升＋前期未流失,60日突破；單週大戶增加至少1.50pp；跳升前大戶比例低於40%；跳升前3週未低於4週前
2019-02-22,2019-02-25,2367,燿華,breakout_60d,60日突破,36.134700,35.600690,32.530000,32.640000,33.390000,35.130000,37.980000,2.850000,4.590000,5.450000,8.112724,13.746631,32.640000,1000,37.162162,0.047500,0.090000,0.052500,-0.115000,0.187081,0.054597,0.095161,60日突破＋單週大戶跳升＋前期未流失,60日突破；單週大戶增加至少1.50pp；跳升前大戶比例低於40%；跳升前3週未低於4週前
2019-03-08,2019-03-11,2488,漢平,breakout_60d,60日突破,87.588921,88.146102,37.460000,37.460000,37.460000,37.460000,41.660000,4.200000,4.200000,4.200000,11.211959,11.211959,37.460000,1000,9.166667,0.072061,0.003793,-0.005057,-0.060683,-0.022756,0.046453,-0.022471,60日突破＋單週大戶跳升＋前期未流失,60日突破；單週大戶增加至少1.50pp；跳升前大戶比例低於40%；跳升前3週未低於4週前
2019-03-29,2019-04-01,2727,王品,breakout_60d,60日突破,127.517798,123.541436,35.670000,35.700000,35.820000,35.800000,37.460000,1.660000,1.640000,1.790000,4.636872,4.578448,35.700000,600,12.590799,0.003330,0.054384,0.041065,-0.079716,-0.082058,-0.017334,0.018066,60日突破＋單週大戶跳升＋前期未流失,60日突破；單週大戶增加至少1.50pp；跳升前大戶比例低於40%；跳升前3週未低於4週前
2019-03-29,2019-04-01,8086,宏捷科,breakout_60d,60日突破,71.422131,71.422131,16.450000,16.850000,16.910000,16.590000,21.960000,5.370000,5.050000,5.510000,32.368897,29.863986,16.590000,1000,15.138593,0.000000,-0.024074,-0.018519,0.226496,0.570675,-0.020664,-0.060392,60日突破＋單週大戶跳升＋前期未流失,60日突破；單週大戶增加至少1.50pp；跳升前大戶比例低於40%；跳升前3週未低於4週前
2019-04-26,2019-04-29,6182,合晶,breakout_60d,60日突破,53.606082,50.219063,27.900000,29.280000,29.060000,28.100000,29.860000,1.760000,0.800000,1.960000,6.263345,2.752925,28.100000,1000,11.820652,-0.003891,-0.085603,-0.145266,0.022596,0.010092,-0.008118,-0.047560,60日突破＋單週大戶跳升＋前期未流失,60日突破；單週大戶增加至少1.50pp；跳升前大戶比例低於40%；跳升前3週未低於4週前
2019-07-12,2019-07-15,2337,旺宏,breakout_60d,60日突破,21.705699,23.623308,24.520000,25.190000,25.020000,26.000000,29.390000,3.390000,4.370000,4.870000,13.038462,17.466027,25.020000,1000,24.590164,0.044905,0.101900,-0.053114,0.175943,0.356302,0.033944,0.090333,60日突破＋單週大戶跳升＋前期未流失,60日突破；單週大戶增加至少1.50pp；跳升前大戶比例低於40%；跳升前3週未低於4週前
2019-07-12,2019-07-15,2367,燿華,breakout_60d,60日突破,42.008814,42.275819,36.330000,38.160000,37.950000,39.520000,41.290000,1.770000,3.340000,4.960000,4.478745,8.801054,37.950000,1000,21.963824,0.031755,0.010350,-0.056008,0.605429,0.378528,0.020795,-0.001217,60日突破＋單週大戶跳升＋前期未流失,60日突破；單週大戶增加至少1.50pp；跳升前大戶比例低於40%；跳升前3週未低於4週前
2019-08-23,2019-08-26,3479,安勤,breakout_60d,60日突破,140.676621,142.382942,37.350000,40.580000,39.780000,39.730000,42.310000,2.580000,2.530000,4.960000,6.493833,6.359980,39.730000,600,19.677419,0.011984,0.057257,0.091877,0.058589,0.138482,-0.016265,0.005154,60日突破＋單週大戶跳升＋前期未流失,60日突破；單週大戶增加至少1.50pp；跳升前大戶比例低於40%；跳升前3週未低於4週前
2019-08-23,2019-08-26,5289,宜鼎,breakout_60d,60日突破,212.584240,210.063479,33.040000,34.100000,34.240000,34.920000,36.990000,2.070000,2.750000,3.950000,5.927835,8.031542,34.100000,400,4.979253,0.024000,0.044000,0.144000,0.228000,0.496000,-0.004249,-0.008103,60日突破＋單週大戶跳升＋前期未流失,60日突破；單週大戶增加至少1.50pp；跳升前大戶比例低於40%；跳升前3週未低於4週前
2019-09-20,2019-09-23,2337,旺宏,breakout_60d,60日突破,28.802222,28.589188,32.860000,32.920000,34.260000,34.820000,37.380000,2.560000,3.120000,4.520000,7.352096,9.106830,32.920000,1000,25.650558,-0.070045,-0.026826,-0.017884,0.104322,-0.207154,-0.087204,-0.050494,60日突破＋單週大戶跳升＋前期未流失,60日突破；單週大戶增加至少1.50pp；跳升前大戶比例低於40%；跳升前3週未低於4週前
2019-11-22,2019-11-25,3545,敦泰,breakout_60d,60日突破,29.585310,29.933372,29.850000,31.390000,31.900000,31.510000,33.920000,2.410000,2.020000,4.070000,7.648366,6.332288,31.390000,1000,11.111111,0.000000,-0.007752,-0.093023,0.178295,0.193798,0.005940,-0.019091,60日突破＋單週大戶跳升＋前期未流失,60日突破；單週大戶增加至少1.50pp；跳升前大戶比例低於40%；跳升前3週未低於4週前
2019-11-29,2019-12-02,6185,幃翔,breakout_60d,60日突破,74.579271,77.215129,33.350000,34.210000,34.230000,34.240000,36.840000,2.600000,2.610000,3.490000,7.593458,7.624890,34.210000,1000,30.352304,0.022088,-0.028112,-0.102410,-0.341365,-0.317269,0.004706,-0.080258,60日突破＋單週大戶跳升＋前期未流失,60日突破；單週大戶增加至少1.50pp；跳升前大戶比例低於40%；跳升前3週未低於4週前
2019-12-20,2019-12-23,3260,威剛,breakout_60d,60日突破,107.082372,104.424854,21.630000,21.640000,22.090000,22.300000,26.730000,4.430000,4.640000,5.100000,19.865471,21.004980,21.640000,800,29.734848,0.022455,0.034431,0.032934,-0.318114,-0.148204,0.015764,0.045239,60日突破＋單週大戶跳升＋前期未流失,60日突破；單週大戶增加至少1.50pp；跳升前大戶比例低於40%；跳升前3週未低於4週前
2019-12-27,2019-12-30,3260,威剛,breakout_60d,60日突破,110.052540,106.769723,21.640000,22.090000,22.300000,26.730000,28.540000,1.810000,6.240000,6.900000,6.771418,27.982063,22.090000,800,35.907336,0.011713,0.111274,0.092240,-0.277452,-0.122987,0.029095,0.103094,60日突破＋單週大戶跳升＋前期未流失,60日突破；單週大戶增加至少1.50pp；跳升前大戶比例低於40%；跳升前3週未低於4週前
2020-02-21,2020-02-24,2535,達欣工,breakout_60d,60日突破,59.988141,59.724457,34.180000,34.570000,34.360000,34.540000,36.060000,1.520000,1.700000,1.880000,4.400695,4.947614,34.360000,1000,5.080831,-0.004415,-0.033113,-0.169978,-0.046358,0.181358,0.012233,0.009063,60日突破＋單週大戶跳升＋前期未流失,60日突破；單週大戶增加至少1.50pp；跳升前大戶比例低於40%；跳升前3週未低於4週前
2020-04-30,2020-05-04,3006,晶豪科,breakout_60d,60日突破,82.417075,83.221144,32.300000,33.060000,32.910000,33.700000,35.810000,2.110000,2.900000,3.510000,6.261128,8.811911,32.910000,1000,44.876325,-0.004831,0.008454,0.000000,-0.048802,0.052758,-0.029530,0.006647,60日突破＋單週大戶跳升＋前期未流失,60日突破；單週大戶增加至少1.50pp；跳升前大戶比例低於40%；跳升前3週未低於4週前
2020-04-30,2020-05-04,6683,雍智科技,breakout_60d,60日突破,214.150289,221.780347,29.550000,29.550000,29.550000,29.550000,31.470000,1.920000,1.920000,1.920000,6.497462,6.497462,29.550000,400,48.763251,0.043578,0.022936,0.103211,0.545872,0.446770,0.018879,0.021129,60日突破＋單週大戶跳升＋前期未流失,60日突破；單週大戶增加至少1.50pp；跳升前大戶比例低於40%；跳升前3週未低於4週前
2020-05-08,2020-05-11,3537,堡達,breakout_60d,60日突破,79.611210,79.186617,29.620000,29.620000,29.620000,29.620000,31.740000,2.120000,2.120000,2.120000,7.157326,7.157326,29.620000,1000,29.757785,0.033512,0.054960,0.067024,0.046721,-0.068219,0.055852,0.073184,60日突破＋單週大戶跳升＋前期未流失,60日突破；單週大戶增加至少1.50pp；跳升前大戶比例低於40%；跳升前3週未低於4週前
2020-05-15,2020-05-18,8011,台通,breakout_60d,60日突破,22.312321,24.108897,30.000000,30.110000,30.110000,30.110000,31.920000,1.810000,1.810000,1.920000,6.011292,6.011292,30.110000,1000,48.076923,-0.182692,-0.192308,-0.197115,-0.175481,-0.254808,-0.186902,-0.213354,60日突破＋單週大戶跳升＋前期未流失,60日突破；單週大戶增加至少1.50pp；跳升前大戶比例低於40%；跳升前3週未低於4週前
2020-06-12,2020-06-15,8027,鈦昇,breakout_60d,60日突破,51.525632,50.980387,25.620000,25.960000,27.000000,26.190000,29.630000,3.440000,2.630000,4.010000,13.134784,9.740741,25.960000,1000,45.384615,0.011765,0.110160,0.150802,0.508021,0.920856,-0.011799,0.069931,60日突破＋單週大戶跳升＋前期未流失,60日突破；單週大戶增加至少1.50pp；跳升前大戶比例低於40%；跳升前3週未低於4週前
2020-07-03,2020-07-06,3038,全台,breakout_60d,60日突破,34.050430,35.543246,28.300000,28.380000,29.550000,29.920000,32.810000,2.890000,3.260000,4.510000,9.659091,11.032149,28.380000,1000,16.262136,-0.151261,-0.193277,-0.218487,-0.275210,-0.199580,-0.171441,-0.224079,60日突破＋單週大戶跳升＋前期未流失,60日突破；單週大戶增加至少1.50pp；跳升前大戶比例低於40%；跳升前3週未低於4週前
2020-07-03,2020-07-06,6261,久元,breakout_60d,60日突破,169.741320,169.487974,38.550000,39.060000,40.270000,39.680000,41.910000,2.230000,1.640000,3.360000,5.619960,4.072511,39.060000,400,7.028754,-0.022422,-0.038864,0.011958,-0.168508,-0.044335,-0.042602,-0.069666,60日突破＋單週大戶跳升＋前期未流失,60日突破；單週大戶增加至少1.50pp；跳升前大戶比例低於40%；跳升前3週未低於4週前
2020-08-21,2020-08-24,4953,緯致,breakout_60d,60日突破,150.849628,160.649231,38.360000,38.360000,38.360000,38.360000,39.870000,1.510000,1.510000,1.510000,3.936392,3.936392,38.360000,600,21.474774,0.000000,-0.023000,-0.120000,-0.070000,-0.048000,0.012609,-0.016210,60日突破＋單週大戶跳升＋前期未流失,60日突破；單週大戶增加至少1.50pp；跳升前大戶比例低於40%；跳升前3週未低於4週前
2020-10-16,2020-10-19,6457,名稱未提供,breakout_60d,60日突破,90.341321,92.846935,14.050000,14.090000,14.100000,14.100000,16.790000,2.690000,2.690000,2.740000,19.078014,19.078014,14.090000,800,10.186757,0.064468,0.046477,-0.034483,0.784108,1.653673,0.069158,0.076496,60日突破＋單週大戶跳升＋前期未流失,60日突破；單週大戶增加至少1.50pp；跳升前大戶比例低於40%；跳升前3週未低於4週前
2020-10-30,2020-11-02,5443,均豪,breakout_60d,60日突破,48.116471,46.827031,34.660000,34.810000,40.320000,36.490000,39.110000,2.620000,-1.210000,4.450000,7.180049,-3.000992,34.810000,1000,49.263158,0.026087,0.152174,0.057971,0.262319,0.010145,-0.019368,0.061265,60日突破＋單週大戶跳升＋前期未流失,60日突破；單週大戶增加至少1.50pp；跳升前大戶比例低於40%；跳升前3週未低於4週前
2020-11-13,2020-11-16,8358,金居,breakout_60d,60日突破,56.973375,59.098256,24.190000,24.560000,24.690000,24.640000,26.720000,2.080000,2.030000,2.530000,8.441558,8.221952,24.560000,1000,16.417910,-0.002247,0.030337,-0.030337,0.361798,0.766292,-0.025740,0.025904,60日突破＋單週大戶跳升＋前期未流失,60日突破；單週大戶增加至少1.50pp；跳升前大戶比例低於40%；跳升前3週未低於4週前
2020-11-20,2020-11-23,2337,旺宏,breakout_60d,60日突破,31.187593,32.470487,26.800000,29.020000,28.190000,26.910000,33.870000,6.960000,5.680000,7.070000,25.863991,20.148989,26.910000,1000,7.142857,0.049046,0.211172,0.104905,0.318801,0.111717,0.067669,0.185619,60日突破＋單週大戶跳升＋前期未流失,60日突破；單週大戶增加至少1.50pp；跳升前大戶比例低於40%；跳升前3週未低於4週前
2020-11-20,2020-11-23,2401,凌陽,breakout_60d,60日突破,33.413544,32.883171,39.260000,39.820000,39.800000,39.730000,41.380000,1.650000,1.580000,2.120000,4.153033,3.969849,39.730000,1000,6.418919,0.006452,0.138710,0.093548,0.645161,0.858065,0.025074,0.113157,60日突破＋單週大戶跳升＋前期未流失,60日突破；單週大戶增加至少1.50pp；跳升前大戶比例低於40%；跳升前3週未低於4週前
2020-11-27,2020-11-30,3209,全科,breakout_60d,60日突破,106.453444,105.772506,28.610000,28.610000,29.040000,29.700000,31.290000,1.590000,2.250000,2.680000,5.353535,7.747934,28.610000,800,18.136020,0.008584,0.017167,0.038627,0.077253,0.223176,-0.036430,-0.026522,60日突破＋單週大戶跳升＋前期未流失,60日突破；單週大戶增加至少1.50pp；跳升前大戶比例低於40%；跳升前3週未低於4週前
2020-12-04,2020-12-07,2436,偉詮電,breakout_60d,60日突破,51.210528,50.520359,26.030000,26.220000,27.830000,27.990000,30.750000,2.760000,2.920000,4.720000,9.860665,10.492275,26.220000,1000,22.039474,0.225410,0.312842,0.293716,0.284153,0.980874,0.226677,0.304818,60日突破＋單週大戶跳升＋前期未流失,60日突破；單週大戶增加至少1.50pp；跳升前大戶比例低於40%；跳升前3週未低於4週前
2021-02-26,2021-03-02,8021,尖點,breakout_60d,60日突破,62.191311,67.654061,29.230000,30.310000,30.320000,31.160000,32.810000,1.650000,2.490000,3.580000,5.295250,8.212401,30.310000,1000,8.424908,0.003106,0.049689,0.020186,0.231366,0.253131,0.018842,0.035452,60日突破＋單週大戶跳升＋前期未流失,60日突破；單週大戶增加至少1.50pp；跳升前大戶比例低於40%；跳升前3週未低於4週前
2021-03-19,2021-03-22,2471,資通,breakout_60d,60日突破,62.935457,62.110074,11.210000,11.210000,11.210000,11.210000,13.550000,2.340000,2.340000,2.340000,20.874219,20.874219,11.210000,1000,12.338858,-0.018272,0.016611,0.013289,-0.132890,-0.179828,-0.033640,-0.016372,60日突破＋單週大戶跳升＋前期未流失,60日突破；單週大戶增加至少1.50pp；跳升前大戶比例低於40%；跳升前3週未低於4週前
2021-04-01,2021-04-06,3317,尼克森,breakout_60d,60日突破,85.901803,84.445840,20.960000,20.970000,20.970000,20.970000,22.610000,1.640000,1.640000,1.650000,7.820696,7.820696,20.970000,1000,12.380952,-0.020690,0.158621,0.065517,0.203448,0.203541,-0.017057,0.146997,60日突破＋單週大戶跳升＋前期未流失,60日突破；單週大戶增加至少1.50pp；跳升前大戶比例低於40%；跳升前3週未低於4週前
2021-04-01,2021-04-06,6706,惠特,breakout_60d,60日突破,188.923077,201.757525,34.710000,35.630000,38.430000,36.900000,41.440000,4.540000,3.010000,6.730000,12.303523,7.832423,35.630000,400,18.327974,-0.071247,-0.020356,-0.188295,-0.150127,-0.078880,-0.067614,-0.031980,60日突破＋單週大戶跳升＋前期未流失,60日突破；單週大戶增加至少1.50pp；跳升前大戶比例低於40%；跳升前3週未低於4週前
2021-04-09,2021-04-12,1762,中化生,breakout_60d,60日突破,80.641491,80.511424,35.720000,35.920000,36.120000,36.260000,37.780000,1.520000,1.660000,2.060000,4.191947,4.595792,35.920000,1000,8.013937,0.022617,0.042003,-0.046850,0.029079,0.307380,0.005483,0.012474,60日突破＋單週大戶跳升＋前期未流失,60日突破；單週大戶增加至少1.50pp；跳升前大戶比例低於40%；跳升前3週未低於4週前
2021-04-09,2021-04-12,1784,訊聯,breakout_60d,60日突破,55.209415,57.747779,13.790000,13.790000,13.810000,13.820000,16.720000,2.900000,2.910000,2.930000,20.984081,21.071687,13.790000,1000,13.428944,-0.071429,-0.093407,-0.138462,-0.102198,-0.073942,-0.088563,-0.122936,60日突破＋單週大戶跳升＋前期未流失,60日突破；單週大戶增加至少1.50pp；跳升前大戶比例低於40%；跳升前3週未低於4週前
2021-04-09,2021-04-12,2471,資通,breakout_60d,60日突破,63.760840,62.213246,11.210000,13.550000,13.380000,11.210000,13.330000,2.120000,-0.050000,2.120000,18.911686,-0.373692,11.210000,1000,6.368330,0.004975,0.018242,-0.097844,-0.122720,-0.202364,-0.012159,-0.011288,60日突破＋單週大戶跳升＋前期未流失,60日突破；單週大戶增加至少1.50pp；跳升前大戶比例低於40%；跳升前3週未低於4週前
2021-04-09,2021-04-12,6170,統振,breakout_60d,60日突破,41.585142,40.632811,34.330000,35.470000,35.360000,34.500000,36.090000,1.590000,0.730000,1.760000,4.608696,2.064480,34.500000,1000,39.733333,0.027344,0.050781,-0.054688,0.476493,0.535228,0.010209,0.021252,60日突破＋單週大戶跳升＋前期未流失,60日突破；單週大戶增加至少1.50pp；跳升前大戶比例低於40%；跳升前3週未低於4週前
2021-04-09,2021-04-12,6223,旺矽,breakout_60d,60日突破,259.817226,234.201443,28.590000,28.890000,29.530000,31.060000,36.460000,5.400000,6.930000,7.870000,17.385705,23.467660,28.890000,400,26.785714,0.019531,0.070312,-0.148438,0.093750,-0.053421,0.002397,0.040783,60日突破＋單週大戶跳升＋前期未流失,60日突破；單週大戶增加至少1.50pp；跳升前大戶比例低於40%；跳升前3週未低於4週前
2021-04-23,2021-04-26,1815,富喬,breakout_60d,60日突破,29.503475,29.209176,35.520000,35.580000,35.860000,35.700000,37.550000,1.850000,1.690000,2.030000,5.182073,4.712772,35.580000,1000,30.194805,-0.110831,-0.181360,-0.244332,0.020151,-0.173804,-0.081440,-0.125057,60日突破＋單週大戶跳升＋前期未流失,60日突破；單週大戶增加至少1.50pp；跳升前大戶比例低於40%；跳升前3週未低於4週前
2021-05-07,2021-05-10,2233,宇隆,breakout_60d,60日突破,250.790825,256.882910,34.050000,36.500000,37.020000,37.200000,39.330000,2.130000,2.310000,5.280000,5.725806,6.239870,36.500000,400,13.302752,-0.270356,-0.181818,-0.090909,0.015810,-0.156020,-0.184043,-0.136314,60日突破＋單週大戶跳升＋前期未流失,60日突破；單週大戶增加至少1.50pp；跳升前大戶比例低於40%；跳升前3週未低於4週前
2021-05-07,2021-05-10,3232,昱捷,breakout_60d,60日突破,28.622659,30.610344,31.140000,31.180000,35.850000,36.680000,41.600000,4.920000,5.750000,10.460000,13.413304,16.039052,31.180000,1000,50.898204,-0.261596,-0.172542,-0.163265,-0.246753,0.103070,-0.175283,-0.127038,60日突破＋單週大戶跳升＋前期未流失,60日突破；單週大戶增加至少1.50pp；跳升前大戶比例低於40%；跳升前3週未低於4週前
2021-06-25,2021-06-28,3605,宏致,breakout_60d,60日突破,109.494033,120.233084,39.230000,40.650000,42.470000,39.950000,41.490000,1.540000,-0.980000,2.260000,3.854819,-2.307511,39.950000,800,14.866434,-0.027624,0.143646,0.110497,-0.119382,-0.076470,-0.045117,0.130527,60日突破＋單週大戶跳升＋前期未流失,60日突破；單週大戶增加至少1.50pp；跳升前大戶比例低於40%；跳升前3週未低於4週前
2021-07-30,2021-08-02,3556,禾瑞亞,breakout_60d,60日突破,337.663750,340.638761,23.210000,26.930000,27.440000,32.540000,35.060000,2.520000,7.620000,11.850000,7.744315,27.769679,26.930000,200,70.676692,-0.117904,-0.179913,-0.192603,-0.286660,-0.314597,-0.121530,-0.161421,60日突破＋單週大戶跳升＋前期未流失,60日突破；單週大戶增加至少1.50pp；跳升前大戶比例低於40%；跳升前3週未低於4週前
2021-10-22,2021-10-25,3491,昇達科,breakout_60d,60日突破,304.076993,305.067472,34.570000,34.910000,35.660000,37.380000,39.300000,1.920000,3.640000,4.730000,5.136437,10.207515,34.910000,200,17.324841,0.477273,0.623377,0.872294,1.126623,0.639610,0.476540,0.602849,60日突破＋單週大戶跳升＋前期未流失,60日突破；單週大戶增加至少1.50pp；跳升前大戶比例低於40%；跳升前3週未低於4週前
2021-10-29,2021-11-01,3019,亞光,breakout_60d,60日突破,137.384194,136.142303,37.710000,37.750000,37.750000,38.050000,39.610000,1.560000,1.860000,1.900000,4.099869,4.927152,37.750000,600,15.234375,-0.041049,0.075257,0.072976,-0.039909,-0.189282,-0.060829,0.042656,60日突破＋單週大戶跳升＋前期未流失,60日突破；單週大戶增加至少1.50pp；跳升前大戶比例低於40%；跳升前3週未低於4週前
2021-11-12,2021-11-15,3221,台嘉碩,breakout_60d,60日突破,65.690436,72.231840,18.470000,18.950000,18.920000,20.410000,23.800000,3.390000,4.880000,5.330000,16.609505,25.792812,18.920000,1000,25.087719,0.056122,0.001276,0.076531,-0.141582,-0.072704,0.045480,0.021141,60日突破＋單週大戶跳升＋前期未流失,60日突破；單週大戶增加至少1.50pp；跳升前大戶比例低於40%；跳升前3週未低於4週前
2021-11-12,2021-11-15,6231,系微,breakout_60d,60日突破,146.136049,145.302890,25.550000,25.560000,25.560000,25.560000,27.190000,1.630000,1.630000,1.640000,6.377152,6.377152,25.560000,600,24.220963,0.021789,-0.045872,0.011468,0.029817,0.044725,0.011147,-0.026006,60日突破＋單週大戶跳升＋前期未流失,60日突破；單週大戶增加至少1.50pp；跳升前大戶比例低於40%；跳升前3週未低於4週前
2021-12-10,2021-12-13,6251,名稱未提供,breakout_60d,60日突破,28.977879,28.612612,25.070000,26.110000,27.250000,27.680000,30.850000,3.170000,3.600000,5.780000,11.452312,13.211009,26.110000,1000,11.737089,-0.038298,-0.012766,-0.093617,-0.034043,0.002128,-0.032291,-0.031494,60日突破＋單週大戶跳升＋前期未流失,60日突破；單週大戶增加至少1.50pp；跳升前大戶比例低於40%；跳升前3週未低於4週前
2021-12-17,2021-12-20,3060,銘異,breakout_60d,60日突破,65.114082,65.461048,13.790000,13.800000,14.060000,14.050000,16.480000,2.430000,2.420000,2.690000,17.295374,17.211949,13.800000,1000,9.108527,-0.074205,-0.083039,-0.155477,-0.192580,-0.328622,-0.099089,-0.146672,60日突破＋單週大戶跳升＋前期未流失,60日突破；單週大戶增加至少1.50pp；跳升前大戶比例低於40%；跳升前3週未低於4週前
2022-02-18,2022-02-21,2337,旺宏,breakout_60d,60日突破,41.090586,40.726146,36.380000,36.480000,36.650000,37.480000,40.980000,3.500000,4.330000,4.600000,9.338314,11.814461,36.480000,1000,12.609238,-0.011186,-0.070470,-0.054810,-0.120805,-0.202697,0.012111,0.017500,60日突破＋單週大戶跳升＋前期未流失,60日突破；單週大戶增加至少1.50pp；跳升前大戶比例低於40%；跳升前3週未低於4週前
2022-04-01,2022-04-06,3535,晶彩科,breakout_60d,60日突破,41.148744,44.334454,27.910000,28.280000,29.980000,29.990000,33.190000,3.200000,3.210000,5.280000,10.670223,10.707138,28.280000,1000,10.714286,-0.077844,-0.167665,-0.249501,-0.055888,0.014943,-0.069037,-0.141243,60日突破＋單週大戶跳升＋前期未流失,60日突破；單週大戶增加至少1.50pp；跳升前大戶比例低於40%；跳升前3週未低於4週前
2022-04-08,2022-04-11,5309,系統電,breakout_60d,60日突破,30.999787,30.115090,19.130000,19.160000,19.370000,19.380000,24.670000,5.290000,5.300000,5.540000,27.296182,27.361900,19.160000,1000,16.026490,-0.051704,-0.039953,-0.083431,-0.111633,-0.148061,-0.044909,-0.015793,60日突破＋單週大戶跳升＋前期未流失,60日突破；單週大戶增加至少1.50pp；跳升前大戶比例低於40%；跳升前3週未低於4週前
2022-04-08,2022-04-11,6443,元晶,breakout_60d,60日突破,28.854252,29.315393,21.680000,25.070000,24.020000,23.670000,26.490000,2.820000,2.470000,4.810000,11.913815,10.283097,23.670000,1000,6.829268,0.060674,0.044944,-0.138202,-0.242697,-0.192135,0.067469,0.069104,60日突破＋單週大戶跳升＋前期未流失,60日突破；單週大戶增加至少1.50pp；跳升前大戶比例低於40%；跳升前3週未低於4週前
2022-06-17,2022-06-20,6125,廣運,breakout_60d,60日突破,66.192800,65.017084,37.110000,37.240000,38.060000,39.940000,41.670000,1.730000,3.610000,4.560000,4.331497,9.485024,37.240000,1000,15.368852,0.086799,0.052441,0.127490,0.255962,-0.002900,0.076778,0.130103,60日突破＋單週大戶跳升＋前期未流失,60日突破；單週大戶增加至少1.50pp；跳升前大戶比例低於40%；跳升前3週未低於4週前
2022-07-08,2022-07-11,4979,華星光,breakout_60d,60日突破,44.371532,44.371532,30.690000,30.690000,30.690000,31.520000,33.530000,2.010000,2.840000,2.840000,6.376904,9.253829,30.690000,1000,37.055838,0.037037,0.125926,0.248148,0.290741,0.507407,0.003559,0.069824,60日突破＋單週大戶跳升＋前期未流失,60日突破；單週大戶增加至少1.50pp；跳升前大戶比例低於40%；跳升前3週未低於4週前
2022-07-22,2022-07-25,3038,全台,breakout_60d,60日突破,35.037393,35.205438,27.520000,28.420000,28.680000,28.280000,29.940000,1.660000,1.260000,2.420000,5.869873,4.393305,28.280000,1000,9.623640,0.057279,0.035800,0.078759,-0.042959,-0.033413,0.049139,0.013949,60日突破＋單週大戶跳升＋前期未流失,60日突破；單週大戶增加至少1.50pp；跳升前大戶比例低於40%；跳升前3週未低於4週前
2022-07-22,2022-07-25,3062,建漢,breakout_60d,60日突破,59.102132,58.612064,28.050000,30.810000,29.970000,32.060000,34.730000,2.670000,4.760000,6.680000,8.328135,15.882549,29.970000,1000,27.754237,0.023411,0.031786,-0.095512,-0.219460,-0.217785,0.015271,0.009935,60日突破＋單週大戶跳升＋前期未流失,60日突破；單週大戶增加至少1.50pp；跳升前大戶比例低於40%；跳升前3週未低於4週前
2022-08-12,2022-08-15,6129,普誠,breakout_60d,60日突破,49.778742,49.840965,12.300000,13.040000,14.290000,14.510000,21.730000,7.220000,7.440000,9.430000,49.758787,52.064381,13.040000,1000,29.659643,0.024969,-0.068664,-0.103620,-0.233458,-0.157303,0.042196,-0.024776,60日突破＋單週大戶跳升＋前期未流失,60日突破；單週大戶增加至少1.50pp；跳升前大戶比例低於40%；跳升前3週未低於4週前
2022-08-19,2022-08-22,6167,久正,breakout_60d,60日突破,16.631579,16.210526,38.210000,38.220000,38.240000,38.240000,39.750000,1.510000,1.510000,1.540000,3.948745,3.948745,38.220000,1000,25.896414,-0.042763,-0.032895,-0.072368,-0.154605,-0.167763,-0.015635,0.014267,60日突破＋單週大戶跳升＋前期未流失,60日突破；單週大戶增加至少1.50pp；跳升前大戶比例低於40%；跳升前3週未低於4週前
2022-08-19,2022-08-22,8289,泰藝,breakout_60d,60日突破,74.686553,73.609343,37.920000,38.000000,38.000000,37.930000,39.540000,1.610000,1.540000,1.620000,4.244661,4.052632,37.930000,1000,20.405210,-0.006881,-0.054417,-0.015874,-0.131502,0.041940,0.020248,-0.007255,60日突破＋單週大戶跳升＋前期未流失,60日突破；單週大戶增加至少1.50pp；跳升前大戶比例低於40%；跳升前3週未低於4週前
2022-09-02,2022-09-05,2367,燿華,breakout_60d,60日突破,44.630201,44.066451,25.530000,26.570000,29.600000,31.060000,33.980000,2.920000,4.380000,8.450000,9.401159,14.797297,26.570000,1000,40.532544,-0.006397,0.004264,-0.159915,-0.172708,-0.189765,-0.022603,0.013901,60日突破＋單週大戶跳升＋前期未流失,60日突破；單週大戶增加至少1.50pp；跳升前大戶比例低於40%；跳升前3週未低於4週前
2022-09-02,2022-09-05,3289,宜特,breakout_60d,60日突破,100.361257,98.740150,13.460000,13.480000,13.470000,16.380000,19.140000,2.760000,5.670000,5.680000,16.849817,42.093541,13.470000,800,25.183824,0.053731,0.114925,0.128358,0.168657,0.402985,0.037525,0.124562,60日突破＋單週大戶跳升＋前期未流失,60日突破；單週大戶增加至少1.50pp；跳升前大戶比例低於40%；跳升前3週未低於4週前
2022-09-02,2022-09-05,6443,元晶,breakout_60d,60日突破,27.833154,27.800215,20.470000,22.830000,22.300000,24.470000,27.670000,3.200000,5.370000,7.200000,13.077237,24.080717,22.300000,1000,28.224583,-0.041469,0.004739,-0.135071,-0.219194,-0.114929,-0.057676,0.014376,60日突破＋單週大戶跳升＋前期未流失,60日突破；單週大戶增加至少1.50pp；跳升前大戶比例低於40%；跳升前3週未低於4週前
2022-11-11,2022-11-14,2727,王品,breakout_60d,60日突破,236.300954,241.058691,36.380000,36.380000,37.510000,37.790000,39.960000,2.170000,2.450000,3.580000,5.742260,6.531592,36.380000,400,15.503876,0.036184,0.019737,0.069079,0.654605,1.092105,0.001184,-0.019809,60日突破＋單週大戶跳升＋前期未流失,60日突破；單週大戶增加至少1.50pp；跳升前大戶比例低於40%；跳升前3週未低於4週前
2022-11-18,2022-11-21,4102,永日,breakout_60d,60日突破,45.793435,45.861783,29.320000,32.740000,37.720000,32.150000,34.140000,1.990000,-3.580000,4.820000,6.189736,-9.490986,32.150000,1000,21.376812,0.050671,0.028316,0.196721,-0.147541,0.043219,0.046279,-0.003305,60日突破＋單週大戶跳升＋前期未流失,60日突破；單週大戶增加至少1.50pp；跳升前大戶比例低於40%；跳升前3週未低於4週前
2023-03-10,2023-03-13,2402,毅嘉,breakout_60d,60日突破,43.333210,42.301467,37.520000,38.420000,38.940000,38.820000,40.530000,1.710000,1.590000,3.010000,4.404946,4.083205,38.420000,1000,12.000000,0.080488,0.334146,0.387805,0.541463,1.270297,0.086380,0.311840,60日突破＋單週大戶跳升＋前期未流失,60日突破；單週大戶增加至少1.50pp；跳升前大戶比例低於40%；跳升前3週未低於4週前
2023-04-07,2023-04-10,4746,台耀,breakout_60d,60日突破,109.116561,113.196915,31.990000,32.940000,32.750000,37.500000,40.020000,2.520000,7.270000,8.030000,6.720000,22.198473,32.750000,800,9.511229,0.005814,-0.060465,0.037209,0.053488,0.042240,0.011186,-0.036911,60日突破＋單週大戶跳升＋前期未流失,60日突破；單週大戶增加至少1.50pp；跳升前大戶比例低於40%；跳升前3週未低於4週前
2023-04-07,2023-04-10,4967,十銓,breakout_60d,60日突破,65.201165,64.392886,12.250000,15.100000,19.010000,15.940000,19.350000,3.410000,0.340000,7.100000,21.392723,1.788532,15.100000,1000,23.259762,0.128312,0.073919,-0.075314,-0.068340,-0.024492,0.133684,0.097473,60日突破＋單週大戶跳升＋前期未流失,60日突破；單週大戶增加至少1.50pp；跳升前大戶比例低於40%；跳升前3週未低於4週前
2023-04-28,2023-05-02,6161,捷波,breakout_60d,60日突破,73.770643,73.454030,35.120000,35.120000,35.120000,35.120000,36.770000,1.650000,1.650000,1.650000,4.698178,4.698178,35.120000,1000,4.640719,-0.050287,-0.090517,-0.037356,0.402637,0.113590,-0.060483,-0.098164,60日突破＋單週大戶跳升＋前期未流失,60日突破；單週大戶增加至少1.50pp；跳升前大戶比例低於40%；跳升前3週未低於4週前
2023-06-09,2023-06-12,3325,旭品,breakout_60d,60日突破,45.113580,42.570815,14.030000,14.040000,16.290000,16.410000,18.480000,2.070000,2.190000,4.450000,12.614260,13.443831,14.040000,1000,35.467980,0.136802,0.175337,0.198459,0.252408,0.452794,0.119360,0.174562,60日突破＋單週大戶跳升＋前期未流失,60日突破；單週大戶增加至少1.50pp；跳升前大戶比例低於40%；跳升前3週未低於4週前
2023-06-09,2023-06-12,4973,廣穎電通,breakout_60d,60日突破,62.037162,60.357645,18.760000,18.760000,18.760000,18.760000,20.520000,1.760000,1.760000,1.760000,9.381663,9.381663,18.760000,1000,15.882353,0.085217,0.015652,0.059130,0.057391,0.215652,0.067776,0.014877,60日突破＋單週大戶跳升＋前期未流失,60日突破；單週大戶增加至少1.50pp；跳升前大戶比例低於40%；跳升前3週未低於4週前
2023-06-30,2023-07-03,3483,力致,breakout_60d,60日突破,215.177364,222.000655,21.930000,26.540000,24.010000,22.800000,25.070000,2.270000,1.060000,3.140000,9.956140,4.414827,22.800000,400,22.468793,-0.039517,0.317234,0.670676,0.473130,0.715829,-0.014651,0.307287,60日突破＋單週大戶跳升＋前期未流失,60日突破；單週大戶增加至少1.50pp；跳升前大戶比例低於40%；跳升前3週未低於4週前
2023-06-30,2023-07-03,8936,國統,breakout_60d,60日突破,75.991338,74.376955,31.670000,32.200000,31.960000,32.190000,34.910000,2.720000,2.950000,3.240000,8.449829,9.230288,31.960000,1000,18.738739,0.079070,0.234109,0.141085,-0.009302,0.572864,0.103936,0.224162,60日突破＋單週大戶跳升＋前期未流失,60日突破；單週大戶增加至少1.50pp；跳升前大戶比例低於40%；跳升前3週未低於4週前
2023-09-15,2023-09-18,4102,永日,breakout_60d,60日突破,50.767471,50.767471,20.800000,20.800000,24.530000,24.830000,27.950000,3.120000,3.420000,7.150000,12.565445,13.942112,20.800000,1000,16.211878,0.031768,0.089779,-0.069061,0.111878,0.092541,0.051212,0.109620,60日突破＋單週大戶跳升＋前期未流失,60日突破；單週大戶增加至少1.50pp；跳升前大戶比例低於40%；跳升前3週未低於4週前
2023-09-28,2023-10-02,1815,富喬,breakout_60d,60日突破,26.880172,29.568189,25.460000,26.380000,26.210000,26.970000,29.680000,2.710000,3.470000,4.220000,10.048202,13.239222,26.210000,1000,24.060150,-0.041322,-0.154270,-0.074380,-0.126722,0.063361,-0.057419,-0.158697,60日突破＋單週大戶跳升＋前期未流失,60日突破；單週大戶增加至少1.50pp；跳升前大戶比例低於40%；跳升前3週未低於4週前
2023-10-13,2023-10-16,6290,良維,breakout_60d,60日突破,146.958967,147.638285,29.760000,30.210000,30.130000,31.620000,33.470000,1.850000,3.340000,3.710000,5.850727,11.085297,30.130000,600,12.478336,-0.012270,0.029141,-0.033742,-0.044479,0.461656,0.006740,0.062804,60日突破＋單週大戶跳升＋前期未流失,60日突破；單週大戶增加至少1.50pp；跳升前大戶比例低於40%；跳升前3週未低於4週前
2023-11-10,2023-11-13,2439,美律,breakout_60d,60日突破,368.412396,379.142854,38.260000,38.850000,38.920000,39.550000,42.190000,2.640000,3.270000,3.930000,6.675095,8.401850,38.850000,200,13.311331,0.004717,0.009434,0.094340,-0.004717,0.193396,-0.012766,-0.003387,60日突破＋單週大戶跳升＋前期未流失,60日突破；單週大戶增加至少1.50pp；跳升前大戶比例低於40%；跳升前3週未低於4週前
2023-11-10,2023-11-13,4129,聯合,breakout_60d,60日突破,104.829864,110.918467,21.180000,21.410000,22.850000,24.060000,26.250000,2.190000,3.400000,5.070000,9.102244,14.879650,21.410000,800,24.332810,0.075179,0.040573,0.032220,0.188544,0.181384,0.057696,0.027752,60日突破＋單週大戶跳升＋前期未流失,60日突破；單週大戶增加至少1.50pp；跳升前大戶比例低於40%；跳升前3週未低於4週前
2023-11-17,2023-11-20,8034,榮群,breakout_60d,60日突破,28.829883,29.111424,11.830000,11.830000,11.830000,11.830000,13.870000,2.040000,2.040000,2.040000,17.244294,17.244294,11.830000,1000,41.436464,-0.069632,-0.050290,-0.023211,0.040619,-0.040619,-0.065051,-0.052963,60日突破＋單週大戶跳升＋前期未流失,60日突破；單週大戶增加至少1.50pp；跳升前大戶比例低於40%；跳升前3週未低於4週前
2023-12-08,2023-12-11,3290,東浦,breakout_60d,60日突破,51.239727,48.144710,35.550000,36.930000,37.110000,37.260000,39.100000,1.840000,1.990000,3.550000,4.938272,5.362436,36.930000,1000,7.775769,-0.039286,-0.067857,-0.039286,-0.171429,0.055357,-0.059865,-0.085388,60日突破＋單週大戶跳升＋前期未流失,60日突破；單週大戶增加至少1.50pp；跳升前大戶比例低於40%；跳升前3週未低於4週前
2023-12-22,2023-12-25,1733,五鼎,breakout_60d,60日突破,119.570815,127.629921,19.900000,22.100000,24.020000,25.320000,27.230000,1.910000,3.210000,7.330000,7.543444,13.363863,22.100000,600,27.320490,0.061856,-0.131443,-0.134021,-0.130155,-0.074371,0.051369,-0.127698,60日突破＋單週大戶跳升＋前期未流失,60日突破；單週大戶增加至少1.50pp；跳升前大戶比例低於40%；跳升前3週未低於4週前
2023-12-22,2023-12-25,4968,立積,breakout_60d,60日突破,349.912422,349.912422,31.200000,32.140000,33.580000,33.940000,38.580000,4.640000,5.000000,7.380000,13.671184,14.889815,32.140000,200,18.495298,-0.037037,-0.124339,-0.084656,0.087302,0.208995,-0.047524,-0.120593,60日突破＋單週大戶跳升＋前期未流失,60日突破；單週大戶增加至少1.50pp；跳升前大戶比例低於40%；跳升前3週未低於4週前
2023-12-22,2023-12-25,6683,雍智科技,breakout_60d,60日突破,321.227752,323.497913,33.620000,34.520000,34.710000,36.520000,42.150000,5.630000,7.440000,8.530000,15.416210,21.434745,34.520000,200,16.221766,0.080702,0.017544,-0.024561,-0.010526,0.473684,0.070215,0.021289,60日突破＋單週大戶跳升＋前期未流失,60日突破；單週大戶增加至少1.50pp；跳升前大戶比例低於40%；跳升前3週未低於4週前
2024-01-19,2024-01-22,3339,泰谷,breakout_60d,60日突破,3.920487,4.103038,35.190000,35.190000,35.190000,37.370000,39.100000,1.730000,3.910000,3.910000,4.629382,11.111111,35.190000,1000,21.563342,-0.067797,-0.046610,0.031780,0.593220,1.014831,-0.087976,-0.062679,60日突破＋單週大戶跳升＋前期未流失,60日突破；單週大戶增加至少1.50pp；跳升前大戶比例低於40%；跳升前3週未低於4週前
2024-04-12,2024-04-15,3260,威剛,breakout_60d,60日突破,207.850804,212.449273,30.260000,33.660000,33.730000,34.450000,40.600000,6.150000,6.870000,10.340000,17.851959,20.367625,33.660000,400,18.077325,-0.193939,-0.125541,-0.069264,-0.073962,-0.215539,-0.134252,-0.118041,60日突破＋單週大戶跳升＋前期未流失,60日突破；單週大戶增加至少1.50pp；跳升前大戶比例低於40%；跳升前3週未低於4週前
2024-05-03,2024-05-06,3033,威健,breakout_60d,60日突破,197.780537,214.421382,34.100000,35.960000,35.100000,36.080000,37.870000,1.790000,2.770000,3.770000,4.961197,7.891738,35.100000,400,12.229102,-0.103053,-0.020356,-0.010178,-0.075547,-0.064829,-0.128807,-0.070607,60日突破＋單週大戶跳升＋前期未流失,60日突破；單週大戶增加至少1.50pp；跳升前大戶比例低於40%；跳升前3週未低於4週前
2024-05-17,2024-05-20,2489,瑞軒,breakout_60d,60日突破,77.058967,77.272427,29.480000,29.910000,30.470000,30.830000,33.940000,3.110000,3.470000,4.460000,10.087577,11.388251,29.910000,1000,26.666667,0.127072,0.146409,0.080110,0.276243,0.079639,0.092682,0.132354,60日突破＋單週大戶跳升＋前期未流失,60日突破；單週大戶增加至少1.50pp；跳升前大戶比例低於40%；跳升前3週未低於4週前
2024-06-07,2024-06-11,3455,由田,breakout_60d,60日突破,246.271897,222.168690,24.460000,26.500000,29.130000,30.000000,31.640000,1.640000,2.510000,7.180000,5.466667,8.616547,26.500000,400,29.120879,-0.028302,-0.004717,0.286533,0.187569,0.246948,-0.084274,-0.065883,60日突破＋單週大戶跳升＋前期未流失,60日突破；單週大戶增加至少1.50pp；跳升前大戶比例低於40%；跳升前3週未低於4週前
2024-06-21,2024-06-24,3508,位速,breakout_60d,60日突破,54.120191,52.779753,23.990000,23.990000,23.990000,25.000000,27.010000,2.010000,3.020000,3.020000,8.040000,12.588579,23.990000,1000,30.769231,0.007937,0.007937,-0.123810,-0.207937,-0.192063,-0.006194,-0.067335,60日突破＋單週大戶跳升＋前期未流失,60日突破；單週大戶增加至少1.50pp；跳升前大戶比例低於40%；跳升前3週未低於4週前
2024-07-05,2024-07-08,2481,強茂,breakout_60d,60日突破,116.292979,113.567362,38.450000,38.570000,39.050000,38.940000,41.010000,2.070000,1.960000,2.560000,5.315871,5.019206,38.570000,600,10.918544,0.059200,-0.081600,-0.183582,-0.027490,-0.172958,0.065012,0.000415,60日突破＋單週大戶跳升＋前期未流失,60日突破；單週大戶增加至少1.50pp；跳升前大戶比例低於40%；跳升前3週未低於4週前
2024-07-05,2024-07-08,3689,湧德,breakout_60d,60日突破,142.442777,139.673537,25.740000,26.470000,26.890000,28.260000,32.450000,4.190000,5.560000,6.710000,14.826610,20.676832,26.470000,600,15.104895,0.007435,-0.004957,-0.108311,0.146641,0.313192,0.013247,0.077058,60日突破＋單週大戶跳升＋前期未流失,60日突破；單週大戶增加至少1.50pp；跳升前大戶比例低於40%；跳升前3週未低於4週前
2024-08-16,2024-08-19,4931,新盛力,breakout_60d,60日突破,39.621173,40.403962,11.090000,11.090000,11.090000,11.120000,12.820000,1.700000,1.730000,1.730000,15.287770,15.599639,11.090000,1000,10.972992,0.023845,0.059613,0.040238,0.391952,0.970194,0.036913,0.074859,60日突破＋單週大戶跳升＋前期未流失,60日突破；單週大戶增加至少1.50pp；跳升前大戶比例低於40%；跳升前3週未低於4週前
2024-08-16,2024-08-19,6156,松上,breakout_60d,60日突破,3.498423,3.844349,39.000000,39.030000,39.210000,39.070000,41.000000,1.930000,1.790000,2.000000,4.939852,4.565162,39.030000,1000,2.867357,0.059423,0.061121,-0.006791,-0.088285,-0.035654,0.072491,0.076367,60日突破＋單週大戶跳升＋前期未流失,60日突破；單週大戶增加至少1.50pp；跳升前大戶比例低於40%；跳升前3週未低於4週前
2024-08-30,2024-09-02,6596,寬宏藝術,breakout_60d,60日突破,130.384872,127.861294,30.690000,30.690000,30.690000,30.780000,32.810000,2.030000,2.120000,2.120000,6.595192,6.907788,30.690000,600,8.240223,-0.025000,-0.051316,-0.027632,-0.026316,0.163158,0.023659,-0.039704,60日突破＋單週大戶跳升＋前期未流失,60日突破；單週大戶增加至少1.50pp；跳升前大戶比例低於40%；跳升前3週未低於4週前
2024-09-06,2024-09-09,4956,光鋐,breakout_60d,60日突破,38.063070,36.766805,31.580000,33.500000,32.690000,32.900000,35.450000,2.550000,2.760000,3.870000,7.750760,8.442949,32.690000,1000,27.920792,-0.086538,-0.094551,0.100962,0.174679,-0.051282,-0.125481,-0.169820,60日突破＋單週大戶跳升＋前期未流失,60日突破；單週大戶增加至少1.50pp；跳升前大戶比例低於40%；跳升前3週未低於4週前
2024-09-13,2024-09-16,6163,華電網,breakout_60d,60日突破,47.772024,49.240604,30.410000,31.940000,32.060000,32.650000,34.260000,1.610000,2.200000,3.850000,4.931087,6.862133,31.940000,1000,24.181724,0.021053,-0.043860,-0.150877,-0.228070,-0.163158,-0.013912,-0.070993,60日突破＋單週大戶跳升＋前期未流失,60日突破；單週大戶增加至少1.50pp；跳升前大戶比例低於40%；跳升前3週未低於4週前
2024-09-20,2024-09-23,6438,迅得,breakout_60d,60日突破,190.672351,200.061520,36.770000,37.660000,38.150000,39.910000,41.630000,1.720000,3.480000,4.860000,4.309697,9.121887,37.660000,400,12.820513,0.079422,0.303249,0.570397,0.363226,0.479865,0.075602,0.271871,60日突破＋單週大戶跳升＋前期未流失,60日突破；單週大戶增加至少1.50pp；跳升前大戶比例低於40%；跳升前3週未低於4週前
2024-09-27,2024-09-30,3213,茂訊,breakout_60d,60日突破,547.336785,532.741137,36.520000,38.430000,37.910000,37.940000,39.770000,1.830000,1.860000,3.250000,4.823405,4.906357,37.910000,100,19.553666,-0.130594,-0.120548,-0.141553,-0.201826,-0.013699,-0.158047,-0.171377,60日突破＋單週大戶跳升＋前期未流失,60日突破；單週大戶增加至少1.50pp；跳升前大戶比例低於40%；跳升前3週未低於4週前
2025-02-14,2025-02-17,7402,邑錡,breakout_60d,60日突破,159.232139,169.976785,29.690000,29.740000,29.740000,29.740000,31.600000,1.860000,1.860000,1.910000,6.254203,6.254203,29.740000,600,9.178744,0.056995,-0.033161,-0.046632,-0.121244,-0.010616,0.060803,0.018375,60日突破＋單週大戶跳升＋前期未流失,60日突破；單週大戶增加至少1.50pp；跳升前大戶比例低於40%；跳升前3週未低於4週前
2025-03-14,2025-03-17,3260,威剛,breakout_60d,60日突破,177.440757,184.629189,25.150000,27.230000,33.630000,28.180000,31.420000,3.240000,-2.210000,6.270000,11.497516,-6.571514,27.230000,400,15.375154,-0.068648,-0.128074,-0.197746,-0.019467,0.191200,-0.072493,-0.076989,60日突破＋單週大戶跳升＋前期未流失,60日突破；單週大戶增加至少1.50pp；跳升前大戶比例低於40%；跳升前3週未低於4週前
2025-04-02,2025-04-07,8222,寶一,breakout_60d,60日突破,63.741372,57.367235,31.320000,32.890000,32.850000,31.320000,37.640000,6.320000,4.790000,6.320000,20.178799,14.581431,31.320000,1000,34.663342,0.069959,0.102881,0.374486,0.049383,0.031488,0.036499,0.101618,60日突破＋單週大戶跳升＋前期未流失,60日突破；單週大戶增加至少1.50pp；跳升前大戶比例低於40%；跳升前3週未低於4週前
2025-04-11,2025-04-14,6148,驊宏資,breakout_60d,60日突破,35.497875,34.414457,33.680000,33.680000,36.090000,33.680000,37.130000,3.450000,1.040000,3.450000,10.243468,2.881685,33.680000,1000,38.310628,0.144444,0.353704,0.290741,-0.005556,-0.131481,0.175599,0.332629,60日突破＋單週大戶跳升＋前期未流失,60日突破；單週大戶增加至少1.50pp；跳升前大戶比例低於40%；跳升前3週未低於4週前
2025-07-18,2025-07-21,2374,佳能,breakout_60d,60日突破,137.411929,144.898344,29.170000,29.670000,29.850000,29.380000,31.340000,1.960000,1.490000,2.170000,6.671205,4.991625,29.380000,600,9.633911,-0.005000,0.026667,0.285000,0.535544,0.467965,-0.007947,0.028631,60日突破＋單週大戶跳升＋前期未流失,60日突破；單週大戶增加至少1.50pp；跳升前大戶比例低於40%；跳升前3週未低於4週前
2025-07-25,2025-07-28,3715,定穎投控,breakout_60d,60日突破,73.144425,77.933643,19.430000,19.490000,20.350000,21.510000,25.150000,3.640000,4.800000,5.720000,16.922362,23.587224,19.490000,1000,45.140389,0.152235,0.337989,0.459497,0.266760,0.836592,0.157132,0.302729,60日突破＋單週大戶跳升＋前期未流失,60日突破；單週大戶增加至少1.50pp；跳升前大戶比例低於40%；跳升前3週未低於4週前
2025-08-08,2025-08-11,3715,定穎投控,breakout_60d,60日突破,102.750502,104.274344,22.980000,24.380000,29.020000,35.940000,40.960000,5.020000,11.940000,17.980000,13.967724,41.144039,24.380000,800,51.524880,0.153445,0.090814,-0.044885,-0.029228,0.497912,0.144930,0.093652,60日突破＋單週大戶跳升＋前期未流失,60日突破；單週大戶增加至少1.50pp；跳升前大戶比例低於40%；跳升前3週未低於4週前
2025-08-15,2025-08-18,3059,華晶科,breakout_60d,60日突破,128.280931,129.654389,25.350000,27.190000,27.140000,25.710000,27.550000,1.840000,0.410000,2.200000,7.156748,1.510685,25.710000,600,17.632242,0.105932,0.086864,0.202267,-0.086968,-0.183020,0.117189,0.111255,60日突破＋單週大戶跳升＋前期未流失,60日突破；單週大戶增加至少1.50pp；跳升前大戶比例低於40%；跳升前3週未低於4週前
2025-09-12,2025-09-15,2614,東森,breakout_60d,60日突破,12.835004,12.979543,35.890000,36.070000,36.170000,36.580000,38.280000,1.700000,2.110000,2.390000,4.647348,5.833564,36.070000,1000,29.446064,-0.071269,-0.015590,-0.080178,0.031180,-0.097996,-0.096269,-0.047733,60日突破＋單週大戶跳升＋前期未流失,60日突破；單週大戶增加至少1.50pp；跳升前大戶比例低於40%；跳升前3週未低於4週前
2025-09-19,2025-09-22,2363,矽統,breakout_60d,60日突破,36.750308,34.889533,28.290000,28.910000,28.760000,28.690000,30.230000,1.540000,1.470000,1.940000,5.367724,5.111266,28.690000,1000,19.470699,-0.045000,-0.020000,-0.033333,-0.198333,-0.185000,-0.051969,-0.085331,60日突破＋單週大戶跳升＋前期未流失,60日突破；單週大戶增加至少1.50pp；跳升前大戶比例低於40%；跳升前3週未低於4週前
2025-10-09,2025-10-13,2241,艾姆勒,breakout_60d,60日突破,34.627757,35.183824,21.560000,21.720000,21.640000,21.790000,23.910000,2.120000,2.270000,2.350000,9.729234,10.489834,21.640000,1000,34.577603,0.089080,0.097701,0.004310,-0.008621,-0.198276,0.054654,0.059177,60日突破＋單週大戶跳升＋前期未流失,60日突破；單週大戶增加至少1.50pp；跳升前大戶比例低於40%；跳升前3週未低於4週前
2025-10-17,2025-10-20,3543,州巧,breakout_60d,60日突破,52.076000,57.264144,36.790000,38.530000,38.850000,38.940000,40.830000,1.890000,1.980000,4.040000,4.853621,5.096525,38.530000,1000,28.274760,-0.071348,0.115515,0.035108,-0.010193,-0.048698,-0.075310,0.102045,60日突破＋單週大戶跳升＋前期未流失,60日突破；單週大戶增加至少1.50pp；跳升前大戶比例低於40%；跳升前3週未低於4週前
2025-11-14,2025-11-17,6163,華電網,breakout_60d,60日突破,50.271221,55.298343,34.690000,35.060000,35.530000,35.620000,40.920000,5.300000,5.390000,6.230000,14.879281,15.170279,35.060000,1000,30.733945,0.055821,0.280702,0.547049,0.642743,0.696970,0.093786,0.287164,60日突破＋單週大戶跳升＋前期未流失,60日突破；單週大戶增加至少1.50pp；跳升前大戶比例低於40%；跳升前3週未低於4週前
2025-12-26,2025-12-29,1784,訊聯,breakout_60d,60日突破,162.398402,153.813464,28.380000,28.480000,28.460000,29.200000,31.060000,1.860000,2.600000,2.680000,6.369863,9.135629,28.460000,400,14.878543,-0.027907,0.074419,-0.065116,-0.269767,-0.375814,-0.106834,-0.009106,60日突破＋單週大戶跳升＋前期未流失,60日突破；單週大戶增加至少1.50pp；跳升前大戶比例低於40%；跳升前3週未低於4週前
2026-01-02,2026-01-05,2337,旺宏,breakout_60d,60日突破,45.192965,49.675773,31.750000,32.600000,34.370000,35.600000,37.600000,2.000000,3.230000,5.850000,5.617978,9.397731,32.600000,1000,32.164634,0.284365,0.546695,0.779643,2.095488,1.906611,0.272135,0.502090,60日突破＋單週大戶跳升＋前期未流失,60日突破；單週大戶增加至少1.50pp；跳升前大戶比例低於40%；跳升前3週未低於4週前
2026-01-09,2026-01-12,6443,元晶,breakout_60d,60日突破,21.258753,23.374553,12.000000,14.790000,14.170000,13.820000,17.300000,3.480000,3.130000,5.300000,25.180897,22.088920,13.820000,1000,91.818182,0.066092,0.188218,0.132184,0.123563,-0.142241,0.034109,0.146715,60日突破＋單週大戶跳升＋前期未流失,60日突破；單週大戶增加至少1.50pp；跳升前大戶比例低於40%；跳升前3週未低於4週前
2026-02-26,2026-03-02,6233,旺玖,breakout_60d,60日突破,29.376075,28.944867,16.950000,16.950000,18.300000,18.450000,21.080000,2.630000,2.780000,4.130000,14.254743,15.191257,16.950000,1000,11.224490,-0.061453,0.055866,-0.040968,-0.068901,,0.022555,0.114982,60日突破＋單週大戶跳升＋前期未流失,60日突破；單週大戶增加至少1.50pp；跳升前大戶比例低於40%；跳升前3週未低於4週前
2026-03-20,2026-03-23,6693,廣閎科,breakout_60d,60日突破,116.724357,112.277715,34.900000,36.270000,36.420000,39.740000,41.240000,1.500000,4.820000,6.340000,3.774534,13.234487,36.270000,600,23.094959,0.029703,0.287129,0.539604,1.128713,,0.034417,0.220462,60日突破＋單週大戶跳升＋前期未流失,60日突破；單週大戶增加至少1.50pp；跳升前大戶比例低於40%；跳升前3週未低於4週前
2026-03-27,2026-03-30,2355,敬鵬,breakout_60d,60日突破,132.014042,134.366767,34.830000,36.150000,37.770000,39.330000,42.940000,3.610000,5.170000,8.110000,9.178744,13.688112,36.150000,600,20.525060,0.011673,0.001946,-0.011673,0.005837,,-0.060045,-0.136755,60日突破＋單週大戶跳升＋前期未流失,60日突破；單週大戶增加至少1.50pp；跳升前大戶比例低於40%；跳升前3週未低於4週前
2026-04-02,2026-04-07,4744,皇將,breakout_60d,60日突破,51.037640,47.888788,26.320000,27.070000,27.930000,27.950000,32.020000,4.070000,4.090000,5.700000,14.561717,14.643752,27.070000,1000,24.281150,-0.082192,-0.138356,-0.126027,-0.315068,,-0.185777,-0.280454,60日突破＋單週大戶跳升＋前期未流失,60日突破；單週大戶增加至少1.50pp；跳升前大戶比例低於40%；跳升前3週未低於4週前
2026-04-17,2026-04-20,6706,惠特,breakout_60d,60日突破,181.845502,178.844751,24.900000,33.180000,27.020000,30.870000,34.990000,4.120000,7.970000,10.090000,13.346291,29.496669,27.020000,400,21.200000,-0.181208,0.228188,0.161074,-0.181208,,-0.281149,0.109323,60日突破＋單週大戶跳升＋前期未流失,60日突破；單週大戶增加至少1.50pp；跳升前大戶比例低於40%；跳升前3週未低於4週前
2026-05-22,2026-05-25,6509,聚和,breakout_60d,60日突破,86.104721,89.026438,21.350000,21.450000,21.530000,23.250000,25.230000,1.980000,3.700000,3.880000,8.516129,17.185323,21.450000,1000,16.376307,-0.005792,-0.037645,-0.064672,,,-0.052418,-0.039133,60日突破＋單週大戶跳升＋前期未流失,60日突破；單週大戶增加至少1.50pp；跳升前大戶比例低於40%；跳升前3週未低於4週前
2026-05-29,2026-06-01,3537,堡達,breakout_60d,60日突破,269.224770,276.567264,32.800000,33.160000,35.300000,38.990000,43.870000,4.880000,8.570000,11.070000,12.516030,24.277620,33.160000,200,79.696616,-0.030341,0.003793,-0.005057,,,0.012787,0.006162,60日突破＋單週大戶跳升＋前期未流失,60日突破；單週大戶增加至少1.50pp；跳升前大戶比例低於40%；跳升前3週未低於4週前
