檢驗類型,條件,期間,樣本數,訊號週數,平均超額(%),中位超額(%),勝過0050比例(%),每週等權超額(%)
母體,放寬母體：單週上升≥0.50pp、原始大戶比例<80%、前3週最多流失2pp,2017–2021,1219,233,0.08,-1.3,42.82,0.42
母體,放寬母體：單週上升≥0.50pp、原始大戶比例<80%、前3週最多流失2pp,2022–2023,544,88,0.65,-0.31,48.35,0.33
母體,放寬母體：單週上升≥0.50pp、原始大戶比例<80%、前3週最多流失2pp,2024–2025,565,90,-1.49,-2.88,37.7,-0.46
母體,放寬母體：單週上升≥0.50pp、原始大戶比例<80%、前3週最多流失2pp,2026年至今,195,22,-0.57,-4.18,37.95,-1.2
單週大戶上升,0.50–0.74pp,2017–2021,322,165,-0.35,-1.06,42.86,-0.19
單週大戶上升,0.50–0.74pp,2022–2023,141,67,0.39,0.04,50.35,0.65
單週大戶上升,0.50–0.74pp,2024–2025,136,56,-1.33,-2.46,38.97,-0.98
單週大戶上升,0.50–0.74pp,2026年至今,47,18,-1.15,-3.93,42.55,-0.59
單週大戶上升,0.75–0.99pp,2017–2021,232,131,1.32,-0.72,44.83,1.75
單週大戶上升,0.75–0.99pp,2022–2023,106,55,0.87,-0.26,49.06,0.34
單週大戶上升,0.75–0.99pp,2024–2025,119,64,-2.43,-4.23,34.45,-1.71
單週大戶上升,0.75–0.99pp,2026年至今,39,18,0.72,-4.6,38.46,1.54
單週大戶上升,1.00–1.49pp,2017–2021,288,150,-0.73,-1.93,40.62,-0.3
單週大戶上升,1.00–1.49pp,2022–2023,114,56,0.96,0.14,52.63,-0.09
單週大戶上升,1.00–1.49pp,2024–2025,125,64,-0.26,-2.26,40.8,-0.58
單週大戶上升,1.00–1.49pp,2026年至今,38,19,-0.11,-2.88,39.47,1.54
單週大戶上升,至少1.50pp,2017–2021,377,163,0.31,-1.58,43.24,0.28
單週大戶上升,至少1.50pp,2022–2023,183,67,0.54,-0.6,43.72,-0.04
單週大戶上升,至少1.50pp,2024–2025,185,76,-1.85,-3.03,36.76,-1.24
單週大戶上升,至少1.50pp,2026年至今,71,21,-1.14,-5.26,33.8,-3.18
原始大戶比例,低於25%,2017–2021,71,53,-0.17,-2.09,36.62,0.44
原始大戶比例,低於25%,2022–2023,41,29,3.91,1.49,58.54,4.4
原始大戶比例,低於25%,2024–2025,35,29,0.2,-2.68,37.14,-0.3
原始大戶比例,低於25%,2026年至今,9,7,1.53,-1.56,44.44,1.79
原始大戶比例,25%–39.99%,2017–2021,277,156,-0.01,-1.59,44.77,0.39
原始大戶比例,25%–39.99%,2022–2023,111,56,0.64,0.04,50.45,-0.13
原始大戶比例,25%–39.99%,2024–2025,122,64,0.23,-2.53,37.7,-0.25
原始大戶比例,25%–39.99%,2026年至今,42,17,-1.68,-4.68,38.1,-0.96
原始大戶比例,40%–59.99%,2017–2021,462,182,0.27,-1.08,42.86,0.18
原始大戶比例,40%–59.99%,2022–2023,208,76,-0.04,-1.0,43.27,-0.19
原始大戶比例,40%–59.99%,2024–2025,202,71,-1.86,-2.86,39.11,-1.47
原始大戶比例,40%–59.99%,2026年至今,73,21,-1.25,-6.9,32.88,-1.11
前3週大戶流失,未流失（≤0pp）,2017–2021,546,202,0.06,-1.52,42.49,-0.27
前3週大戶流失,未流失（≤0pp）,2022–2023,242,74,1.31,0.05,50.83,1.62
前3週大戶流失,未流失（≤0pp）,2024–2025,273,82,-1.44,-3.2,36.63,-0.72
前3週大戶流失,未流失（≤0pp）,2026年至今,90,22,-0.64,-3.11,42.22,-1.61
前3週大戶流失,流失0–0.50pp,2017–2021,353,167,-0.04,-1.09,43.63,0.74
前3週大戶流失,流失0–0.50pp,2022–2023,184,71,0.75,-0.28,48.37,1.0
前3週大戶流失,流失0–0.50pp,2024–2025,162,71,-1.0,-2.15,39.51,-0.81
前3週大戶流失,流失0–0.50pp,2026年至今,62,19,1.83,-4.19,41.94,1.2
前3週大戶流失,流失0.50–2pp,2017–2021,320,156,0.25,-1.44,42.5,0.63
前3週大戶流失,流失0.50–2pp,2022–2023,118,63,-0.87,-0.96,43.22,-1.28
前3週大戶流失,流失0.50–2pp,2024–2025,130,65,-2.23,-2.98,37.69,-1.98
前3週大戶流失,流失0.50–2pp,2026年至今,43,18,-3.89,-7.66,23.26,-2.74
訊號前20日股價動能,0%–19.99%,2017–2021,858,213,-0.09,-1.34,42.19,0.13
訊號前20日股價動能,0%–19.99%,2022–2023,373,85,0.61,-0.17,49.06,0.29
訊號前20日股價動能,0%–19.99%,2024–2025,377,85,-1.76,-3.02,36.07,-1.16
訊號前20日股價動能,0%–19.99%,2026年至今,100,20,-0.55,-4.39,38.0,-0.3
訊號前20日股價動能,至少20%,2017–2021,361,162,0.49,-1.25,44.32,0.83
訊號前20日股價動能,至少20%,2022–2023,171,70,0.74,-0.5,46.78,0.33
訊號前20日股價動能,至少20%,2024–2025,188,69,-0.95,-2.16,40.96,-0.21
訊號前20日股價動能,至少20%,2026年至今,95,22,-0.59,-4.06,37.89,-1.15
距20日均線,0%–4.99%,2017–2021,104,78,-0.76,-1.76,37.5,-0.79
距20日均線,0%–4.99%,2022–2023,33,27,-0.28,0.03,51.52,0.0
距20日均線,0%–4.99%,2024–2025,39,31,-0.25,-2.58,43.59,-0.55
距20日均線,0%–4.99%,2026年至今,5,3,1.71,-0.05,40.0,-1.52
距20日均線,5%–9.99%,2017–2021,471,186,0.44,-1.03,44.8,0.58
距20日均線,5%–9.99%,2022–2023,223,77,0.78,0.25,51.12,0.86
距20日均線,5%–9.99%,2024–2025,200,74,-1.62,-2.4,38.0,-1.15
距20日均線,5%–9.99%,2026年至今,47,21,-1.21,-5.83,40.43,-0.16
距20日均線,至少10%,2017–2021,644,199,-0.04,-1.62,42.24,0.36
距20日均線,至少10%,2022–2023,288,79,0.66,-0.62,45.83,0.25
距20日均線,至少10%,2024–2025,326,84,-1.56,-3.23,36.81,0.14
距20日均線,至少10%,2026年至今,143,22,-0.44,-4.18,37.06,-0.77
20日平均成交額,"低於5,000萬",2017–2021,217,135,0.49,-1.04,43.78,0.31
20日平均成交額,"低於5,000萬",2022–2023,89,50,1.14,-0.5,48.31,0.25
20日平均成交額,"低於5,000萬",2024–2025,94,52,-2.14,-3.73,35.11,-2.3
20日平均成交額,"低於5,000萬",2026年至今,22,15,-0.18,-3.75,36.36,-0.21
20日平均成交額,"5,000萬–1.49億",2017–2021,400,179,0.33,-1.15,43.75,0.66
20日平均成交額,"5,000萬–1.49億",2022–2023,146,66,1.24,0.63,54.79,1.65
20日平均成交額,"5,000萬–1.49億",2024–2025,164,72,-1.79,-2.18,39.02,-1.41
20日平均成交額,"5,000萬–1.49億",2026年至今,53,18,-1.24,-5.02,37.74,0.3
20日平均成交額,至少1.5億,2017–2021,602,200,-0.24,-1.85,41.86,0.06
20日平均成交額,至少1.5億,2022–2023,309,81,0.23,-0.53,45.31,-0.28
20日平均成交額,至少1.5億,2024–2025,307,85,-1.14,-3.2,37.79,-0.38
20日平均成交額,至少1.5億,2026年至今,120,20,-0.35,-4.16,38.33,-0.04
逐步加回因子,只看大戶條件,2017–2021,209,127,0.36,-0.82,46.41,0.22
逐步加回因子,只看大戶條件,2022–2023,101,53,1.67,0.73,52.48,1.02
逐步加回因子,只看大戶條件,2024–2025,96,60,2.0,-1.71,43.75,1.0
逐步加回因子,只看大戶條件,2026年至今,29,15,2.0,-0.87,48.28,3.22
逐步加回因子,＋前20日漲幅至少20%,2017–2021,70,54,1.57,1.45,57.14,1.22
逐步加回因子,＋前20日漲幅至少20%,2022–2023,35,27,2.94,1.39,60.0,3.38
逐步加回因子,＋前20日漲幅至少20%,2024–2025,35,29,3.73,-0.65,48.57,2.9
逐步加回因子,＋前20日漲幅至少20%,2026年至今,17,11,-0.43,-5.58,35.29,-0.53
逐步加回因子,＋距20日均線至少5%,2017–2021,187,118,0.66,-0.12,49.2,0.5
逐步加回因子,＋距20日均線至少5%,2022–2023,99,52,1.79,0.73,52.53,1.24
逐步加回因子,＋距20日均線至少5%,2024–2025,91,59,2.12,-2.08,42.86,1.11
逐步加回因子,＋距20日均線至少5%,2026年至今,29,15,2.0,-0.87,48.28,3.22
逐步加回因子,＋20日平均成交額至少1.5億,2017–2021,77,65,1.3,0.66,53.25,1.41
逐步加回因子,＋20日平均成交額至少1.5億,2022–2023,40,28,0.85,0.16,50.0,1.03
逐步加回因子,＋20日平均成交額至少1.5億,2024–2025,41,31,6.3,0.04,51.22,5.08
逐步加回因子,＋20日平均成交額至少1.5億,2026年至今,16,10,1.03,-1.35,37.5,3.66
逐步加回因子,＋動能＋均線距離,2017–2021,70,54,1.57,1.45,57.14,1.22
逐步加回因子,＋動能＋均線距離,2022–2023,35,27,2.94,1.39,60.0,3.38
逐步加回因子,＋動能＋均線距離,2024–2025,35,29,3.73,-0.65,48.57,2.9
逐步加回因子,＋動能＋均線距離,2026年至今,17,11,-0.43,-5.58,35.29,-0.53
逐步加回因子,＋動能＋均線距離＋流動性,2017–2021,38,32,3.18,2.26,63.16,3.68
逐步加回因子,＋動能＋均線距離＋流動性,2022–2023,15,13,2.76,1.39,66.67,2.71
逐步加回因子,＋動能＋均線距離＋流動性,2024–2025,16,14,6.37,0.59,56.25,6.24
逐步加回因子,＋動能＋均線距離＋流動性,2026年至今,13,9,1.12,-1.56,38.46,2.57
