價格結構,大戶路徑,增加門檻(百分點),原始比例上限(%),跳升前允許流失(百分點),穩健分數,訓練期2017–2021_n,訓練期2017–2021_weeks,訓練期2017–2021_mean,訓練期2017–2021_median,訓練期2017–2021_win,訓練期2017–2021_weekly,驗證期2022–2023_n,驗證期2022–2023_weeks,驗證期2022–2023_mean,驗證期2022–2023_median,驗證期2022–2023_win,驗證期2022–2023_weekly,最終驗證2024–2025_n,最終驗證2024–2025_weeks,最終驗證2024–2025_mean,最終驗證2024–2025_median,最終驗證2024–2025_win,最終驗證2024–2025_weekly,即時監測2026年至今_n,即時監測2026年至今_weeks,即時監測2026年至今_mean,即時監測2026年至今_median,即時監測2026年至今_win,即時監測2026年至今_weekly,訓練期排名
breakout_20d,兩週,2.0,25,0.0,2.91,47,43,2.41,1.56,55.32,2.67,39,27,2.07,0.61,51.28,2.87,27,22,-2.04,-4.07,29.63,-1.55,7,6,5.15,11.26,57.14,4.12,1
breakout_60d,兩週,2.0,25,0.0,2.55,37,35,2.22,1.56,54.05,2.32,26,20,3.04,1.61,57.69,3.75,16,15,-2.91,-5.88,31.25,-2.45,7,6,5.15,11.26,57.14,4.12,2
breakout_20d,單週,1.0,25,0.0,2.43,36,33,2.14,-0.52,47.22,2.51,23,18,4.74,1.49,56.52,4.35,18,16,2.78,-2.28,50.0,3.73,3,3,7.42,11.5,66.67,7.42,3
breakout_60d,兩週,2.0,25,0.5,2.28,38,36,1.98,1.4,52.63,2.07,30,24,1.47,1.02,53.33,1.68,17,16,-2.76,-5.03,29.41,-2.32,7,6,5.15,11.26,57.14,4.12,4
breakout_20d,兩週,2.0,25,0.5,2.19,50,46,1.85,0.97,52.0,2.04,44,32,1.27,0.16,50.0,1.64,28,23,-1.99,-2.81,28.57,-1.51,7,6,5.15,11.26,57.14,4.12,5
breakout_20d,單週,0.75,25,0.0,2.03,42,35,1.72,-0.65,42.86,2.24,27,20,3.96,1.49,59.26,4.15,23,17,1.28,-0.65,47.83,3.42,5,3,7.72,11.26,80.0,8.88,6
breakout_60d,兩週,2.0,25,1.0,1.97,39,37,1.71,1.25,51.28,1.78,31,25,1.22,0.61,51.61,1.35,17,16,-2.76,-5.03,29.41,-2.32,7,6,5.15,11.26,57.14,4.12,7
breakout_20d,兩週,2.0,25,1.0,1.92,51,47,1.64,0.69,50.98,1.82,45,33,1.1,-0.29,48.89,1.39,28,23,-1.99,-2.81,28.57,-1.51,7,6,5.15,11.26,57.14,4.12,8
breakout_20d,單週,0.75,25,0.5,1.63,60,46,1.73,-0.65,45.0,1.73,40,26,2.96,0.93,52.5,3.26,38,25,0.57,-1.4,47.37,0.44,8,6,4.67,5.5,62.5,4.24,9
breakout_60d,兩週,1.0,25,0.0,1.4,75,61,1.24,-1.34,48.0,1.6,44,31,3.47,0.56,52.27,3.7,37,28,1.67,-2.21,40.54,1.01,13,9,0.51,-3.11,38.46,1.9,10
breakout_20d,單週,1.0,25,0.5,1.3,50,42,1.69,-0.52,48.0,1.38,31,22,3.84,-0.29,48.39,3.34,30,23,0.92,-3.63,43.33,0.56,6,6,3.51,2.19,50.0,3.51,11
breakout_20d,兩週,1.0,25,0.0,1.27,116,84,1.91,-0.52,47.41,1.35,75,42,2.37,0.5,52.0,3.62,66,41,0.22,-2.18,39.39,0.15,14,10,-0.47,-3.51,35.71,0.4,12
breakout_20d,單週,1.0,25,1.0,1.26,62,50,1.82,-0.52,48.39,1.34,38,24,3.15,-0.09,50.0,3.35,35,25,-0.21,-4.58,37.14,0.18,7,6,0.67,-1.56,42.86,2.47,13
breakout_20d,單週,0.75,25,1.0,0.98,76,57,1.41,-1.04,43.42,1.21,50,31,2.47,0.92,54.0,3.09,46,29,-1.0,-3.46,39.13,-0.53,9,6,2.33,5.07,55.56,3.3,14
breakout_60d,單週,1.5,40,0.0,0.9,73,55,0.57,-0.81,47.95,1.03,34,23,2.74,1.41,58.82,2.34,29,27,3.5,1.84,55.17,3.33,9,9,7.15,10.93,66.67,7.15,15
breakout_60d,單週,1.0,40,0.0,0.88,111,76,0.58,-0.82,45.95,1.01,54,36,2.31,1.09,57.41,1.54,48,39,4.83,0.04,52.08,3.65,14,11,4.56,1.92,64.29,4.87,16
breakout_60d,兩週,1.0,25,0.5,0.85,80,64,0.66,-1.34,47.5,1.05,49,35,2.33,-0.29,48.98,2.16,39,30,1.28,-2.21,38.46,0.55,14,10,0.21,-3.38,35.71,1.35,17
breakout_20d,兩週,1.5,25,0.0,0.79,73,61,0.9,-1.34,45.21,0.99,50,32,2.58,1.47,56.0,2.92,46,31,0.33,-1.85,36.96,0.76,10,7,2.01,1.02,50.0,3.49,18
breakout_20d,單週,1.5,40,0.0,0.69,82,59,0.2,-0.65,45.12,0.79,38,25,2.41,1.41,57.89,1.76,39,33,1.4,-0.91,46.15,2.04,11,9,5.72,5.65,63.64,6.68,19
breakout_20d,兩週,1.0,25,0.5,0.65,128,89,1.14,-1.08,45.31,0.81,82,46,1.78,-0.09,50.0,2.46,73,43,0.22,-2.15,38.36,0.43,16,11,-1.65,-3.78,31.25,-0.11,20
breakout_20d,單週,1.0,40,0.0,0.64,139,90,0.53,-0.82,42.45,0.9,69,44,2.59,0.99,55.07,2.68,64,45,2.69,-1.7,45.31,2.5,18,11,2.96,1.92,61.11,4.01,21
breakout_60d,兩週,2.5,40,0.0,0.63,113,82,0.88,-0.12,49.56,0.65,64,40,0.97,1.19,53.12,0.97,56,39,0.6,-1.67,37.5,0.25,21,12,-3.23,-5.86,33.33,-1.82,22
breakout_60d,兩週,1.0,25,1.0,0.63,83,67,0.5,-1.35,46.99,0.83,50,36,2.16,-0.53,48.0,1.93,39,30,1.28,-2.21,38.46,0.55,14,10,0.21,-3.38,35.71,1.35,23
breakout_60d,單週,0.75,25,0.5,0.55,41,34,0.55,-1.64,46.34,0.8,28,19,3.61,1.34,57.14,3.32,22,17,2.11,-1.4,45.45,0.95,7,6,4.62,5.94,57.14,3.49,24
breakout_20d,兩週,1.0,25,1.0,0.46,131,92,1.03,-1.34,45.04,0.66,83,47,1.68,-0.29,49.4,2.27,73,43,0.22,-2.15,38.36,0.43,16,11,-1.65,-3.78,31.25,-0.11,25
ma20_reclaim_uptrend,兩週,1.0,40,1.0,0.45,87,66,0.59,-1.19,40.23,0.87,34,27,0.03,-1.84,38.24,-0.27,22,17,-2.95,-3.0,31.82,-2.71,9,8,-0.23,-2.24,22.22,-0.09,26
breakout_60d,兩週,1.5,25,0.0,0.44,53,48,0.71,-1.64,45.28,0.68,32,22,2.82,1.46,56.25,2.74,30,24,1.72,-1.76,43.33,1.65,10,7,2.01,1.02,50.0,3.49,27
ma20_reclaim_uptrend,兩週,1.0,40,0.5,0.44,84,66,0.63,-1.38,40.48,0.87,33,27,-0.78,-2.06,36.36,-0.61,20,15,-3.38,-3.0,30.0,-3.24,8,8,-0.11,-4.31,25.0,-0.11,28
ma20_reclaim_uptrend,四週,2.0,40,0.0,0.42,67,47,1.19,-1.82,41.79,0.86,31,24,1.38,-2.06,41.94,1.57,28,22,-1.23,-2.88,35.71,-2.03,8,6,5.69,0.31,50.0,7.52,29
ma20_reclaim_uptrend,四週,2.0,40,0.5,0.42,67,47,1.19,-1.82,41.79,0.86,31,24,1.38,-2.06,41.94,1.57,28,22,-1.23,-2.88,35.71,-2.03,8,6,5.69,0.31,50.0,7.52,30
ma20_reclaim_uptrend,四週,2.0,40,1.0,0.42,67,47,1.19,-1.82,41.79,0.86,31,24,1.38,-2.06,41.94,1.57,28,22,-1.23,-2.88,35.71,-2.03,8,6,5.69,0.31,50.0,7.52,31
ma20_reclaim_uptrend,四週,1.0,40,1.0,0.4,132,78,1.12,-0.84,43.94,0.58,63,37,0.43,-1.61,41.27,0.73,58,40,1.2,-1.85,39.66,0.68,14,8,0.78,-1.61,35.71,1.66,32
ma20_reclaim_uptrend,四週,1.0,40,0.5,0.4,132,78,1.12,-0.84,43.94,0.58,63,37,0.43,-1.61,41.27,0.73,58,40,1.2,-1.85,39.66,0.68,14,8,0.78,-1.61,35.71,1.66,33
ma20_reclaim_uptrend,四週,1.0,40,0.0,0.4,132,78,1.12,-0.84,43.94,0.58,63,37,0.43,-1.61,41.27,0.73,58,40,1.2,-1.85,39.66,0.68,14,8,0.78,-1.61,35.71,1.66,34
breakout_60d,兩週,3.0,40,1.0,0.39,80,64,0.96,-0.22,48.75,0.42,51,31,0.37,0.61,50.98,-0.01,45,33,0.54,-2.08,35.56,0.26,18,11,-2.93,-5.75,33.33,-1.75,35
breakout_60d,兩週,3.0,40,0.5,0.39,80,64,0.96,-0.22,48.75,0.42,50,30,0.5,0.8,52.0,0.2,45,33,0.54,-2.08,35.56,0.26,18,11,-2.93,-5.75,33.33,-1.75,36
breakout_60d,兩週,3.0,40,0.0,0.39,80,64,0.96,-0.22,48.75,0.42,48,29,0.24,0.8,52.08,-0.14,45,33,0.54,-2.08,35.56,0.26,18,11,-2.93,-5.75,33.33,-1.75,37
breakout_20d,兩週,3.0,40,0.5,0.37,98,78,0.67,-0.41,45.92,0.43,63,37,0.24,-0.34,49.21,-0.0,63,41,0.63,-2.08,36.51,1.56,19,11,-3.6,-5.86,31.58,-2.82,38
breakout_20d,兩週,3.0,40,1.0,0.37,98,78,0.67,-0.41,45.92,0.43,64,38,0.14,-0.69,48.44,-0.17,63,41,0.63,-2.08,36.51,1.56,19,11,-3.6,-5.86,31.58,-2.82,39
breakout_20d,兩週,3.0,40,0.0,0.35,97,77,0.66,-0.43,45.36,0.41,61,36,0.03,-0.34,49.18,-0.29,62,41,0.87,-1.93,37.1,1.57,19,11,-3.6,-5.86,31.58,-2.82,40
ma20_reclaim_uptrend,四週,1.0,25,0.0,0.32,38,32,0.44,-2.09,34.21,1.18,23,17,1.89,-1.08,47.83,3.08,19,15,0.06,-2.39,31.58,0.03,5,4,11.22,1.8,60.0,14.36,41
ma20_reclaim_uptrend,四週,1.0,25,0.5,0.32,38,32,0.44,-2.09,34.21,1.18,23,17,1.89,-1.08,47.83,3.08,19,15,0.06,-2.39,31.58,0.03,5,4,11.22,1.8,60.0,14.36,42
ma20_reclaim_uptrend,四週,1.0,25,1.0,0.32,38,32,0.44,-2.09,34.21,1.18,23,17,1.89,-1.08,47.83,3.08,19,15,0.06,-2.39,31.58,0.03,5,4,11.22,1.8,60.0,14.36,43
breakout_60d,單週,0.75,40,0.0,0.28,135,89,0.44,-1.62,42.96,0.63,59,38,2.08,1.15,57.63,1.36,60,47,3.68,0.04,51.67,2.38,15,11,5.0,2.09,66.67,5.12,44
ma20_reclaim_uptrend,四週,1.5,40,0.5,0.23,96,67,1.0,-2.0,40.62,0.75,42,29,0.62,-1.84,42.86,1.49,41,31,0.67,-2.01,41.46,0.04,10,7,4.78,0.31,50.0,4.96,45
ma20_reclaim_uptrend,四週,1.5,40,0.0,0.23,96,67,1.0,-2.0,40.62,0.75,42,29,0.62,-1.84,42.86,1.49,41,31,0.67,-2.01,41.46,0.04,10,7,4.78,0.31,50.0,4.96,46
ma20_reclaim_uptrend,四週,1.5,40,1.0,0.23,96,67,1.0,-2.0,40.62,0.75,42,29,0.62,-1.84,42.86,1.49,41,31,0.67,-2.01,41.46,0.04,10,7,4.78,0.31,50.0,4.96,47
breakout_60d,兩週,2.5,40,0.5,0.23,115,84,0.61,-0.32,48.7,0.27,67,42,1.17,1.39,53.73,1.24,57,39,0.58,-1.57,36.84,0.2,21,12,-3.23,-5.86,33.33,-1.82,48
breakout_60d,兩週,2.5,40,1.0,0.18,117,85,0.58,-0.32,48.72,0.23,68,43,1.06,1.19,52.94,1.06,57,39,0.58,-1.57,36.84,0.2,21,12,-3.23,-5.86,33.33,-1.82,49
breakout_20d,兩週,2.5,40,0.0,0.12,145,101,0.54,-0.38,46.9,0.17,81,49,1.9,0.99,53.09,2.74,80,51,0.77,-1.47,38.75,0.79,27,12,-3.45,-5.86,33.33,-0.78,50
breakout_60d,單週,0.75,40,0.5,0.09,209,127,0.36,-0.82,46.41,0.22,101,53,1.67,0.73,52.48,1.02,96,60,2.0,-1.71,43.75,1.0,29,15,2.0,-0.87,48.28,3.22,51
breakout_20d,四週,1.5,25,1.0,0.07,114,88,0.79,-1.9,40.35,0.59,77,46,1.93,0.12,50.65,1.39,59,38,-1.45,-3.0,33.9,-0.38,14,11,0.74,1.02,50.0,1.89,52
breakout_20d,四週,1.5,25,0.0,0.07,114,88,0.79,-1.9,40.35,0.59,77,46,1.93,0.12,50.65,1.39,59,38,-1.45,-3.0,33.9,-0.38,14,11,0.74,1.02,50.0,1.89,53
breakout_20d,四週,1.5,25,0.5,0.07,114,88,0.79,-1.9,40.35,0.59,77,46,1.93,0.12,50.65,1.39,59,38,-1.45,-3.0,33.9,-0.38,14,11,0.74,1.02,50.0,1.89,54
breakout_20d,單週,2.5,40,0.0,0.07,37,33,-0.28,-0.52,45.95,0.15,19,13,0.82,1.39,57.89,-0.37,16,14,4.62,5.9,56.25,5.77,6,6,-0.67,5.77,66.67,-0.67,55
breakout_60d,單週,0.75,25,1.0,-0.02,49,41,0.27,-1.64,44.9,0.23,34,23,3.38,1.46,58.82,3.5,27,21,0.15,-3.0,37.04,-0.9,8,6,1.99,2.19,50.0,2.45,56
breakout_60d,單週,0.75,40,1.0,-0.03,241,142,0.11,-1.14,45.23,0.14,115,56,1.58,0.73,52.17,1.21,116,63,1.04,-2.34,40.52,0.38,36,16,0.57,-1.35,44.44,1.11,57
breakout_20d,兩週,2.5,40,0.5,-0.11,148,103,0.33,-0.38,46.62,-0.05,84,51,2.03,1.19,53.57,2.89,82,51,0.58,-1.47,37.8,0.76,27,12,-3.45,-5.86,33.33,-0.78,58
breakout_20d,兩週,1.5,25,0.5,-0.11,82,69,0.09,-1.69,42.68,0.26,55,36,1.89,1.44,54.55,1.57,49,32,0.46,-1.54,36.73,1.14,10,7,2.01,1.02,50.0,3.49,59
breakout_20d,兩週,2.5,40,1.0,-0.14,150,104,0.32,-0.38,46.67,-0.08,85,52,1.93,0.99,52.94,2.71,82,51,0.58,-1.47,37.8,0.76,28,12,-3.19,-5.75,35.71,-0.81,60
breakout_60d,兩週,2.0,40,0.0,-0.14,160,108,0.54,-0.22,48.75,-0.11,81,48,1.5,0.61,50.62,1.36,76,47,-0.51,-3.05,34.21,-0.17,28,15,-1.7,-5.38,39.29,-0.28,61
breakout_60d,單週,1.0,25,1.0,-0.15,40,35,0.1,-1.24,47.5,0.03,25,16,4.15,1.49,56.0,4.2,22,18,0.56,-3.88,36.36,-0.66,7,6,0.67,-1.56,42.86,2.47,62
breakout_20d,單週,1.5,40,0.5,-0.19,131,90,0.27,-0.52,46.56,-0.11,69,39,1.44,-0.17,49.28,1.18,64,46,-0.69,-2.88,35.94,0.38,16,10,1.57,-2.39,43.75,3.93,63
breakout_60d,四週,2.0,25,1.0,-0.21,52,47,0.04,-1.86,44.23,0.11,42,32,1.48,1.06,54.76,0.75,23,18,-2.23,-7.22,30.43,-2.19,11,10,1.7,10.93,54.55,0.74,64
breakout_60d,四週,2.0,25,0.5,-0.21,52,47,0.04,-1.86,44.23,0.11,42,32,1.48,1.06,54.76,0.75,23,18,-2.23,-7.22,30.43,-2.19,11,10,1.7,10.93,54.55,0.74,65
breakout_60d,四週,2.0,25,0.0,-0.21,52,47,0.04,-1.86,44.23,0.11,42,32,1.48,1.06,54.76,0.75,23,18,-2.23,-7.22,30.43,-2.19,11,10,1.7,10.93,54.55,0.74,66
breakout_60d,四週,1.5,25,0.5,-0.23,78,65,-0.19,-2.1,41.03,0.28,54,38,2.16,0.16,50.0,1.33,42,29,-0.54,-2.42,38.1,-0.28,14,11,0.74,1.02,50.0,1.89,67
breakout_60d,四週,1.5,25,1.0,-0.23,78,65,-0.19,-2.1,41.03,0.28,54,38,2.16,0.16,50.0,1.33,42,29,-0.54,-2.42,38.1,-0.28,14,11,0.74,1.02,50.0,1.89,68
breakout_60d,四週,1.5,25,0.0,-0.23,78,65,-0.19,-2.1,41.03,0.28,54,38,2.16,0.16,50.0,1.33,42,29,-0.54,-2.42,38.1,-0.28,14,11,0.74,1.02,50.0,1.89,69
breakout_20d,單週,0.75,40,0.0,-0.27,178,108,0.39,-1.63,39.89,0.23,79,47,2.08,0.73,53.16,2.51,82,54,1.61,-1.49,45.12,1.34,23,11,2.31,2.09,60.87,3.78,70
breakout_60d,兩週,1.5,25,0.5,-0.28,56,51,0.1,-1.86,44.64,0.02,36,26,1.54,1.02,52.78,0.98,31,25,1.65,-1.37,41.94,1.57,10,7,2.01,1.02,50.0,3.49,71
breakout_60d,單週,1.0,40,1.0,-0.3,188,117,-0.08,-1.09,46.81,-0.13,91,49,2.09,1.02,53.85,1.81,89,54,1.36,-2.52,39.33,1.68,29,13,-1.43,-3.91,37.93,-1.11,72
breakout_60d,單週,1.0,25,0.5,-0.3,35,31,-0.2,-1.64,45.71,-0.05,21,14,4.44,1.44,52.38,3.78,19,16,2.11,-2.68,42.11,0.55,6,6,3.51,2.19,50.0,3.51,73
breakout_60d,單週,1.0,40,0.5,-0.35,167,106,-0.03,-1.05,46.71,-0.19,82,47,2.07,0.86,52.44,1.48,75,49,2.28,-2.15,41.33,1.92,24,12,0.09,-1.35,41.67,1.52,74
breakout_20d,兩週,1.5,25,1.0,-0.35,84,71,-0.05,-1.79,41.67,0.09,56,37,1.74,1.44,53.57,1.36,49,32,0.46,-1.54,36.73,1.14,10,7,2.01,1.02,50.0,3.49,75
dip_5_10d_above_ma240,四週,3.0,40,1.0,-0.36,84,67,-0.5,-0.97,45.24,-0.22,35,28,2.85,-1.17,37.14,2.51,34,28,0.59,-1.76,41.18,0.25,15,11,1.33,-2.36,40.0,-0.11,76
dip_5_10d_above_ma240,四週,3.0,40,0.5,-0.36,84,67,-0.5,-0.97,45.24,-0.22,35,28,2.85,-1.17,37.14,2.51,34,28,0.59,-1.76,41.18,0.25,15,11,1.33,-2.36,40.0,-0.11,77
dip_5_10d_above_ma240,四週,3.0,40,0.0,-0.36,84,67,-0.5,-0.97,45.24,-0.22,35,28,2.85,-1.17,37.14,2.51,34,28,0.59,-1.76,41.18,0.25,15,11,1.33,-2.36,40.0,-0.11,78
breakout_20d,兩週,2.0,40,0.0,-0.38,210,131,0.56,-0.35,47.14,-0.33,111,59,1.57,0.52,50.45,1.84,105,60,-0.31,-3.02,35.24,0.34,35,15,-1.89,-5.53,40.0,0.42,79
breakout_60d,單週,2.5,40,0.5,-0.39,43,40,-0.29,-1.05,48.84,-0.23,25,19,1.03,0.99,52.0,0.88,19,15,3.75,-0.4,47.37,4.49,7,6,-0.7,0.62,57.14,0.4,80
breakout_60d,四週,2.0,40,0.5,-0.4,239,139,-0.03,-1.13,43.93,-0.18,123,65,1.12,-0.33,48.78,0.16,108,61,-0.31,-3.85,34.26,1.34,38,20,-0.01,-3.75,42.11,1.18,81
breakout_60d,四週,2.0,40,1.0,-0.4,239,139,-0.03,-1.13,43.93,-0.18,123,65,1.12,-0.33,48.78,0.16,108,61,-0.31,-3.85,34.26,1.34,38,20,-0.01,-3.75,42.11,1.18,82
breakout_60d,四週,2.0,40,0.0,-0.4,239,139,-0.03,-1.13,43.93,-0.18,123,65,1.12,-0.33,48.78,0.16,108,61,-0.31,-3.85,34.26,1.34,38,20,-0.01,-3.75,42.11,1.18,83
breakout_20d,兩週,1.5,40,0.0,-0.44,312,158,0.28,-0.81,45.19,-0.32,151,67,1.61,0.52,51.66,1.75,151,72,0.59,-1.78,40.4,1.06,46,15,-2.41,-5.48,36.96,-1.14,84
breakout_60d,兩週,1.0,40,0.0,-0.47,333,161,-0.16,-1.91,43.54,-0.11,146,67,1.77,-0.23,49.32,2.02,143,67,0.51,-2.97,36.36,1.0,49,18,-1.22,-3.91,40.82,-2.52,85
breakout_20d,單週,1.5,40,1.0,-0.48,148,97,0.03,-0.77,45.27,-0.36,81,41,1.94,0.32,50.62,2.67,84,53,-0.88,-3.26,34.52,0.42,21,12,-0.36,-4.19,38.1,-1.08,86
dip_5_10d_above_ma240,兩週,2.5,40,0.0,-0.49,63,51,-1.08,-1.0,42.86,-0.24,21,21,-0.09,-2.51,38.1,-0.09,28,23,0.1,-0.05,50.0,-0.62,8,6,3.17,1.32,62.5,1.31,87
ma20_reclaim_uptrend,兩週,1.0,40,0.0,-0.53,64,51,0.34,-1.38,37.5,0.05,26,23,-0.35,-1.58,42.31,-0.39,16,13,-3.26,-3.34,31.25,-3.03,7,7,0.2,-6.37,28.57,0.2,88
breakout_60d,兩週,1.5,40,0.0,-0.54,231,132,-0.01,-1.34,46.32,-0.34,106,54,1.55,-0.32,49.06,0.83,108,58,0.93,-1.93,40.74,0.99,37,15,-2.67,-5.58,35.14,-2.31,89
breakout_60d,單週,2.5,40,1.0,-0.54,45,42,-0.43,-1.05,48.89,-0.38,31,22,1.51,1.44,58.06,1.83,24,19,1.52,-1.24,41.67,1.56,8,7,-1.95,-0.13,50.0,-1.19,90
breakout_20d,四週,2.0,25,1.0,-0.54,73,63,-0.03,-1.13,42.47,-0.24,57,39,1.29,0.61,50.88,0.99,35,27,-2.09,-5.43,28.57,-1.74,11,10,1.7,10.93,54.55,0.74,91
breakout_20d,四週,2.0,25,0.5,-0.54,73,63,-0.03,-1.13,42.47,-0.24,57,39,1.29,0.61,50.88,0.99,35,27,-2.09,-5.43,28.57,-1.74,11,10,1.7,10.93,54.55,0.74,92
breakout_20d,四週,2.0,25,0.0,-0.54,73,63,-0.03,-1.13,42.47,-0.24,57,39,1.29,0.61,50.88,0.99,35,27,-2.09,-5.43,28.57,-1.74,11,10,1.7,10.93,54.55,0.74,93
dip_5_10d_above_ma240,兩週,2.5,40,0.5,-0.54,65,52,-1.12,-1.0,43.08,-0.29,23,22,-1.48,-3.79,34.78,-0.94,30,25,0.06,-0.23,50.0,-0.62,10,8,9.11,1.32,70.0,9.19,94
breakout_60d,單週,1.5,40,1.0,-0.57,120,85,-0.01,-1.09,47.5,-0.4,61,33,2.42,1.39,54.1,2.35,61,44,-0.02,-2.55,39.34,0.48,18,11,-0.04,-4.05,38.89,-0.46,95
breakout_60d,四週,3.0,40,0.0,-0.58,145,97,-0.05,-1.05,43.45,-0.34,79,46,1.37,-0.34,48.1,0.59,72,46,0.5,-3.73,33.33,1.51,25,16,1.29,-3.59,40.0,2.18,96
breakout_60d,四週,3.0,40,1.0,-0.58,145,97,-0.05,-1.05,43.45,-0.34,79,46,1.37,-0.34,48.1,0.59,72,46,0.5,-3.73,33.33,1.51,25,16,1.29,-3.59,40.0,2.18,97
breakout_60d,四週,3.0,40,0.5,-0.58,145,97,-0.05,-1.05,43.45,-0.34,79,46,1.37,-0.34,48.1,0.59,72,46,0.5,-3.73,33.33,1.51,25,16,1.29,-3.59,40.0,2.18,98
breakout_20d,單週,1.0,40,1.0,-0.58,261,140,0.2,-0.81,44.44,-0.43,133,62,1.7,-0.29,48.87,2.81,124,66,0.45,-2.62,37.1,1.14,37,14,-1.92,-3.91,35.14,-1.79,99
breakout_60d,單週,1.5,40,0.5,-0.58,111,80,0.1,-1.05,47.75,-0.43,54,32,2.22,0.41,50.0,1.67,49,38,0.7,-2.15,40.82,1.31,14,10,1.9,-2.39,42.86,4.45,100
breakout_60d,兩週,2.0,40,0.5,-0.59,166,109,0.19,-0.59,47.59,-0.5,86,51,1.25,0.16,50.0,1.11,78,47,-0.54,-3.03,33.33,-0.19,28,15,-1.7,-5.38,39.29,-0.28,101
breakout_20d,單週,0.75,40,0.5,-0.6,294,149,0.21,-1.14,42.18,-0.29,142,65,1.13,-0.33,47.89,1.84,136,68,0.79,-1.97,41.91,0.51,39,15,0.82,-1.13,46.15,2.32,102
breakout_60d,四週,2.5,25,0.5,-0.6,41,38,-0.13,-2.09,46.34,-0.29,35,27,2.09,1.25,57.14,1.57,18,15,-1.25,-6.98,33.33,-1.45,10,9,0.32,3.51,50.0,-0.9,103
breakout_60d,四週,2.5,25,1.0,-0.6,41,38,-0.13,-2.09,46.34,-0.29,35,27,2.09,1.25,57.14,1.57,18,15,-1.25,-6.98,33.33,-1.45,10,9,0.32,3.51,50.0,-0.9,104
breakout_60d,四週,2.5,25,0.0,-0.6,41,38,-0.13,-2.09,46.34,-0.29,35,27,2.09,1.25,57.14,1.57,18,15,-1.25,-6.98,33.33,-1.45,10,9,0.32,3.51,50.0,-0.9,105
breakout_60d,兩週,2.0,40,1.0,-0.61,169,110,0.13,-0.81,47.34,-0.49,87,51,1.16,-0.29,49.43,0.78,78,47,-0.54,-3.03,33.33,-0.19,28,15,-1.7,-5.38,39.29,-0.28,106
breakout_60d,兩週,1.5,25,1.0,-0.62,58,53,-0.11,-2.1,43.1,-0.21,37,27,1.32,0.61,51.35,0.7,31,25,1.65,-1.37,41.94,1.57,10,7,2.01,1.02,50.0,3.49,107
breakout_20d,四週,1.5,40,1.0,-0.62,439,187,-0.01,-1.47,41.69,-0.24,218,78,1.42,-0.45,48.17,1.32,204,78,-0.38,-2.59,36.27,0.68,64,20,-1.06,-4.84,40.62,0.32,108
breakout_20d,四週,1.5,40,0.5,-0.62,439,187,-0.01,-1.47,41.69,-0.24,218,78,1.42,-0.45,48.17,1.32,204,78,-0.38,-2.59,36.27,0.68,64,20,-1.06,-4.84,40.62,0.32,109
breakout_20d,四週,1.5,40,0.0,-0.62,439,187,-0.01,-1.47,41.69,-0.24,218,78,1.42,-0.45,48.17,1.32,204,78,-0.38,-2.59,36.27,0.68,64,20,-1.06,-4.84,40.62,0.32,110
breakout_20d,四週,2.5,25,1.0,-0.63,53,49,-0.22,-1.01,43.4,-0.4,46,33,1.66,0.75,52.17,1.53,27,21,-0.79,-5.03,33.33,-0.31,10,9,0.32,3.51,50.0,-0.9,111
breakout_20d,四週,2.5,25,0.0,-0.63,53,49,-0.22,-1.01,43.4,-0.4,46,33,1.66,0.75,52.17,1.53,27,21,-0.79,-5.03,33.33,-0.31,10,9,0.32,3.51,50.0,-0.9,112
breakout_20d,四週,2.5,25,0.5,-0.63,53,49,-0.22,-1.01,43.4,-0.4,46,33,1.66,0.75,52.17,1.53,27,21,-0.79,-5.03,33.33,-0.31,10,9,0.32,3.51,50.0,-0.9,113
breakout_20d,單週,0.75,40,1.0,-0.64,345,164,0.16,-1.14,42.32,-0.33,166,69,1.26,-0.33,48.19,2.1,170,73,0.14,-2.12,38.82,0.43,50,17,-0.58,-2.08,40.0,0.12,114
breakout_20d,單週,1.0,40,0.5,-0.66,223,126,0.11,-0.82,43.5,-0.46,116,59,1.51,-0.31,48.28,2.23,100,58,0.89,-2.53,39.0,0.8,29,12,-0.36,-1.56,41.38,1.04,115
breakout_60d,四週,1.5,40,1.0,-0.66,329,161,-0.36,-1.59,42.55,-0.3,159,69,1.32,-0.61,46.54,0.51,153,69,-0.1,-2.64,35.95,0.88,50,20,-0.57,-4.08,42.0,1.01,116
breakout_60d,四週,1.5,40,0.5,-0.66,329,161,-0.36,-1.59,42.55,-0.3,159,69,1.32,-0.61,46.54,0.51,153,69,-0.1,-2.64,35.95,0.88,50,20,-0.57,-4.08,42.0,1.01,117
breakout_60d,四週,1.5,40,0.0,-0.66,329,161,-0.36,-1.59,42.55,-0.3,159,69,1.32,-0.61,46.54,0.51,153,69,-0.1,-2.64,35.95,0.88,50,20,-0.57,-4.08,42.0,1.01,118
breakout_20d,四週,2.0,40,0.0,-0.69,310,163,0.0,-1.05,42.26,-0.39,157,72,0.92,-0.34,48.41,0.2,145,71,-0.63,-3.73,33.79,0.93,46,20,-0.58,-3.75,43.48,0.24,119
breakout_20d,四週,2.0,40,0.5,-0.69,310,163,0.0,-1.05,42.26,-0.39,157,72,0.92,-0.34,48.41,0.2,145,71,-0.63,-3.73,33.79,0.93,46,20,-0.58,-3.75,43.48,0.24,120
breakout_20d,四週,2.0,40,1.0,-0.69,310,163,0.0,-1.05,42.26,-0.39,157,72,0.92,-0.34,48.41,0.2,145,71,-0.63,-3.73,33.79,0.93,46,20,-0.58,-3.75,43.48,0.24,121
breakout_20d,兩週,1.0,40,0.0,-0.71,483,187,0.02,-1.64,42.24,-0.33,227,78,1.43,0.12,50.66,2.43,217,78,0.32,-2.52,38.25,0.32,67,18,-1.66,-4.25,37.31,-1.08,122
breakout_20d,兩週,2.0,40,0.5,-0.74,219,133,0.23,-0.43,46.12,-0.68,117,62,1.45,0.52,50.43,1.64,108,60,-0.47,-2.83,34.26,0.31,35,15,-1.89,-5.53,40.0,0.42,123
breakout_60d,四週,2.5,40,0.0,-0.75,185,117,-0.33,-1.2,43.24,-0.48,98,57,1.34,-0.48,47.96,0.12,88,53,0.21,-3.91,34.09,1.62,29,17,-0.57,-3.91,37.93,1.01,124
breakout_60d,四週,2.5,40,1.0,-0.75,185,117,-0.33,-1.2,43.24,-0.48,98,57,1.34,-0.48,47.96,0.12,88,53,0.21,-3.91,34.09,1.62,29,17,-0.57,-3.91,37.93,1.01,125
breakout_60d,四週,2.5,40,0.5,-0.75,185,117,-0.33,-1.2,43.24,-0.48,98,57,1.34,-0.48,47.96,0.12,88,53,0.21,-3.91,34.09,1.62,29,17,-0.57,-3.91,37.93,1.01,126
breakout_20d,兩週,2.0,40,1.0,-0.76,222,134,0.18,-0.6,45.95,-0.66,118,62,1.38,0.11,50.0,1.52,108,60,-0.47,-2.83,34.26,0.31,36,15,-1.74,-5.33,41.67,0.4,127
breakout_20d,四週,1.0,25,1.0,-0.79,148,103,0.11,-2.07,39.86,-0.22,103,50,1.16,-0.52,46.6,0.99,81,47,-1.02,-2.76,35.8,-0.7,19,12,-1.93,-5.58,42.11,0.1,128
breakout_20d,四週,1.0,25,0.5,-0.79,148,103,0.11,-2.07,39.86,-0.22,103,50,1.16,-0.52,46.6,0.99,81,47,-1.02,-2.76,35.8,-0.7,19,12,-1.93,-5.58,42.11,0.1,129
breakout_20d,四週,1.0,25,0.0,-0.79,148,103,0.11,-2.07,39.86,-0.22,103,50,1.16,-0.52,46.6,0.99,81,47,-1.02,-2.76,35.8,-0.7,19,12,-1.93,-5.58,42.11,0.1,130
breakout_60d,四週,1.0,25,0.0,-0.8,97,78,-0.7,-2.71,40.21,-0.15,65,42,2.06,-0.29,47.69,1.24,51,33,-0.5,-2.76,37.25,-0.71,16,11,-0.73,-4.75,43.75,1.33,131
breakout_60d,四週,1.0,25,1.0,-0.8,97,78,-0.7,-2.71,40.21,-0.15,65,42,2.06,-0.29,47.69,1.24,51,33,-0.5,-2.76,37.25,-0.71,16,11,-0.73,-4.75,43.75,1.33,132
breakout_60d,四週,1.0,25,0.5,-0.8,97,78,-0.7,-2.71,40.21,-0.15,65,42,2.06,-0.29,47.69,1.24,51,33,-0.5,-2.76,37.25,-0.71,16,11,-0.73,-4.75,43.75,1.33,133
breakout_20d,四週,2.5,40,0.5,-0.8,233,138,-0.44,-1.05,42.06,-0.5,119,62,1.25,-1.05,47.06,0.5,115,60,-0.14,-3.73,34.78,1.46,35,17,-0.98,-3.91,40.0,0.21,134
breakout_20d,四週,2.5,40,1.0,-0.8,233,138,-0.44,-1.05,42.06,-0.5,119,62,1.25,-1.05,47.06,0.5,115,60,-0.14,-3.73,34.78,1.46,35,17,-0.98,-3.91,40.0,0.21,135
breakout_20d,四週,2.5,40,0.0,-0.8,233,138,-0.44,-1.05,42.06,-0.5,119,62,1.25,-1.05,47.06,0.5,115,60,-0.14,-3.73,34.78,1.46,35,17,-0.98,-3.91,40.0,0.21,136
dip_5_10d_above_ma240,四週,2.5,40,0.5,-0.82,120,92,-0.76,-1.06,41.67,-0.49,43,33,3.14,-0.57,41.86,2.96,47,34,-1.05,-1.99,34.04,-1.69,17,11,2.55,-2.36,41.18,0.9,137
dip_5_10d_above_ma240,四週,2.5,40,1.0,-0.82,120,92,-0.76,-1.06,41.67,-0.49,43,33,3.14,-0.57,41.86,2.96,47,34,-1.05,-1.99,34.04,-1.69,17,11,2.55,-2.36,41.18,0.9,138
dip_5_10d_above_ma240,四週,2.5,40,0.0,-0.82,120,92,-0.76,-1.06,41.67,-0.49,43,33,3.14,-0.57,41.86,2.96,47,34,-1.05,-1.99,34.04,-1.69,17,11,2.55,-2.36,41.18,0.9,139
breakout_20d,單週,2.5,40,0.5,-0.82,49,44,-0.72,-1.05,42.86,-0.56,30,23,0.55,0.35,50.0,-0.09,27,21,1.67,-2.08,44.44,2.37,7,6,-0.7,0.62,57.14,0.4,140
breakout_20d,四週,3.0,40,0.0,-0.83,181,116,-0.29,-1.05,42.54,-0.55,95,52,1.27,-1.05,46.32,0.87,92,52,-0.06,-3.59,33.7,1.62,30,16,0.89,-3.39,43.33,1.87,141
breakout_20d,四週,3.0,40,1.0,-0.83,181,116,-0.29,-1.05,42.54,-0.55,95,52,1.27,-1.05,46.32,0.87,92,52,-0.06,-3.59,33.7,1.62,30,16,0.89,-3.39,43.33,1.87,142
breakout_20d,四週,3.0,40,0.5,-0.83,181,116,-0.29,-1.05,42.54,-0.55,95,52,1.27,-1.05,46.32,0.87,92,52,-0.06,-3.59,33.7,1.62,30,16,0.89,-3.39,43.33,1.87,143
breakout_20d,兩週,1.5,40,0.5,-0.86,330,163,-0.04,-1.07,44.55,-0.67,157,69,1.52,0.52,51.59,1.64,158,72,0.47,-1.81,39.87,1.04,46,15,-2.41,-5.48,36.96,-1.14,144
dip_5_10d_above_ma240,兩週,2.5,40,1.0,-0.91,67,54,-1.3,-1.29,41.79,-0.55,24,22,-1.39,-3.15,37.5,-0.83,30,25,0.06,-0.23,50.0,-0.62,10,8,9.11,1.32,70.0,9.19,145
breakout_60d,兩週,1.5,40,0.5,-0.93,241,136,-0.3,-1.35,46.06,-0.73,111,56,1.36,-0.34,48.65,0.72,112,58,0.82,-1.93,40.18,0.95,37,15,-2.67,-5.58,35.14,-2.31,146
dip_5_10d_above_ma240,四週,2.0,25,0.0,-0.93,49,44,-0.33,-1.11,48.98,-0.77,27,25,5.92,-0.4,48.15,5.26,25,21,0.42,-1.93,40.0,-0.04,13,10,-7.01,-3.35,30.77,-8.9,147
dip_5_10d_above_ma240,四週,2.0,25,0.5,-0.93,49,44,-0.33,-1.11,48.98,-0.77,27,25,5.92,-0.4,48.15,5.26,25,21,0.42,-1.93,40.0,-0.04,13,10,-7.01,-3.35,30.77,-8.9,148
dip_5_10d_above_ma240,四週,2.0,25,1.0,-0.93,49,44,-0.33,-1.11,48.98,-0.77,27,25,5.92,-0.4,48.15,5.26,25,21,0.42,-1.93,40.0,-0.04,13,10,-7.01,-3.35,30.77,-8.9,149
breakout_20d,單週,2.5,40,1.0,-0.95,53,47,-0.86,-1.05,41.51,-0.62,39,26,0.65,0.99,51.28,0.58,36,27,-0.13,-3.67,38.89,-0.02,9,8,-2.35,-0.87,44.44,-1.74,150
breakout_20d,四週,3.0,25,0.0,-1.01,35,33,-0.42,-2.71,42.86,-0.5,39,28,3.26,1.25,56.41,3.42,23,18,-0.24,-5.03,34.78,0.17,9,8,2.97,10.93,55.56,1.92,151
breakout_20d,四週,3.0,25,1.0,-1.01,35,33,-0.42,-2.71,42.86,-0.5,39,28,3.26,1.25,56.41,3.42,23,18,-0.24,-5.03,34.78,0.17,9,8,2.97,10.93,55.56,1.92,152
breakout_20d,四週,3.0,25,0.5,-1.01,35,33,-0.42,-2.71,42.86,-0.5,39,28,3.26,1.25,56.41,3.42,23,18,-0.24,-5.03,34.78,0.17,9,8,2.97,10.93,55.56,1.92,153
breakout_20d,兩週,1.5,40,1.0,-1.01,336,165,-0.13,-1.24,44.05,-0.78,158,69,1.47,0.42,51.27,1.53,158,72,0.47,-1.81,39.87,1.04,47,15,-2.28,-5.43,38.3,-1.09,154
dip_5_10d_above_ma240,兩週,3.0,40,0.5,-1.03,35,31,-1.25,-2.03,42.86,-0.62,17,16,0.15,-1.5,41.18,1.0,18,16,1.81,-0.24,50.0,1.13,9,8,8.96,0.74,66.67,7.92,155
dip_5_10d_above_ma240,四週,1.0,40,0.5,-1.04,411,176,-0.62,-1.0,44.04,-0.84,153,65,0.39,-0.47,45.1,0.37,178,69,-1.73,-2.88,31.46,-2.05,53,17,-2.33,-4.21,28.3,-1.61,156
dip_5_10d_above_ma240,四週,1.0,40,1.0,-1.04,411,176,-0.62,-1.0,44.04,-0.84,153,65,0.39,-0.47,45.1,0.37,178,69,-1.73,-2.88,31.46,-2.05,53,17,-2.33,-4.21,28.3,-1.61,157
dip_5_10d_above_ma240,四週,1.0,40,0.0,-1.04,411,176,-0.62,-1.0,44.04,-0.84,153,65,0.39,-0.47,45.1,0.37,178,69,-1.73,-2.88,31.46,-2.05,53,17,-2.33,-4.21,28.3,-1.61,158
breakout_60d,兩週,1.0,40,0.5,-1.05,354,165,-0.49,-1.96,42.66,-0.64,153,68,1.63,-0.29,49.02,1.97,150,68,0.34,-2.66,35.33,0.98,50,19,-1.27,-3.78,40.0,-2.58,159
breakout_20d,單週,2.0,40,0.0,-1.11,55,44,-1.51,-1.81,38.18,-0.49,25,17,2.65,1.44,60.0,1.06,21,18,3.13,0.04,52.38,3.92,7,7,6.6,10.93,71.43,6.6,160
breakout_60d,兩週,1.0,40,1.0,-1.11,362,167,-0.54,-2.0,42.54,-0.69,154,68,1.58,-0.32,48.7,1.73,150,68,0.34,-2.66,35.33,0.98,50,19,-1.27,-3.78,40.0,-2.58,161
breakout_60d,兩週,1.5,40,1.0,-1.12,247,139,-0.42,-1.59,45.34,-0.88,112,56,1.29,-0.45,48.21,0.42,112,58,0.82,-1.93,40.18,0.95,37,15,-2.67,-5.58,35.14,-2.31,162
breakout_20d,兩週,1.0,40,0.5,-1.13,518,194,-0.27,-1.87,41.31,-0.66,237,79,1.38,0.12,50.63,2.34,231,78,0.22,-2.38,37.66,0.27,69,19,-1.9,-4.25,36.23,-1.22,163
breakout_20d,兩週,1.0,40,1.0,-1.16,526,195,-0.31,-1.9,41.25,-0.69,238,79,1.35,0.09,50.42,2.28,231,78,0.22,-2.38,37.66,0.27,70,19,-1.82,-4.08,37.14,-1.26,164
dip_5_10d_above_ma240,單週,0.75,40,0.0,-1.17,69,54,-0.58,-0.75,47.83,-1.06,21,21,-0.47,-1.5,33.33,-0.47,29,20,-3.61,-2.13,24.14,-4.16,8,7,-1.14,-2.72,25.0,-2.25,165
dip_5_10d_above_ma240,兩週,1.0,40,0.0,-1.32,256,144,-0.82,-1.69,41.41,-0.88,83,51,-0.42,-1.5,44.58,-0.99,86,50,-1.56,-1.99,34.88,-1.8,38,19,-1.77,-3.21,31.58,-2.9,166
breakout_20d,單週,1.5,25,1.0,-1.33,36,29,-0.66,-1.04,41.67,-1.01,27,17,3.79,1.49,55.56,3.63,22,16,-2.95,-4.98,22.73,-0.91,4,4,4.17,3.79,50.0,4.17,167
breakout_60d,單週,2.0,40,1.0,-1.39,71,59,-1.3,-1.89,42.25,-0.97,41,27,2.23,1.44,56.1,1.94,31,23,1.02,-0.4,45.16,1.15,12,10,0.36,-3.22,41.67,-0.81,168
ma20_reclaim_uptrend,四週,2.5,40,0.5,-1.41,39,31,0.76,-3.49,35.9,-0.43,24,21,2.41,-2.29,41.67,2.38,21,16,-2.97,-3.37,28.57,-3.08,6,4,5.06,0.31,50.0,7.49,169
ma20_reclaim_uptrend,四週,2.5,40,1.0,-1.41,39,31,0.76,-3.49,35.9,-0.43,24,21,2.41,-2.29,41.67,2.38,21,16,-2.97,-3.37,28.57,-3.08,6,4,5.06,0.31,50.0,7.49,170
ma20_reclaim_uptrend,四週,2.5,40,0.0,-1.41,39,31,0.76,-3.49,35.9,-0.43,24,21,2.41,-2.29,41.67,2.38,21,16,-2.97,-3.37,28.57,-3.08,6,4,5.06,0.31,50.0,7.49,171
breakout_60d,單週,2.0,40,0.5,-1.42,68,56,-1.3,-1.9,41.18,-0.95,35,25,2.01,0.99,51.43,0.99,25,19,2.14,-0.4,48.0,2.6,10,9,3.29,-0.13,50.0,4.47,172
breakout_20d,四週,1.0,40,0.0,-1.46,617,211,-0.53,-1.84,39.22,-0.89,285,81,1.15,-0.55,47.37,1.3,286,84,-0.3,-2.53,37.41,0.22,90,21,-2.41,-5.06,38.89,-0.9,173
breakout_20d,四週,1.0,40,0.5,-1.46,617,211,-0.53,-1.84,39.22,-0.89,285,81,1.15,-0.55,47.37,1.3,286,84,-0.3,-2.53,37.41,0.22,90,21,-2.41,-5.06,38.89,-0.9,174
breakout_20d,四週,1.0,40,1.0,-1.46,617,211,-0.53,-1.84,39.22,-0.89,285,81,1.15,-0.55,47.37,1.3,286,84,-0.3,-2.53,37.41,0.22,90,21,-2.41,-5.06,38.89,-0.9,175
dip_5_10d_above_ma240,兩週,2.0,40,0.5,-1.5,100,76,-1.5,-1.53,39.0,-0.97,36,31,-1.44,-2.42,38.89,-1.05,38,32,-0.0,-0.78,47.37,-0.74,16,10,4.86,-0.19,50.0,3.27,176
dip_5_10d_above_ma240,四週,2.0,40,0.0,-1.51,184,119,-0.61,-1.24,42.39,-1.19,64,44,1.7,-0.57,40.62,1.42,68,43,-0.9,-2.19,33.82,-2.44,23,13,-1.56,-3.87,30.43,-2.18,177
dip_5_10d_above_ma240,四週,2.0,40,0.5,-1.51,184,119,-0.61,-1.24,42.39,-1.19,64,44,1.7,-0.57,40.62,1.42,68,43,-0.9,-2.19,33.82,-2.44,23,13,-1.56,-3.87,30.43,-2.18,178
dip_5_10d_above_ma240,四週,2.0,40,1.0,-1.51,184,119,-0.61,-1.24,42.39,-1.19,64,44,1.7,-0.57,40.62,1.42,68,43,-0.9,-2.19,33.82,-2.44,23,13,-1.56,-3.87,30.43,-2.18,179
dip_5_10d_above_ma240,單週,0.75,25,1.0,-1.53,37,33,0.06,-1.63,40.54,-1.07,16,15,2.2,1.38,62.5,1.35,24,22,-1.03,-2.04,33.33,-1.07,8,7,-6.86,-2.95,25.0,-7.18,180
breakout_60d,四週,1.0,40,0.5,-1.53,438,186,-0.88,-2.06,39.5,-0.95,192,71,1.35,-0.59,46.35,0.52,199,74,0.0,-2.68,36.68,0.4,63,21,-1.6,-4.25,41.27,-0.81,181
breakout_60d,四週,1.0,40,1.0,-1.53,438,186,-0.88,-2.06,39.5,-0.95,192,71,1.35,-0.59,46.35,0.52,199,74,0.0,-2.68,36.68,0.4,63,21,-1.6,-4.25,41.27,-0.81,182
breakout_60d,四週,1.0,40,0.0,-1.53,438,186,-0.88,-2.06,39.5,-0.95,192,71,1.35,-0.59,46.35,0.52,199,74,0.0,-2.68,36.68,0.4,63,21,-1.6,-4.25,41.27,-0.81,183
breakout_20d,單週,2.0,40,0.5,-1.54,81,65,-1.32,-1.13,39.51,-1.1,42,31,1.98,1.19,52.38,0.91,34,26,0.71,-2.32,44.12,1.11,10,9,3.29,-0.13,50.0,4.47,184
breakout_20d,單週,2.0,40,1.0,-1.56,87,68,-1.34,-1.13,39.08,-1.09,52,33,1.69,1.19,51.92,1.49,44,32,-0.3,-3.0,40.91,-0.21,13,11,-0.09,-5.53,38.46,-1.24,185
dip_5_10d_above_ma240,兩週,3.0,40,1.0,-1.57,37,33,-1.57,-2.15,40.54,-1.02,18,17,0.18,-1.03,44.44,0.99,18,16,1.81,-0.24,50.0,1.13,9,8,8.96,0.74,66.67,7.92,186
dip_5_10d_above_ma240,兩週,2.0,40,0.0,-1.59,91,71,-1.53,-2.03,39.56,-1.01,34,30,-0.58,-1.91,41.18,-0.46,35,30,0.06,-0.52,48.57,-0.5,14,9,0.86,-4.35,42.86,-0.61,187
dip_5_10d_above_ma240,兩週,1.0,40,0.5,-1.61,290,151,-0.88,-1.75,39.31,-1.06,91,53,-0.92,-2.09,41.76,-1.46,102,53,-0.81,-1.41,37.25,-1.25,43,20,-0.1,-2.36,34.88,-1.41,188
dip_5_10d_above_ma240,兩週,1.0,40,1.0,-1.67,294,151,-0.94,-1.81,38.78,-1.09,96,53,-0.84,-1.81,42.71,-1.2,104,54,-0.79,-1.41,37.5,-1.14,44,20,0.04,-2.05,36.36,-1.39,189
dip_5_10d_above_ma240,四週,1.0,25,0.5,-1.7,118,88,-0.71,-1.41,44.07,-1.44,50,40,3.86,1.0,56.0,3.78,70,46,-2.14,-3.39,25.71,-2.5,23,13,-5.84,-4.84,21.74,-7.25,190
dip_5_10d_above_ma240,四週,1.0,25,0.0,-1.7,118,88,-0.71,-1.41,44.07,-1.44,50,40,3.86,1.0,56.0,3.78,70,46,-2.14,-3.39,25.71,-2.5,23,13,-5.84,-4.84,21.74,-7.25,191
dip_5_10d_above_ma240,四週,1.0,25,1.0,-1.7,118,88,-0.71,-1.41,44.07,-1.44,50,40,3.86,1.0,56.0,3.78,70,46,-2.14,-3.39,25.71,-2.5,23,13,-5.84,-4.84,21.74,-7.25,192
dip_5_10d_above_ma240,單週,1.0,40,0.0,-1.7,47,37,-0.91,-1.63,46.81,-1.46,17,17,0.48,-0.5,41.18,0.48,19,15,-3.51,-1.99,26.32,-4.16,6,6,-0.76,-3.88,33.33,-0.76,193
dip_5_10d_above_ma240,兩週,1.5,40,0.0,-1.74,144,99,-1.19,-1.65,40.28,-1.26,55,38,-0.8,-2.33,38.18,-1.14,56,42,-1.1,-1.64,44.64,-0.99,21,14,-2.25,-3.35,38.1,-4.1,194
dip_5_10d_above_ma240,四週,1.5,40,0.5,-1.76,266,143,-0.82,-1.46,43.23,-1.45,99,57,0.54,-1.03,39.39,0.8,120,56,-1.7,-2.58,33.33,-2.37,34,16,-3.07,-4.68,29.41,-4.06,195
dip_5_10d_above_ma240,四週,1.5,40,0.0,-1.76,266,143,-0.82,-1.46,43.23,-1.45,99,57,0.54,-1.03,39.39,0.8,120,56,-1.7,-2.58,33.33,-2.37,34,16,-3.07,-4.68,29.41,-4.06,196
dip_5_10d_above_ma240,四週,1.5,40,1.0,-1.76,266,143,-0.82,-1.46,43.23,-1.45,99,57,0.54,-1.03,39.39,0.8,120,56,-1.7,-2.58,33.33,-2.37,34,16,-3.07,-4.68,29.41,-4.06,197
dip_5_10d_above_ma240,單週,1.0,40,1.0,-1.76,101,77,-1.22,-2.09,42.57,-1.33,36,30,1.71,0.39,52.78,1.24,37,29,-3.61,-2.74,24.32,-3.27,11,11,-4.54,-2.36,27.27,-4.54,198
dip_5_10d_above_ma240,兩週,2.0,40,1.0,-1.79,104,78,-1.64,-1.89,37.5,-1.14,37,31,-1.38,-2.33,40.54,-0.97,38,32,-0.0,-0.78,47.37,-0.74,16,10,4.86,-0.19,50.0,3.27,199
dip_5_10d_above_ma240,四週,1.5,25,0.0,-1.8,76,62,-0.75,-1.5,46.05,-1.57,37,32,4.55,0.53,51.35,4.48,48,36,-0.94,-2.06,33.33,-1.12,16,11,-7.05,-5.19,25.0,-8.51,200
dip_5_10d_above_ma240,四週,1.5,25,0.5,-1.8,76,62,-0.75,-1.5,46.05,-1.57,37,32,4.55,0.53,51.35,4.48,48,36,-0.94,-2.06,33.33,-1.12,16,11,-7.05,-5.19,25.0,-8.51,201
dip_5_10d_above_ma240,四週,1.5,25,1.0,-1.8,76,62,-0.75,-1.5,46.05,-1.57,37,32,4.55,0.53,51.35,4.48,48,36,-0.94,-2.06,33.33,-1.12,16,11,-7.05,-5.19,25.0,-8.51,202
dip_5_10d_above_ma240,兩週,1.0,25,0.0,-1.85,75,61,-1.1,-1.72,38.67,-1.28,29,25,0.15,0.73,62.07,0.56,40,31,-0.73,-2.3,32.5,-1.05,13,9,-7.74,-5.54,23.08,-6.72,203
dip_5_10d_above_ma240,單週,0.75,40,1.0,-1.93,148,98,-1.1,-1.67,43.92,-1.62,46,37,0.75,-0.03,50.0,0.24,53,36,-3.04,-2.74,24.53,-2.53,14,12,-3.93,-1.92,21.43,-4.75,204
dip_5_10d_above_ma240,兩週,1.0,25,0.5,-2.12,79,65,-1.25,-1.72,36.71,-1.45,32,26,-1.24,0.5,56.25,-0.17,48,33,-0.51,-1.97,33.33,-0.56,15,11,-6.73,-5.39,26.67,-5.53,205
dip_5_10d_above_ma240,兩週,1.5,40,0.5,-2.23,165,108,-1.39,-2.03,37.58,-1.56,60,39,-1.79,-2.55,35.0,-1.77,64,43,-0.27,-0.57,46.88,-0.73,24,15,0.4,-3.21,41.67,-1.86,206
dip_5_10d_above_ma240,單週,0.75,40,0.5,-2.24,115,84,-1.34,-1.63,44.35,-1.96,33,32,0.65,-0.17,48.48,0.63,46,31,-3.1,-2.82,23.91,-2.57,13,11,-4.17,-2.36,23.08,-5.11,207
dip_5_10d_above_ma240,兩週,1.5,40,1.0,-2.35,169,109,-1.48,-2.13,36.69,-1.62,63,41,-1.7,-2.44,36.51,-1.68,64,43,-0.27,-0.57,46.88,-0.73,25,15,0.63,-3.07,44.0,-1.73,208
dip_5_10d_above_ma240,兩週,1.0,25,1.0,-2.36,81,67,-1.36,-2.09,35.8,-1.58,32,26,-1.24,0.5,56.25,-0.17,48,33,-0.51,-1.97,33.33,-0.56,15,11,-6.73,-5.39,26.67,-5.53,209
dip_5_10d_above_ma240,單週,1.0,40,0.5,-2.54,83,65,-1.58,-1.66,43.37,-2.21,26,26,2.04,1.1,53.85,2.04,32,25,-3.59,-2.61,25.0,-3.33,10,10,-4.92,-3.88,30.0,-4.92,210
dip_5_10d_above_ma240,單週,1.5,40,1.0,-3.71,54,50,-2.81,-2.68,40.74,-3.09,19,17,1.0,-0.57,42.11,1.18,18,15,-4.39,-4.01,16.67,-4.4,2,2,-19.54,-19.54,50.0,-19.54,211
dip_5_10d_above_ma240,兩週,1.5,25,0.5,-4.15,47,41,-3.17,-3.32,29.79,-2.89,23,19,-3.12,-2.09,39.13,-1.87,30,23,-0.13,-0.84,43.33,-0.67,7,6,-10.93,-10.33,42.86,-11.94,212
dip_5_10d_above_ma240,兩週,1.5,25,0.0,-4.27,45,39,-3.23,-4.13,31.11,-2.96,20,18,-1.39,-0.53,45.0,-0.97,27,23,-0.09,-1.99,44.44,-0.68,6,5,-12.82,-14.03,33.33,-14.41,213
dip_5_10d_above_ma240,兩週,1.5,25,1.0,-4.47,49,43,-3.27,-4.13,28.57,-3.03,23,19,-3.12,-2.09,39.13,-1.87,30,23,-0.13,-0.84,43.33,-0.67,7,6,-10.93,-10.33,42.86,-11.94,214
