offset,cum_ret,mkt_ret,abnormal
-30,-0.017743799201945507,0.016167561462555546,-0.03391136066450105
-29,-0.01901183132085199,0.013949608236313952,-0.03296143955716594
-28,-0.02036384923402753,0.014671305772249846,-0.03503515500627738
-27,-0.02006099104072078,0.01541853636967868,-0.03547952741039946
-26,-0.02031080391697602,0.01639854084180839,-0.03670934475878441
-25,-0.01976520456134523,0.01410880675888638,-0.03387401132023161
-24,-0.018972364286011817,0.014901884990579725,-0.03387424927659154
-23,-0.017167526689505292,0.012820235850792231,-0.029987762540297523
-22,-0.015930909060245625,0.0025038008409033314,-0.018434709901148958
-21,-0.015111226458985666,0.0034875314994344034,-0.018598757958420073
-20,-0.014564458045361559,0.004589348406602522,-0.01915380645196408
-19,-0.014487914824362982,0.005404201386686377,-0.019892116211049356
-18,-0.013849713881760336,0.005974644518785967,-0.019824358400546305
-17,-0.012464912959605903,0.003777724404334017,-0.016242637363939917
-16,-0.010840247997516527,0.004683632100460887,-0.015523880097977416
-15,-0.010552254342128187,0.00214356916898324,-0.012695823511111426
-14,-0.008880682839268779,0.0031429101021414117,-0.012023592941410192
-13,-0.00880908683321001,0.0036410520107424175,-0.012450138843952427
-12,-0.007939352467967056,0.004247952276808033,-0.01218730474477509
-11,-0.007224388343654819,0.0021361895162144203,-0.00936057785986924
-10,-0.004374263354127209,0.002947594000471902,-0.007321857354599112
-9,-0.0022922279215065963,0.0036800122116527464,-0.005972240133159343
-8,-0.00017962662476103357,0.0037305276470255932,-0.003910154271786626
-7,0.0020294859865350877,0.004921174368520766,-0.0028916883819856787
-6,0.0038127243370315385,0.005904665965662237,-0.0020919416286306978
-5,0.002881181092726358,0.0013013725598075953,0.0015798085329187623
-4,-0.0007408942268239141,0.0016866307985644636,-0.0024275250253883783
-3,-0.005842576564125957,0.002073310586526787,-0.007915887150652744
-2,-0.004811613787531351,0.0027950219890832766,-0.007606635776614628
-1,0.0,0.0,0.0
0,-0.021693343573343828,0.0011129458904906,-0.022806289463834426
1,-0.02348155743949317,0.001194867443077163,-0.02467642488257033
2,-0.025223999158023508,0.001536802823998489,-0.026760801982021996
3,-0.026405724341850473,0.0014589883270629217,-0.027864712668913393
4,-0.026283517516124146,0.0022629818575487693,-0.02854649937367291
5,-0.026984473619912006,0.002872638590396271,-0.02985711221030828
6,-0.02800388615126091,0.003633982573006427,-0.03163786872426733
7,-0.03028670094228744,0.004270874146112498,-0.03455757508839994
8,-0.032298470218212715,0.004692021187306608,-0.03699049140551932
9,-0.03373729135299742,0.005586521219471822,-0.039323812572469245
10,-0.03414074444939045,0.005452201061412711,-0.03959294551080316
11,-0.03616627599738529,0.005535738469836228,-0.04170201446722152
12,-0.03668518278960063,0.005767842439023561,-0.04245302522862419
13,-0.03556264909291991,0.0065394542789576045,-0.04210210337187751
14,-0.035021012129574224,0.007227461263554116,-0.042248473393128344
15,-0.034886506525815,0.0075279745469362365,-0.04241448107275124
16,-0.03630811964972919,0.007756228836805742,-0.04406434848653493
17,-0.0386948302884591,0.008507163038201952,-0.04720199332666105
18,-0.03936568453225442,0.007692701606113926,-0.04705838613836835
19,-0.039810162643788186,0.007827960571756089,-0.04763812321554428
20,-0.04087329457417236,0.008082973226823326,-0.04895626780099569
21,-0.04105608266949155,0.008702682690129615,-0.04975876535962117
22,-0.039565893730612804,0.0086861225158468,-0.048252016246459604
23,-0.03997396944822473,0.009112209538039371,-0.0490861789862641
24,-0.038666317616330104,0.010074424777098566,-0.04874074239342867
25,-0.037257382077625106,0.011059822995828892,-0.048317205073453995
26,-0.03731634957981218,0.011487110782877109,-0.04880346036268929
27,-0.03790074508538307,0.011774818379159346,-0.04967556346454242
28,-0.037340667741622036,0.013187438949601046,-0.050528106691223075
29,-0.03592017955952913,0.013715597749506033,-0.049635777309035164
30,-0.035648145203944735,0.013244330032590422,-0.048892475236535164
31,-0.036272562992230695,0.012766031254260556,-0.04903859424649125
32,-0.035882736376741615,0.013834493226010236,-0.04971722960275186
33,-0.03690560851446263,0.014133981238202961,-0.0510395897526656
34,-0.036784679796698576,0.01494845241118317,-0.051733132207881755
35,-0.035210815107991164,0.015183290444749307,-0.05039410555274047
36,-0.03385280264846072,0.014763440893355155,-0.04861624354181587
37,-0.03500694204174503,0.015339579020514811,-0.05034652106225984
38,-0.03508679794317961,0.015971068859479493,-0.05105786680265909
39,-0.03326608456687046,0.016230940355469913,-0.04949702492234037
40,-0.032097653593720535,0.016333030518061776,-0.048430684111782314
41,-0.0314833803815103,0.01790913486806477,-0.049392515249575074
42,-0.03174236547580747,0.018212202867858088,-0.049954568343665566
43,-0.0317121275291014,0.01805866058195231,-0.04977078811105372
44,-0.03083617087821377,0.018379064956142582,-0.04921523583435635
45,-0.03030851037751631,0.018825934523989712,-0.04913444490150603
46,-0.03102605062383875,0.019630072008212384,-0.05065612263205114
47,-0.031174821070329668,0.01955348058508558,-0.050728301655415246
48,-0.02955777380840843,0.020757221874611098,-0.050314995683019524
49,-0.03018114605490865,0.020871700696340107,-0.05105284675124876
50,-0.028881574313284388,0.021751415478004136,-0.05063298979128853
51,-0.028488791893018086,0.02241237867241415,-0.05090117056543224
52,-0.026813527961248092,0.02386494571594121,-0.0506784736771893
53,-0.025848436729734456,0.02445012177201624,-0.0502985585017507
54,-0.02442512624430559,0.025577281053717316,-0.05000240729802291
55,-0.025771154356911217,0.026213438150617493,-0.05198459250752871
56,-0.026963449681035926,0.02691437195356155,-0.05387782163459747
57,-0.026458013859501063,0.027412111811137858,-0.053870125670638924
58,-0.025973361879059523,0.028370633362642818,-0.05434399524170234
59,-0.027058964728613043,0.02904649207351998,-0.056105456802133025
60,-0.026607475686041496,0.02926775593108485,-0.05587523161712635
