signal_date,stock_id,stock_name,gap_pct,mktcap_yi,industry,weight,gross_ret_pct,net_ret_pct
2024-04-23,5493,三聯,3.075170842824604,38.35916589,其他電子業,0.4365803686884776,-2.099447513812161,-2.3064475138121607
2024-04-23,5381,光譜,3.2577903682719622,73.314768386,電機機械,0.34528566865371907,4.526748971193431,4.319748971193431
2024-04-23,5386,青雲,3.056768558951961,24.787565247000003,電腦及週邊設備業,0.017891170327554735,1.271186440677954,1.064186440677954
2024-04-23,8121,越峰,3.6206896551724155,61.76818547,電子零組件業,0.028876712312324578,2.163061564059907,1.956061564059907
2024-04-23,3564,其陽,3.495145631067964,30.4483965,通信網路業,0.171366080017924,1.3133208255159396,1.1063208255159396
2024-04-24,6283,淳安,3.7398373983739797,45.8117629725,其他電子業,0.00425897019095074,0.6269592476489007,0.4199592476489007
2024-04-24,4127,天良,5.271828665568368,13.88816,生技醫療業,0.18969821174557802,4.538341158059466,4.331341158059466
2024-04-24,3234,光環,9.537572254335247,38.570243432000005,通信網路業,0.6355896523392414,1.8469656992084322,1.6399656992084322
2024-04-24,3564,其陽,4.372623574144474,31.0987506,通信網路業,0.10843158070968834,0.3642987249544549,0.15729872495445493
2024-04-24,3083,網龍,3.1712473572938604,40.908283833999995,文化創意業,0.062021585014541636,1.5368852459016396,1.3298852459016395
2024-06-03,5474,聰泰,7.878787878787885,65.5989576,電腦及週邊設備業,0.46171828722803615,-1.9662921348314606,-2.1732921348314607
2024-06-03,6161,捷波,5.128205128205132,32.898924045,電腦及週邊設備業,0.07894337770890894,-2.27642276422764,-2.48342276422764
2024-06-03,2417,圓剛,7.606263982102912,70.276832208,電腦及週邊設備業,0.3608158723598629,-2.1829521829521767,-2.3899521829521766
2024-06-03,8147,正淩,4.878048780487809,51.21063918,電子零組件業,0.004870282309779199,-4.651162790697675,-4.8581627906976745
2024-06-03,3498,陽程,5.689001264222493,24.233474663999996,其他電子業,0.09365218039341296,4.186602870813397,3.9796028708133973
2024-06-11,8011,台通,5.203619909502266,36.668737911,通信網路業,0.0028194048289427362,0.6451612903225745,0.43816129032257456
2024-06-11,6229,研通,5.980861244019131,16.8707726,半導體業,0.16145855295666378,7.7878103837471695,7.58081038374717
2024-06-11,5251,天鉞電,5.432098765432114,13.662017685,光電業,0.17427663057154558,3.2786885245901773,3.0716885245901775
2024-06-11,4545,銘鈺,7.980652962515111,31.8395,電子零組件業,0.4382235499511223,-1.7917133258678708,-1.9987133258678709
2024-06-11,3287,廣寰科,5.207226354941552,20.688112251499998,電腦及週邊設備業,0.22322186169172556,1.41414141414142,1.2071414141414198
2024-07-23,6928,攸泰科技,3.116883116883118,66.22,電腦及週邊設備業,0.14586955816504377,3.0226700251889236,2.8156700251889237
2024-07-23,6922,宸曜,4.347826086956519,46.843039125,電腦及週邊設備業,0.22270666407202327,2.7777777777777777,2.570777777777778
2024-07-23,3224,三顧,3.5476718403547602,35.255864248,電子通路業,0.14000561633629469,3.9614561027837287,3.754456102783729
2024-07-23,1540,喬福,3.9682539682539764,26.92418778,電機機械,0.01191331017460013,-5.801526717557247,-6.008526717557247
2024-07-23,5432,新門,5.882352941176472,52.7539002,綠能環保,0.4795048512520381,2.2222222222222223,2.0152222222222225
2024-07-29,4903,聯光通,3.3395176252319247,28.390130922999997,通信網路業,0.26913077933766705,-1.2567324955116619,-1.463732495511662
2024-07-29,6877,鏵友益,3.6423841059602724,28.368141687999998,其他電子業,0.2957717588378009,6.8690095846645445,6.662009584664545
2024-07-29,3490,單井,4.86486486486486,20.35238095,光電業,0.04841694348972265,7.345360824742254,7.1383608247422545
2024-07-29,8092,建暐,3.454894433781175,14.8933906625,其他電子業,0.0076137712478669154,4.63821892393321,4.43121892393321
2024-07-29,2438,翔耀,3.5135135135135,52.68477434,光電業,0.3790667470869425,11.227154046997383,11.020154046997382
2024-08-01,3234,光環,7.48031496062993,42.471857652000004,通信網路業,0.4290268614697715,4.761904761904769,4.554904761904769
2024-08-01,5272,笙科,3.630363036303619,16.748663754000003,半導體業,0.007949951856368317,-1.4331210191082893,-1.6401210191082893
2024-08-01,6689,伊雲谷,3.2558139534883734,73.1,數位雲端,0.0035573500535580754,-0.9009009009009009,-1.1079009009009009
2024-08-01,8438,昶昕,8.227848101265822,27.627485,綠能環保,0.5065076072606438,5.263157894736842,5.056157894736842
2024-08-01,9955,佳龍,3.888888888888875,37.59689844,綠能環保,0.05295822935965828,1.871657754010684,1.664657754010684
2024-08-06,6690,安碁資訊,5.693069306930698,60.5994344,數位雲端,0.1019085430457568,5.386416861826698,5.179416861826698
2024-08-06,4903,聯光通,6.910569105691056,25.914553644,通信網路業,0.6068644667952198,2.0912547528517136,1.8842547528517135
2024-08-06,2243,宏旭-KY,3.632887189292555,20.233195354,汽車工業,0.25795836430158964,11.80811808118082,11.60111808118082
2024-08-06,3518,柏騰,3.9764359351988077,34.787624585,其他電子業,0.028823194616084607,10.3399433427762,10.1329433427762
2024-08-06,5202,力新,3.0444964871194413,19.021569000000003,資訊服務業,0.004445431241349346,5.4545454545454515,5.247545454545452
2024-08-07,2509,全坤建,4.952830188679247,47.60471236,建材營造,0.3127995779505941,-4.719101123595508,-4.926101123595508
2024-08-07,4549,桓達,4.109589041095885,62.417677275,電機機械,0.003405283545448044,-5.263157894736842,-5.470157894736841
2024-08-07,4545,銘鈺,6.742857142857139,33.6875,電子零組件業,0.05681809816903696,-2.141327623126338,-2.348327623126338
2024-08-07,5381,光譜,5.860113421550106,54.934153648999995,電機機械,0.3169156205104729,-0.8928571428571428,-1.0998571428571429
2024-08-07,3167,大量,6.960950764006801,52.723446198999994,電機機械,0.31006141982444796,-2.698412698412703,-2.905412698412703
2024-08-09,6788,華景電,7.692307692307687,75.54238185,半導體業,0.5028488174569736,1.9047619047619049,1.6977619047619048
2024-08-09,3645,達邁,7.594936708860756,54.017911765,電子零組件業,0.14899876702743417,-2.2352941176470655,-2.4422941176470654
2024-08-09,3518,柏騰,8.814589665653493,33.71171867,其他電子業,0.334760006443817,-0.6983240223463688,-0.9053240223463688
2024-08-09,8440,綠電,5.711318795430942,24.1979264685,綠能環保,0.00789420191810073,1.5717092337917429,1.3647092337917428
2024-08-09,1603,華電,7.537012113055197,71.212092,電器電纜,0.005498207153674415,-2.2528160200250276,-2.4598160200250274
2024-08-12,3294,英濟,3.2094594594594517,39.076712024,電子零組件業,0.0028361677727020383,1.6366612111292964,1.4296612111292963
2024-08-12,3652,精聯,3.6488027366020637,32.93025375,電腦及週邊設備業,0.1432036064628043,2.3102310231023195,2.1032310231023197
2024-08-12,3147,大綜,7.983193277310918,51.98732889,資訊服務業,0.5742331011454205,-1.556420233463035,-1.7634202334630351
2024-08-12,6689,伊雲谷,3.950103950103956,65.416,數位雲端,0.08769038502757219,-2.0,-2.207
2024-08-12,6425,易發,5.830388692579502,28.767092632000004,電機機械,0.1920367395915011,0.3338898163605939,0.1268898163605939
2024-08-14,3564,其陽,3.4077555816686367,50.3137581,通信網路業,0.009856537235249502,3.86363636363637,3.65663636363637
2024-08-14,5484,慧友,4.651162790697683,45.959088,光電業,0.3965085327907565,5.8333333333333375,5.626333333333338
2024-08-14,2070,精湛,3.6666666666666625,25.06968,電機機械,0.14285102917546036,4.823151125401929,4.616151125401929
2024-08-14,3073,天方能源,7.261724659606683,26.116789507999997,綠能環保,0.2983363695182498,-2.5387870239774286,-2.7457870239774285
2024-08-14,6895,宏碩系統,3.153153153153143,75.702,半導體業,0.15244753128028385,6.986899563318777,6.779899563318777
2024-09-05,6754,匯僑設計,3.0120481927710774,54.78,居家生活,0.19984139303009477,-2.3391812865497075,-2.5461812865497073
2024-09-05,6570,維田,3.9682539682539764,23.3850771,電腦及週邊設備業,0.006725393023691107,5.648854961832065,5.441854961832065
2024-09-05,5481,新華,3.7946428571428603,15.994247583999998,其他,0.19204380676805444,-1.7204301075268755,-1.9274301075268756
2024-09-05,3581,博磊,3.47490347490349,26.421108,半導體業,0.2733890609332988,-6.1567164179104426,-6.363716417910442
2024-09-05,8440,綠電,3.350253807106607,24.7507347575,綠能環保,0.3280003462448609,4.125736738703343,3.918736738703343
2024-09-12,8104,錸寶,3.325123152709364,42.247625952,光電業,0.008592786890654824,0.23837902264601052,0.03137902264601053
2024-09-12,4542,科嶠,3.1331592689295196,26.493217636,電子零組件業,0.10385519518691927,5.063291139240507,4.856291139240507
2024-09-12,8440,綠電,3.4782608695652195,23.11743754,綠能環保,0.5218800265397544,2.941176470588232,2.734176470588232
2024-09-12,6609,瀧澤科,3.3973412112259904,49.052878541999995,電機機械,0.10725824421811049,-6.2857142857142945,-6.492714285714294
2024-09-12,3581,博磊,3.9039039039038936,25.477497,半導體業,0.25841374716456106,2.1194605009633936,1.9124605009633935
2024-12-10,6829,千附精密,3.3898305084745672,69.81942,半導體業,0.012572323996372745,0.819672131147541,0.612672131147541
2024-12-10,5426,振發,4.455445544554459,43.5714,電腦及週邊設備業,0.0023865200492867384,-5.21327014218009,-5.42027014218009
2024-12-10,8429,金麗-KY,7.14285714285714,23.404141025999998,貿易百貨,0.27243987193205055,2.9629629629629655,2.7559629629629656
2024-12-10,6215,和椿,9.45709281961471,47.272914703000005,其他電子業,0.37357663351509734,1.9200000000000046,1.7130000000000045
2024-12-10,2929,淘帝-KY,7.236842105263164,16.643063376,貿易百貨,0.3390246505071927,3.680981595092033,3.473981595092033
2025-01-16,5481,新華,3.3816425120772875,22.170597655500003,其他,0.3826223246667782,5.140186915887856,4.933186915887856
2025-01-16,6791,虎門科技,4.225352112676051,29.60274,資訊服務業,0.2182492659308627,-5.405405405405405,-5.612405405405405
2025-01-16,3234,光環,4.5348837209302495,47.93411756,通信網路業,0.2923761295974924,-3.2258064516128933,-3.432806451612893
2025-01-16,4971,IET-KY,3.121098626716612,37.795780142999995,半導體業,0.006127796003579408,-6.658595641646489,-6.865595641646489
2025-01-16,6752,叡揚,3.2258064516129004,46.05874228,資訊服務業,0.10062448380128731,1.5625,1.3555
2025-04-10,4173,久裕,9.210526315789469,17.00295294,生技醫療業,0.2934634442355344,-0.6024096385542255,-0.8094096385542254
2025-04-10,6199,天品,7.657657657657668,68.55361998,其他,0.47646759747319245,-0.41841004184100417,-0.6254100418410041
2025-04-10,6113,亞矽,6.779661016949157,9.301253535,電子通路業,0.2030010317466623,-1.587301587301591,-1.794301587301591
2025-04-10,6706,惠特,9.105691056910569,48.307551975,光電業,0.022135629329272367,1.1922503725782372,0.9852503725782372
2025-04-10,4503,金雨,6.684856753069579,28.701833979,電機機械,0.004932297215338496,-1.1508951406649508,-1.3578951406649509
2025-04-14,6558,興能高,3.2710280373831946,40.14163849999999,其他電子業,0.5234908634971724,0.5656108597285068,0.3586108597285068
2025-04-14,8042,金山電,4.3771043771043905,38.450377053,電子零組件業,0.09794388783759748,1.7741935483870992,1.5671935483870991
2025-04-14,5392,能率,3.2755298651252485,45.8178766275,光電業,0.04486366072425177,1.4925373134328437,1.2855373134328436
2025-04-14,8249,菱光,4.3689320388349495,56.783694,電子零組件業,0.24001080811206657,1.6279069767441927,1.4209069767441926
2025-04-14,4564,元翎,4.597701149425282,40.505164721999996,電機機械,0.09369077982891166,1.3736263736263736,1.1666263736263736
2025-04-15,4931,新盛力,3.3576642335766405,44.912546285,電腦及週邊設備業,0.043622730745464654,-6.3559322033898304,-6.56293220338983
2025-04-15,1524,耿鼎,7.550077041602443,53.643223826500005,汽車工業,0.5132247956132037,-2.1489971346704873,-2.355997134670487
2025-04-15,3162,精確,4.4417767106842865,64.283073148,電機機械,0.05903947796597628,-2.0689655172413763,-2.275965517241376
2025-04-15,2630,亞航,3.064066852367686,75.188315236,航運業,0.38105539153377155,-1.0810810810810774,-1.2880810810810774
2025-04-15,3287,廣寰科,5.762711864406778,12.971292485,電腦及週邊設備業,0.0030576041415838577,-4.006410256410268,-4.213410256410268
2025-04-23,1540,喬福,4.089219330855021,22.992401627999996,電機機械,0.20622653563715057,0.8928571428571428,0.6858571428571428
2025-04-23,6148,驊宏資,5.076142131979688,27.542820387000003,資訊服務業,0.2098166323101997,-4.669887278582928,-4.876887278582928
2025-04-23,6658,聯策,6.237006237006226,17.49397,其他電子業,0.004379092601900254,1.3698630136986356,1.1628630136986355
2025-04-23,2537,聯上發,3.4136546184738936,29.935556382,建材營造,0.018743543049229674,0.4854368932038904,0.2784368932038904
2025-04-23,3287,廣寰科,8.799999999999986,16.488931125,電腦及週邊設備業,0.5608341964015199,5.147058823529398,4.940058823529398
2025-04-25,3287,廣寰科,5.107526881720426,16.357019676,電腦及週邊設備業,0.4330314267725182,-4.603580562659839,-4.810580562659839
2025-04-25,3379,彬台,4.104104104104089,19.001853126,電機機械,0.39103866849336155,0.9615384615384616,0.7545384615384616
2025-04-25,6788,華景電,3.7142857142857144,67.79444525,半導體業,0.099751552454247,-0.8264462809917356,-1.0334462809917355
2025-04-25,6477,安集,3.040540540540526,36.641010016,光電業,0.06918227027607493,2.2950819672131124,2.0880819672131126
2025-04-25,6799,來頡,4.2654028436019065,46.053063615,半導體業,0.0069960820037983,4.090909090909091,3.883909090909091
2025-08-25,5381,光譜,3.180212014134276,58.776429046000004,電機機械,0.5091658694416605,5.650684931506845,5.443684931506845
2025-08-25,8240,華宏,3.2218091697645557,40.351781049,光電業,0.15356945075863462,2.761104441776707,2.5541044417767074
2025-08-25,5475,德宏,5.459057071960305,51.23218785099999,電子零組件業,0.05692400356081253,-0.23529411764706218,-0.44229411764706217
2025-08-25,5474,聰泰,4.0000000000000036,69.574652,電腦及週邊設備業,0.00978988400965091,-1.6483516483516485,-1.8553516483516486
2025-08-25,3630,新鉅科,3.4074074074073923,68.9147487,光電業,0.27055079222924155,5.873925501432657,5.666925501432657
2025-09-11,6530,創威,4.0000000000000036,22.78125,通信網路業,0.00592142531234931,8.119658119658123,7.912658119658123
2025-09-11,3581,博磊,7.33830845771144,20.504412000000002,半導體業,0.6159586351579611,5.6778679026651115,5.470867902665112
2025-09-11,5498,凱崴,6.218905472636815,38.903257545,電子零組件業,0.2665435793285925,8.899297423887598,8.692297423887597
2025-09-11,4714,永捷,3.0878859857482066,37.487563574,化學工業,0.027668988446070786,2.3041474654377883,2.0971474654377884
2025-09-11,3379,彬台,3.3816425120772875,23.623925508000003,電機機械,0.08390737175502619,5.763239875389412,5.556239875389412
2025-09-30,6485,點序,3.6741214057508076,29.363474008,半導體業,0.0070343497115133765,0.616332819722659,0.409332819722659
2025-09-30,8088,品安,4.360056258790457,21.657681769499998,半導體業,0.26222656047444043,-0.9433962264150981,-1.1503962264150982
2025-09-30,6727,亞泰金屬,7.8125,43.0146832,電子零組件業,0.6013375463932426,-2.0289855072463765,-2.2359855072463763
2025-09-30,4973,廣穎電通,3.287197231833927,18.869631626999997,半導體業,0.09558936524144743,-6.3651591289782194,-6.572159128978219
2025-09-30,8390,金益鼎,3.44827586206895,64.10945737600001,綠能環保,0.033812178179356264,-1.3043478260869648,-1.5113478260869648
2025-10-02,2342,茂矽,6.687898089171984,49.44706961599999,半導體業,0.35181208791693547,5.820895522388057,5.613895522388058
2025-10-02,6485,點序,4.531250000000009,30.02016512,半導體業,0.1741118588602617,3.886397608370715,3.679397608370715
2025-10-02,6727,亞泰金屬,5.497382198952883,51.34877807,電子零組件業,0.2374603009828975,5.707196029776675,5.500196029776675
2025-10-02,6829,千附精密,3.200000000000003,73.96125,半導體業,0.004986781299225764,3.10077519379845,2.89377519379845
2025-10-02,8088,品安,4.545454545454564,22.784734126,半導體業,0.23162897094067955,2.8132992327365764,2.6062992327365766
2025-10-14,4714,永捷,3.5264483627204024,35.350505318,化學工業,0.013737342999006467,0.9732360097323567,0.7662360097323567
2025-10-14,3430,奇鈦科,4.177215189873418,26.63570715,化學工業,0.10941613712426959,11.786148238153102,11.5791482381531
2025-10-14,4973,廣穎電通,4.451038575667665,22.003688091000004,半導體業,0.3077109580283963,2.9829545454545574,2.7759545454545576
2025-10-14,3628,盈正,4.794520547945202,32.85,其他電子業,0.09498142554794989,1.9607843137254901,1.75378431372549
2025-10-14,6649,台生材,6.933333333333347,31.5,生技醫療業,0.47415413630037767,2.6184538653366687,2.411453865336669
2025-11-20,5381,光譜,4.288939051918739,46.00345948299999,電機機械,0.007254903106756034,-3.6796536796536703,-3.88665367965367
2025-11-20,5498,凱崴,3.6190476190476106,50.8064930625,電子零組件業,0.07297947986043793,1.8382352941176472,1.6312352941176471
2025-11-20,6265,方土昶,4.301075268817178,21.980020086000003,電子通路業,0.33233920703707626,6.958762886597928,6.751762886597928
2025-11-20,3234,光環,6.082036775106081,39.406303622,通信網路業,0.5519969463008799,4.0,3.793
2025-11-20,6155,鈞寶,3.021582733812944,30.58833583,電子零組件業,0.03542946369484985,0.27932960893853165,0.07232960893853166
2025-11-25,5498,凱崴,4.214559386973171,50.516170245,電子零組件業,0.27641479946292014,-5.514705882352941,-5.721705882352941
2025-11-25,8088,品安,4.1825095057034245,24.033629980500002,半導體業,0.00919249070580143,0.608272506082725,0.401272506082725
2025-11-25,4973,廣穎電通,4.668674698795172,21.677223876000003,半導體業,0.1645941789110052,2.158273381294964,1.9512733812949639
2025-11-25,6265,方土昶,4.093567251461994,20.207437821000003,電子通路業,0.19394516290164826,0.8426966292134951,0.6356966292134951
2025-11-25,8074,鉅橡,4.726735598227472,27.409856741,電子零組件業,0.355853368018625,-4.936530324400564,-5.1435303244005635
2026-01-12,3663,鑫科,7.0208728652751295,57.176376998,其他電子業,0.28016265103118454,-2.6595744680851063,-2.866574468085106
2026-01-12,3691,碩禾,3.535353535353525,72.77166864,光電業,0.0036911610911725067,-2.9268292682926895,-3.1338292682926894
2026-01-12,3219,倚強科,3.0478955007256836,49.45702632,其他電子業,0.021663165602268806,-2.2535211267605555,-2.4605211267605553
2026-01-12,1784,訊聯,3.809523809523818,55.77725055,生技醫療業,0.06652365429385337,-3.669724770642202,-3.876724770642202
2026-01-12,6133,金橋,8.374384236453203,23.752277682000003,電子零組件業,0.6279593679815207,2.7272727272727337,2.520272727272734
2026-01-22,3152,璟德,4.268292682926833,63.986568,通信網路業,0.11560653151627776,2.046783625730994,1.839783625730994
2026-01-22,7714,創泓科技,3.1791907514450823,36.33,數位雲端,0.4157349378895297,5.322128851540616,5.115128851540616
2026-01-22,6155,鈞寶,5.954465849387036,50.261697148,電子零組件業,0.41652673540198354,-3.801652892561979,-4.008652892561979
2026-01-22,3624,光頡,3.577235772357734,72.16461783,電子零組件業,0.008834807908483741,-6.122448979591823,-6.329448979591823
2026-01-22,6426,統新,3.157894736842115,36.58355,通信網路業,0.04329698728372532,6.122448979591836,5.915448979591837
2026-02-03,3624,光頡,7.090909090909081,64.5374631,電子零組件業,0.528085730176996,5.6027164685908275,5.395716468590828
2026-02-03,7777,能率亞洲,3.536067892503536,65.965309375,其他,0.20184918966481263,2.595628415300554,2.388628415300554
2026-02-03,4533,協易機,3.1207598371777445,58.382969535,電機機械,0.014672049996918223,5.5263157894736885,5.319315789473689
2026-02-03,5291,邑昇,4.297994269340966,13.921821493999998,電子零組件業,0.11292648260715318,-0.27472527472527863,-0.4817252747252786
2026-02-03,3152,璟德,3.0100334448160515,58.329219,通信網路業,0.14246654755411992,1.948051948051948,1.741051948051948
2026-02-09,4541,晟田,4.4417767106842865,28.175003821999997,其他,0.005427495488368752,1.1494252873563218,0.9424252873563218
2026-02-09,4903,聯光通,8.808290155440401,40.662673604,通信網路業,0.4820189770216289,-1.0714285714285783,-1.2784285714285784
2026-02-09,6217,中探針,9.18727915194346,66.340870188,電子零組件業,0.15442908147750387,-0.6472491909385205,-0.8542491909385205
2026-02-09,6155,鈞寶,8.60927152317883,39.874866563999994,電子零組件業,0.08727599084875404,4.878048780487816,4.6710487804878165
2026-02-09,4563,百德,9.07335907335909,28.4641,電機機械,0.27084845516374445,3.362831858407077,3.155831858407077
2026-02-23,7402,邑錡,8.606557377049185,43.04238812,光電業,0.8086999076417017,-1.1320754716981132,-1.3390754716981133
2026-02-23,4973,廣穎電通,4.0348964013086075,29.936768515500003,半導體業,0.03915040281719587,2.7253668763102814,2.5183668763102816
2026-02-23,8074,鉅橡,4.575163398692816,49.556373191999995,電子零組件業,0.005665416043263143,-2.0312499999999956,-2.2382499999999954
2026-02-23,6435,大中,4.980842911877392,48.8869965,半導體業,0.027981899900876937,-4.744525547445255,-4.951525547445255
2026-02-23,6122,擎邦,3.5246727089627283,38.772495287999995,電機機械,0.11850237359696236,-1.9455252918287937,-2.152525291828794
2026-03-05,5291,邑昇,7.400000000000007,19.945303,電子零組件業,0.1374918051188798,-2.4208566108007394,-2.6278566108007393
2026-03-05,3508,位速,5.714285714285716,36.50910795,其他電子業,0.27149265180303106,-4.054054054054054,-4.261054054054054
2026-03-05,3092,鴻碩,6.434316353887426,39.78017025,電子零組件業,0.18763844773861754,4.785894206549132,4.5788942065491325
2026-03-05,6907,雅特力-KY,7.296137339055786,58.2734398,半導體業,0.3969422473554356,6.0,5.793
2026-03-05,4534,慶騰,3.7701974865349985,24.170722018000003,電機機械,0.006434847984036016,-1.3840830449827064,-1.5910830449827065
2026-03-10,8438,昶昕,6.870229007633588,45.812665,綠能環保,0.01561940965769021,6.428571428571428,6.221571428571428
2026-03-10,6907,雅特力-KY,6.796116504854366,64.4009045,半導體業,0.00638526386142327,7.727272727272727,7.520272727272727
2026-03-10,6152,百一,9.589041095890405,30.6122694975,通信網路業,0.36177047252074834,9.749999999999996,9.542999999999996
2026-03-10,5381,光譜,6.407766990291264,53.480319715,電機機械,0.31568756283949523,4.744525547445246,4.537525547445246
2026-03-10,3555,博士旺,8.51063829787233,46.998586475,半導體業,0.3005372911206429,3.9215686274509802,3.7145686274509804
2026-03-11,6568,宏觀,3.2163742690058506,52.667487,半導體業,0.004760676895305494,-0.28328611898017,-0.49028611898016994
2026-03-11,4934,太極,4.657534246575357,41.0625,光電業,0.26236962542572734,-1.832460732984282,-2.0394607329842818
2026-03-11,4949,有成精密,6.796116504854366,34.867118645,光電業,0.24042261311645458,-2.9090909090909114,-3.1160909090909112
2026-03-11,4577,達航科技,5.7647058823529385,41.7672983,其他電子業,0.04912796408544018,-4.004449388209115,-4.211449388209115
2026-03-11,6894,衛司特,4.682274247491636,71.162,綠能環保,0.4433191204770724,1.4376996805111821,1.230699680511182
2026-03-24,6658,聯策,3.1626506024096335,24.14968,其他電子業,0.007131097311419759,5.109489051094891,4.902489051094891
2026-03-24,6205,詮欣,4.655172413793118,47.69682606,電子零組件業,0.046947259640034725,-2.1416803953871453,-2.348680395387145
2026-03-24,4934,太極,3.2786885245901454,41.175,光電業,0.0459532254173809,6.349206349206346,6.142206349206346
2026-03-24,8438,昶昕,7.431340872374803,43.294717,綠能環保,0.8810360459940366,6.9172932330827095,6.71029323308271
2026-03-24,3372,典範,3.562945368171011,36.905702,半導體業,0.01893237163712791,4.587155963302751,4.380155963302752
2026-03-25,8111,立碁,4.777594728171342,66.225049361,光電業,0.11148659721534757,-1.886792452830182,-2.093792452830182
2026-03-25,4934,太極,3.3898305084745894,39.825,光電業,0.2158333440431189,0.8196721311475527,0.6126721311475527
2026-03-25,8048,德勝,3.3043478260869508,33.1808074,通信網路業,0.3976589168545052,-0.16835016835017075,-0.37535016835017077
2026-03-25,6568,宏觀,4.4334975369458185,62.523391,半導體業,0.013166018410624435,-2.5943396226415096,-2.8013396226415095
2026-03-25,6909,創控,3.65296803652968,29.4391188,半導體業,0.26185512347640383,-5.837004405286341,-6.044004405286341
2026-04-01,3071,協禧,6.055045871559628,29.975,電腦及週邊設備業,0.05171591921797512,3.114186851211068,2.907186851211068
2026-04-01,6530,創威,7.692307692307687,28.51875,通信網路業,0.6078590519870891,4.395604395604396,4.188604395604396
2026-04-01,3031,佰鴻,5.000000000000004,38.10470928,光電業,0.0051131000266924406,1.2987012987013018,1.0917012987013017
2026-04-01,3093,港建*,7.064017660044164,65.755475928,其他電子業,0.10834627627171839,0.309278350515461,0.102278350515461
2026-04-01,8111,立碁,8.103448275862068,63.27928934,光電業,0.22696565249652498,3.508771929824566,3.3017719298245662
2026-04-07,3093,港建*,7.51565762004176,69.529520904,其他電子業,0.1334578262590783,-2.13592233009709,-2.34292233009709
2026-04-07,4973,廣穎電通,9.117647058823541,44.39913324,半導體業,0.3847221389241041,6.603773584905667,6.3967735849056675
2026-04-07,6426,統新,7.619047619047614,60.651675,通信網路業,0.4074061261567061,-2.0648967551622417,-2.2718967551622415
2026-04-07,1721,三晃,5.2023121387283044,31.984947916,化學工業,0.06923485785359063,9.340659340659336,9.133659340659335
2026-04-07,3581,博磊,4.103343465045595,33.561948,半導體業,0.005179050806520821,5.693430656934314,5.486430656934314
2026-04-08,4973,廣穎電通,7.2150072150072075,45.247940199,半導體業,0.5006575566616108,-2.557200538358016,-2.7642005383580157
2026-04-08,6568,宏觀,6.9351230425055865,68.8373295,半導體業,0.004901011404913859,6.2761506276150625,6.069150627615063
2026-04-08,7547,碩網,5.430463576158928,25.38914,數位雲端,0.336523633060883,3.768844221105528,3.5618442211055283
2026-04-08,8088,品安,4.7227926078028615,29.668891763,半導體業,0.09990164888185254,-1.1764705882352968,-1.383470588235297
2026-04-08,3581,博磊,3.4055727554179516,32.949875999999996,半導體業,0.05801614999073988,0.1497005988023867,-0.05729940119761329
2026-04-10,2305,全友,7.082152974504252,36.2991359655,電腦及週邊設備業,0.18645518411147657,4.232804232804218,4.0258042328042185
2026-04-10,8240,華宏,7.452339688041598,57.702546878,光電業,0.36807007041819334,-2.2580645161290303,-2.46506451612903
2026-04-10,3236,千如,3.8961038961038863,32.340188804,電子零組件業,0.005615324354622919,-1.8750000000000044,-2.0820000000000043
2026-04-10,6907,雅特力-KY,3.3613445378151363,74.4049285,半導體業,0.08417974134752801,1.2195121951219512,1.0125121951219511
2026-04-10,6207,雷科,7.707129094412335,41.35387329,電子零組件業,0.35567967976817916,3.3989266547406056,3.1919266547406058
2026-04-27,6435,大中,7.9452054794520555,68.3668725,半導體業,0.6094805289080454,-1.7766497461928936,-1.9836497461928937
2026-04-27,5392,能率,4.011065006915637,63.8272154175,光電業,0.04205896441572958,4.7872340425532025,4.580234042553203
2026-04-27,6933,AMAX-KY,3.9886039886039892,74.443823415,電腦及週邊設備業,0.004322857459256174,7.671232876712329,7.464232876712329
2026-04-27,1591,駿吉-KY,3.7099494097807773,22.562491871,電機機械,0.22397592914349562,-1.9512195121951263,-2.158219512195126
2026-04-27,4707,磐亞,3.300330033003296,61.162863405,化學工業,0.12016172007347334,6.070287539936109,5.863287539936109
2026-04-28,6224,聚鼎,4.222972972972983,50.702053712,電子零組件業,0.058725481434901555,1.4586709886547902,1.25167098865479
2026-04-28,6419,京晨科,5.882352941176472,17.8964712,光電業,0.4193488612805755,-1.3888888888888888,-1.595888888888889
2026-04-28,3221,台嘉碩,3.5758323057953234,42.602685605,通信網路業,0.0028509031693454805,-3.0952380952380882,-3.302238095238088
2026-04-28,7709,榮田,3.5816618911174825,27.29371252,電機機械,0.20127755881512505,1.521438450899024,1.314438450899024
2026-04-28,3430,奇鈦科,5.909090909090908,37.0876935,化學工業,0.3177971953000523,-3.4334763948497855,-3.6404763948497854
2026-04-30,6141,柏承,3.750000000000009,36.2732816,電子零組件業,0.3884671430310751,2.1084337349397675,1.9014337349397674
2026-04-30,6423,億而得,3.738317757009346,33.18712,半導體業,0.2289654897300446,1.3513513513513513,1.1443513513513512
2026-04-30,1595,川寶,3.0211480362537735,35.88005576,半導體業,0.3486243709499551,-6.744868035190607,-6.951868035190607
2026-04-30,4939,亞電,4.313280363223626,43.257482354,電子零組件業,0.027281408997509995,4.461371055495112,4.254371055495112
2026-04-30,6425,易發,3.4912718204488824,40.761852104,電機機械,0.006661587291415123,-0.36144578313252673,-0.5684457831325267
2026-05-04,3339,泰谷,6.569343065693434,36.4794284,光電業,0.22195353342708593,-2.739726027397263,-2.9467260273972626
2026-05-04,3444,利機,3.1652989449003632,38.382336081,電子通路業,0.007191183074764822,2.61363636363636,2.4066363636363604
2026-05-04,3169,亞信,5.825242718446599,65.20619043,半導體業,0.05310253858291075,1.3761467889908259,1.1691467889908258
2026-05-04,6141,柏承,3.076923076923066,36.840051625,電子零組件業,0.12259018791329304,-4.477611940298507,-4.684611940298507
2026-05-04,8040,九暘,7.8286558345642465,65.272192698,半導體業,0.5951625570019453,-1.9178082191780899,-2.1248082191780897
2026-05-06,6265,方土昶,3.5673187571921616,51.345799609500006,電子通路業,0.1209130785059376,1.999999999999997,1.7929999999999968
2026-05-06,8182,加高,3.850931677018621,43.0840890375,電子零組件業,0.5818323543468062,6.220095693779891,6.013095693779891
2026-05-06,4973,廣穎電通,5.473204104903084,57.261823311,半導體業,0.060182781848201236,0.8648648648648618,0.6578648648648618
2026-05-06,3221,台嘉碩,3.153153153153143,46.64757684,通信網路業,0.012652632554181028,4.1484716157205215,3.9414716157205216
2026-05-06,3169,亞信,3.1963470319634757,69.321144195,半導體業,0.2244191527448738,1.3274336283185841,1.120433628318584
2026-05-07,6532,瑞耘,7.067510548523215,35.497999356,半導體業,0.29454314016594474,-2.4630541871921183,-2.670054187192118
2026-05-07,2070,精湛,3.7878787878787845,27.576648,電機機械,0.3142292882975314,-5.985401459854006,-6.192401459854006
2026-05-07,6234,高僑,6.034482758620685,58.22411084,光電業,0.27021493954755615,-0.8130081300813009,-1.0200081300813009
2026-05-07,3236,千如,3.392568659127626,32.4976897235,電子零組件業,0.11507620622518613,-1.8750000000000044,-2.0820000000000043
2026-05-07,3490,單井,3.412969283276457,16.116885455,光電業,0.005936425763781588,-4.290429042904292,-4.497429042904292
2026-05-11,8438,昶昕,8.797327394209354,62.808814,綠能環保,0.3722350545508155,-1.0235414534288638,-1.230541453428864
2026-05-11,3430,奇鈦科,3.9215686274509887,51.58561005,化學工業,0.0036739168331131732,-5.660377358490567,-5.867377358490566
2026-05-11,3071,協禧,3.924914675767921,32.23,電腦及週邊設備業,0.05604330140150822,-1.4778325123152687,-1.6848325123152688
2026-05-11,6152,百一,8.518518518518526,22.644692505,通信網路業,0.5330339422780577,-1.3651877133105754,-1.5721877133105755
2026-05-11,8048,德勝,3.70967741935484,35.77756624,通信網路業,0.03501378493650546,3.8880248833592534,3.6810248833592536
2026-05-12,6735,美達科技,4.0000000000000036,57.727865,其他電子業,0.03865617975056977,-4.230769230769231,-4.437769230769231
2026-05-12,6405,悅城,3.6206896551724155,38.164,光電業,0.3466402130747167,3.161397670549083,2.954397670549083
2026-05-12,6530,創威,4.072398190045257,37.29375,通信網路業,0.01034216137561111,-5.6521739130434785,-5.859173913043478
2026-05-12,8162,微矽電子-創,3.2727272727272716,37.7861,半導體業,0.32849400300346404,4.577464788732385,4.370464788732385
2026-05-12,1735,日勝化,3.663003663003672,27.132924,化學工業,0.27586744279563835,1.4134275618374632,1.2064275618374631
2026-05-14,6155,鈞寶,4.807692307692313,45.77247376,電子零組件業,0.014634292354760593,6.055045871559628,5.848045871559628
2026-05-14,4952,凌通,5.731225296442677,55.060802896000006,半導體業,0.00462581962447952,2.803738317757009,2.5967383177570094
2026-05-14,4556,旭然,5.463182897862229,17.80949564,其他,0.4023067948867283,5.0675675675675675,4.860567567567568
2026-05-14,6405,悅城,8.652246256239593,39.5458,光電業,0.5141710326091149,11.179173047473197,10.972173047473197
2026-05-14,5328,華容,6.118881118881125,49.395267064,電子零組件業,0.06426206052491662,3.953871499176286,3.746871499176286
2026-05-15,3390,旭軟,3.3210332103321027,21.498337589000002,電子零組件業,0.345559147126488,4.107142857142852,3.9001428571428525
2026-05-15,3122,笙泉,3.07898259705488,15.225662511000001,半導體業,0.296966797929164,4.415584415584424,4.208584415584424
2026-05-15,4541,晟田,3.171007927519809,29.866180521999997,其他,0.30932343832291054,3.1833150384193107,2.976315038419311
2026-05-15,8289,泰藝,3.018867924528301,36.21689545,電子零組件業,0.01045451635317451,1.0989010989011014,0.8919010989011015
2026-05-15,4720,德淵,3.085299455535373,31.549168193499998,化學工業,0.037696100268262964,4.753521126760556,4.546521126760556
2026-05-21,8227,巨有科技,4.935064935064926,76.120275,半導體業,0.06944598133230137,-2.2277227722772275,-2.4347227722772273
2026-05-21,6405,悅城,4.672897196261672,35.203,光電業,0.38270985416983544,-1.9642857142857166,-2.1712857142857165
2026-05-21,6168,宏齊,5.313092979127121,54.218234563500005,光電業,0.22068221440253527,-0.9009009009009009,-1.1079009009009009
2026-05-21,3141,晶宏,3.081664098613257,48.974012472000005,半導體業,0.017488073432336368,-6.576980568011945,-6.783980568011945
2026-05-21,4951,精拓科,4.065040650406515,42.00291699,半導體業,0.3096738766629915,-3.515625,-3.722625
2026-05-25,7777,能率亞洲,3.0478955007256836,64.285853125,其他,0.0693196658326052,1.6901408450704265,1.4831408450704264
2026-05-25,2460,建通,3.840245775729656,55.07459999999999,電子零組件業,0.0054667290661399226,3.106508875739637,2.8995088757396372
2026-05-25,5228,鈺鎧,8.52713178294573,19.637026547999998,電子零組件業,0.8679717535139286,1.9642857142857166,1.7572857142857166
2026-05-25,3438,類比科,4.761904761904745,33.67639191000001,半導體業,0.048420192720141815,3.609625668449202,3.4026256684492022
2026-05-25,3550,聯穎,3.4482758620689724,23.392125,電子零組件業,0.00882165886718445,4.444444444444445,4.237444444444445
2026-05-29,2061,風青,4.2424242424242475,18.93475716,電器電纜,0.7113693540529642,-5.523255813953484,-5.730255813953484
2026-05-29,5474,聰泰,5.487804878048785,65.20138816,電腦及週邊設備業,0.016828410133556564,-4.046242774566474,-4.253242774566474
2026-05-29,6485,點序,3.8834951456310662,48.31370324,半導體業,0.1340927494694166,1.8691588785046727,1.6621588785046726
2026-05-29,6651,全宇昕,3.092783505154628,50.345242155,半導體業,0.010082828585078049,0.6666666666666667,0.4596666666666668
2026-05-29,6834,天二科技,6.382978723404253,62.37211281,電子零組件業,0.1276266577589846,-0.2666666666666705,-0.47366666666667046
2026-06-01,5228,鈺鎧,3.125,24.35600192,電子零組件業,0.178327039655396,1.9696969696969653,1.7626969696969652
2026-06-01,4127,天良,3.913043478260869,31.5744,生技醫療業,0.04457034834144919,4.184100418410042,3.977100418410042
2026-06-01,6405,悅城,7.769423558897248,52.5084,光電業,0.3746363902117761,7.325581395348833,7.1185813953488335
2026-06-01,6204,艾華,9.139784946236551,21.4849344,電子零組件業,0.3996070672830622,-0.49261083743842365,-0.6996108374384237
2026-06-01,4951,精拓科,4.098360655737698,41.66142986,半導體業,0.0028591545083164966,2.7559055118110236,2.5489055118110238
2026-06-03,2061,風青,7.373868046571808,22.176617097999998,電器電纜,0.3857867790017832,-0.12048192771083653,-0.3274819277108365
2026-06-03,6902,GOGOLOOK,3.180212014134276,50.27487642,數位雲端,0.0032610313637571288,-0.684931506849315,-0.891931506849315
2026-06-03,6530,創威,4.128440366972486,36.7875,通信網路業,0.04700082029538315,-5.286343612334802,-5.493343612334802
2026-06-03,6237,驊訊,8.823529411764696,40.61913921,半導體業,0.48100153556090264,-1.0810810810810836,-1.2880810810810837
2026-06-03,8182,加高,4.05092592592593,46.24180488,電子零組件業,0.08294983377817401,-0.6674082313681805,-0.8744082313681805
2026-06-09,7777,能率亞洲,6.527777777777777,67.17825,其他,0.27186371010645133,-3.259452411994785,-3.466452411994785
2026-06-09,2221,大甲,3.65714285714287,18.5171875,其他,0.28850187877638006,4.299889746416765,4.092889746416765
2026-06-09,4533,協易機,5.660377358490565,46.183543065,電機機械,0.003730430531087101,-0.8116883116883116,-1.0186883116883116
2026-06-09,3290,東浦,3.967446592065116,44.340689211,電子零組件業,0.0579691933540891,-5.675146771037179,-5.882146771037179
2026-06-09,3219,倚強科,8.495821727019504,51.53867184,其他電子業,0.3779347872319924,-1.2836970474967906,-1.4906970474967907
2026-06-12,6532,瑞耘,6.447831184056274,31.940710391,半導體業,0.0902643807440761,2.0925110132158498,1.8855110132158497
2026-06-12,7709,榮田,5.35714285714286,43.7950688,電機機械,0.004326903423111948,3.389830508474576,3.1828305084745763
2026-06-12,7721,微程式,4.485488126649084,41.97046,數位雲端,0.027535103395446004,-3.2828282828282753,-3.489828282828275
2026-06-12,7777,能率亞洲,6.524633821571246,70.070646875,其他,0.484955368958065,-0.7499999999999929,-0.9569999999999929
2026-06-12,6405,悅城,8.219178082191792,48.034,光電業,0.39291824347930104,12.278481012658231,12.07148101265823
2026-06-15,6695,芯鼎,9.343936381709739,53.55825795,半導體業,0.6121216058884842,-0.5454545454545403,-0.7524545454545403
2026-06-15,6426,統新,7.751937984496116,74.514915,通信網路業,0.1330420798150261,-0.2398081534772182,-0.4468081534772182
2026-06-15,5426,振發,4.938271604938271,46.5912,電腦及週邊設備業,0.046021461958282904,-4.70588235294118,-4.91288235294118
2026-06-15,6204,艾華,3.65296803652968,25.2967776,電子零組件業,0.005532866386089654,2.643171806167401,2.436171806167401
2026-06-15,6588,東典光電,6.8627450980392135,35.3948415,通信網路業,0.20328198595211708,-2.7522935779816518,-2.9592935779816516
2026-06-16,4951,精拓科,3.482587064676612,34.319456565,半導體業,0.0220235698061938,5.961538461538464,5.7545384615384645
2026-06-16,6150,撼訊,3.0959752321981338,31.231506309999997,電腦及週邊設備業,0.18186781422081652,4.354354354354342,4.147354354354342
2026-06-16,6168,宏齊,3.2608695652173836,56.790257076,光電業,0.16124053275540343,1.2280701754386014,1.0210701754386013
2026-06-16,3556,禾瑞亞,4.854368932038833,45.929750524,半導體業,0.48318101751201314,2.116402116402109,1.909402116402109
2026-06-16,1528,恩德,3.937007874015741,48.598074,電機機械,0.15168706570557303,3.409090909090904,3.202090909090904
2026-06-18,5299,杰力,5.607476635514019,54.45120967,半導體業,0.2247502824301978,-3.982300884955752,-4.1893008849557525
2026-06-18,2243,宏旭-KY,4.255319148936176,36.36559012,汽車工業,0.5394475007724218,-5.510204081632659,-5.717204081632659
2026-06-18,3114,好德,3.5673187571921616,28.298894624000003,電子零組件業,0.11246697615344961,-6.111111111111111,-6.318111111111111
2026-06-18,6651,全宇昕,3.157894736842115,49.307195925,半導體業,0.008374893417721886,-5.782312925170068,-5.989312925170068
2026-06-18,5228,鈺鎧,3.5567715458276528,27.819120942999998,電子零組件業,0.11496034722620899,0.26420079260238155,0.05720079260238156
2026-06-25,3169,亞信,3.083700440528636,71.853423435,半導體業,0.3209019891450261,5.128205128205128,4.921205128205128
2026-06-25,2491,吉祥全,5.196451204055763,32.352156,光電業,0.5441659250209961,3.4939759036144644,3.2869759036144646
2026-06-25,6270,倍微,3.4928848641655907,27.884335853499998,電子通路業,0.07327456723444892,-6.25,-6.457
2026-06-25,8071,能率網通,3.928571428571437,16.82359924,電子零組件業,0.03673654946096339,-5.841924398625427,-6.048924398625426
2026-06-25,5392,能率,5.660377358490565,74.86234948,光電業,0.02492096913856538,-2.1205357142857206,-2.3275357142857205
2026-06-30,3555,博士旺,6.267029972752036,73.397792495,半導體業,0.05204591656145783,-3.3333333333333335,-3.5403333333333333
2026-06-30,2061,風青,7.438016528925617,34.71372146,電器電纜,0.46541765525504764,1.5384615384615385,1.3314615384615385
2026-06-30,6419,京晨科,4.693140794223827,18.22545045,光電業,0.23186218111845633,1.0344827586206897,0.8274827586206898
2026-06-30,2243,宏旭-KY,6.766917293233066,41.162753072,汽車工業,0.24559094489144806,-0.35211267605634305,-0.5591126760563431
2026-06-30,6532,瑞耘,3.0646992054483624,32.989174507,半導體業,0.005083302173590162,0.991189427312766,0.7841894273127661
2026-07-01,2243,宏旭-KY,3.684210526315801,44.10294972,汽車工業,0.0412023433112747,-4.906937394247037,-5.113937394247037
2026-07-01,2061,風青,7.656250000000009,36.72195328,電器電纜,0.4937307059937888,4.063860667634269,3.856860667634269
2026-07-01,6174,安碁,3.0120481927710774,24.9,電子零組件業,0.0031152329281950737,-6.042884990253414,-6.249884990253414
2026-07-01,8438,昶昕,8.220603537981287,67.215223,綠能環保,0.4528955579802723,2.403846153846154,2.1968461538461543
2026-07-01,3114,好德,3.391572456320646,31.685643808,電子零組件業,0.009056159786469056,10.039761431411526,9.832761431411525
2026-07-08,6642,富致,4.499999999999993,29.9197296,電子零組件業,0.033933939070425675,1.5550239234449728,1.3480239234449727
2026-07-08,2061,風青,3.3749999999999947,45.9024416,電器電纜,0.09301183306234823,-0.36275695284159265,-0.5697569528415927
2026-07-08,6870,騰雲,8.80281690140845,66.38659608,數位雲端,0.7345034260848832,5.177993527508091,4.970993527508091
2026-07-08,6015,宏遠證,5.17241379310347,68.407799676,金融業,0.0064658511182060395,0.8196721311475527,0.6126721311475527
2026-07-08,4903,聯光通,6.242038216560508,41.347407745,通信網路業,0.13208495066413686,3.597122302158273,3.3901223021582734
2026-07-09,6538,倉和,7.258064516129026,47.14728,電子零組件業,0.3018175939210247,-2.2556390977443606,-2.4626390977443604
2026-07-09,2405,輔信,4.129793510324475,58.21092785849999,電腦及週邊設備業,0.004901733787261002,0.8498583569405018,0.6428583569405019
2026-07-09,6270,倍微,4.329004329004338,24.998505493499998,電子通路業,0.2419239424186858,-5.394190871369302,-5.601190871369302
2026-07-09,3303,岱稜,5.924596050269293,52.408468099000004,其他電子業,0.39472733571714236,-0.33898305084746244,-0.5459830508474625
2026-07-09,3060,銘異,4.189944134078205,49.24762202,電腦及週邊設備業,0.05662939415588608,0.4021447721179587,0.1951447721179587
2026-07-13,6226,光鼎,6.390977443609014,30.732253874,光電業,0.0033826705716219264,9.363957597173151,9.15695759717315
2026-07-13,6419,京晨科,8.904109589041088,19.2123882,光電業,0.6016886482056347,8.176100628930817,7.969100628930817
2026-07-13,4534,慶騰,4.761904761904767,29.161086528000002,電機機械,0.2220609943413206,0.8522727272727394,0.6452727272727394
2026-07-13,3360,尚立,3.482587064676612,15.356851044,電子通路業,0.058508718930116145,3.12500000000001,2.9180000000000104
2026-07-13,3581,博磊,7.14285714285714,67.83798,半導體業,0.11435896795130664,5.964912280701754,5.757912280701754
2026-07-15,3094,聯傑,3.260869565217406,30.587088752,半導體業,0.00981890994905335,-6.447368421052639,-6.654368421052639
2026-07-15,6174,安碁,3.9145907473309594,28.1,電子零組件業,0.40610009498859545,-0.1712328767123312,-0.3782328767123312
2026-07-15,8162,微矽電子-創,3.0259365994236287,47.679188,半導體業,0.016999719182450305,1.5384615384615306,1.3314615384615305
2026-07-15,5474,聰泰,3.60655737704918,60.6293396,電腦及週邊設備業,0.037514201060440795,1.2658227848101267,1.0588227848101266
2026-07-15,8071,能率網通,5.311355311355315,16.403009259,電子零組件業,0.5295670748194602,3.8260869565217437,3.619086956521744
