代號,名稱,規模,年份,起始日,買進日,出關日,深跌單,訊號,進場價,出場價,策略報酬(%)
3055,蔚華科,中,2026,2026-07-09,2026-07-21,2026-07-24,,✅,169.00,135.50,-20.18
4707,磐亞,中,2026,2026-07-09,2026-07-21,2026-07-24,✅,✅,32.85,35.30,7.10
1718,中纖,中,2026,2026-07-07,2026-07-17,2026-07-22,✅,✅,13.65,12.35,-9.88
3230,錦明,小,2026,2026-07-06,2026-07-16,2026-07-21,,✅,50.50,47.25,-6.79
3189,景碩,大,2026,2026-07-03,2026-07-15,2026-07-20,✅,✅,845.00,679.00,-20.00
6226,光鼎,小,2026,2026-07-03,2026-07-15,2026-07-20,✅,✅,27.80,20.30,-27.34
8021,尖點,大,2026,2026-07-03,2026-07-15,2026-07-20,✅,✅,532.00,409.50,-23.38
5321,美而快,小,2026,2026-06-29,2026-07-08,2026-07-14,✅,✅,60.70,56.60,-7.11
6834,天二科技,中,2026,2026-06-26,2026-07-07,2026-07-13,✅,✅,118.50,129.00,8.50
3675,德微,中,2026,2026-06-25,2026-07-06,2026-07-09,✅,✅,450.00,396.00,-12.36
2061,風青,小,2026,2026-06-24,2026-07-03,2026-07-08,,🔒 買進日漲停買不到,74.20,83.00,
2492,華新科,大,2026,2026-06-24,2026-07-03,2026-07-08,✅,✅,563.00,474.00,-16.17
3624,光頡,中,2026,2026-06-24,2026-07-07,2026-07-13,✅,✅,133.50,130.00,-2.98
5227,立凱-KY,小,2026,2026-06-24,2026-07-03,2026-07-08,✅,✅,35.15,33.50,-5.05
5468,凱鈺,小,2026,2026-06-24,2026-07-03,2026-07-08,✅,✅,33.60,30.90,-8.39
7610,聯友金屬-創,大,2026,2026-06-24,2026-07-03,2026-07-08,✅,✅,2550.00,2485.00,-2.91
2243,宏旭-KY,小,2026,2026-06-23,2026-07-02,2026-07-07,,✅,62.70,59.40,-5.62
3090,日電貿,大,2026,2026-06-23,2026-07-06,2026-07-09,✅,✅,340.00,286.50,-16.09
1714,和桐,中,2026,2026-06-22,2026-07-01,2026-07-06,✅,✅,19.30,20.90,7.93
2455,全新,大,2026,2026-06-22,2026-07-01,2026-07-06,✅,✅,358.50,338.00,-6.08
2478,大毅,中,2026,2026-06-22,2026-07-01,2026-07-06,✅,✅,225.50,215.00,-5.01
3532,台勝科,大,2026,2026-06-22,2026-07-01,2026-07-06,✅,🔒 買進日漲停買不到,400.00,406.00,
6488,環球晶,大,2026,2026-06-22,2026-07-01,2026-07-06,✅,🔒 買進日漲停買不到,1105.00,1335.00,
3026,禾伸堂,大,2026,2026-06-18,2026-06-30,2026-07-03,✅,🔒 買進日漲停買不到,842.00,988.00,
4556,旭然,小,2026,2026-06-18,2026-06-30,2026-07-03,,✅,72.60,88.60,21.68
7828,創新服務,大,2026,2026-06-18,2026-06-30,2026-07-03,✅,✅,2015.00,2200.00,8.82
8027,鈦昇,中,2026,2026-06-18,2026-06-30,2026-07-03,✅,🔒 買進日漲停買不到,216.50,249.00,
8042,金山電,中,2026,2026-06-18,2026-06-30,2026-07-03,✅,🔒 買進日漲停買不到,185.50,210.50,
3167,大量,大,2026,2026-06-17,2026-06-29,2026-07-02,,✅,774.00,798.00,2.74
6173,信昌電,大,2026,2026-06-17,2026-06-29,2026-07-02,,✅,282.50,319.00,12.56
8021,尖點,大,2026,2026-06-16,2026-06-26,2026-07-01,,✅,535.00,561.00,4.50
4542,科嶠,中,2026,2026-06-12,2026-06-24,2026-06-29,,✅,390.00,409.00,4.51
5321,美而快,小,2026,2026-06-12,2026-06-24,2026-06-29,,🔒 買進日漲停買不到,52.60,69.80,
6890,來億-KY,大,2026,2026-06-12,2026-06-24,2026-06-29,✅,✅,240.50,201.50,-16.57
3147,大綜,中,2026,2026-06-11,2026-06-23,2026-06-26,,✅,326.00,310.50,-5.11
8454,富邦媒,大,2026,2026-06-10,2026-06-22,2026-06-25,✅,✅,335.00,338.50,0.69
8291,尚茂,小,2026,2026-06-09,2026-06-18,2026-06-24,,🔒 買進日漲停買不到,47.40,47.50,
3523,迎輝,小,2026,2026-06-05,2026-06-16,2026-06-22,✅,✅,16.00,18.20,13.39
8358,金居,大,2026,2026-06-05,2026-06-16,2026-06-22,,✅,632.00,691.00,8.98
1568,倉佑,小,2026,2026-06-04,2026-06-15,2026-06-18,✅,✅,42.60,46.05,7.74
2492,華新科,大,2026,2026-06-04,2026-06-15,2026-06-18,✅,🔒 買進日漲停買不到,449.50,561.00,
3021,鴻名,小,2026,2026-06-04,2026-06-15,2026-06-18,✅,✅,31.25,31.00,-1.16
6116,彩晶,大,2026,2026-06-04,2026-06-15,2026-06-18,✅,✅,16.50,18.80,13.58
7610,聯友金屬-創,大,2026,2026-06-04,2026-06-15,2026-06-18,✅,🔒 買進日漲停買不到,1745.00,2315.00,
2061,風青,小,2026,2026-06-02,2026-06-11,2026-06-16,✅,✅,32.95,43.70,32.27
5321,美而快,小,2026,2026-06-02,2026-06-11,2026-06-16,✅,✅,37.00,36.50,-1.71
6182,合晶,大,2026,2026-06-02,2026-06-11,2026-06-16,✅,✅,80.90,107.00,31.91
2492,華新科,大,2026,2026-06-01,2026-06-10,2026-06-15,,✅,407.50,449.50,9.95
6449,鈺邦,中,2026,2026-06-01,2026-06-10,2026-06-15,✅,✅,368.00,463.00,25.46
6488,環球晶,大,2026,2026-06-01,2026-06-10,2026-06-15,✅,✅,775.00,950.00,22.22
3026,禾伸堂,大,2026,2026-05-29,2026-06-09,2026-06-12,,🔒 買進日漲停買不到,661.00,764.00,
3532,台勝科,大,2026,2026-05-29,2026-06-09,2026-06-12,✅,✅,284.50,326.50,14.41
6405,悅城,小,2026,2026-05-29,2026-06-09,2026-06-12,✅,✅,72.10,69.30,-4.24
2911,麗嬰房,小,2026,2026-05-28,2026-06-08,2026-06-11,✅,✅,8.51,8.22,-3.76
4919,新唐,大,2026,2026-05-28,2026-06-08,2026-06-11,✅,✅,160.50,172.50,7.12
5321,美而快,小,2026,2026-05-28,2026-06-08,2026-06-11,✅,✅,41.00,37.00,-10.11
6173,信昌電,中,2026,2026-05-28,2026-06-08,2026-06-11,✅,✅,209.50,251.50,19.69
6182,合晶,大,2026,2026-05-28,2026-06-08,2026-06-11,✅,✅,80.00,80.90,0.77
6834,天二科技,小,2026,2026-05-28,2026-06-08,2026-06-11,✅,✅,68.20,76.50,11.81
8042,金山電,中,2026,2026-05-28,2026-06-08,2026-06-11,✅,✅,132.00,155.00,17.07
8291,尚茂,小,2026,2026-05-28,2026-06-08,2026-06-11,,✅,63.90,46.75,-27.20
2455,全新,大,2026,2026-05-27,2026-06-05,2026-06-10,✅,✅,399.00,355.50,-11.26
2492,華新科,大,2026,2026-05-27,2026-06-05,2026-06-10,,✅,416.00,407.50,-2.40
3090,日電貿,大,2026,2026-05-27,2026-06-05,2026-06-10,✅,✅,221.00,212.00,-4.43
3026,禾伸堂,大,2026,2026-05-26,2026-06-04,2026-06-09,,✅,622.00,661.00,5.91
3167,大量,大,2026,2026-05-26,2026-06-04,2026-06-09,✅,✅,901.00,951.00,5.19
8021,尖點,大,2026,2026-05-26,2026-06-04,2026-06-09,✅,✅,441.00,506.00,14.38
7610,聯友金屬-創,大,2026,2026-05-25,2026-06-03,2026-06-08,,✅,1660.00,1780.00,6.87
8027,鈦昇,中,2026,2026-05-25,2026-06-03,2026-06-08,,✅,291.00,264.00,-9.64
8291,尚茂,小,2026,2026-05-25,2026-06-03,2026-06-08,,✅,87.50,63.90,-27.33
6449,鈺邦,中,2026,2026-05-22,2026-06-02,2026-06-05,,✅,372.00,371.00,-0.63
8291,尚茂,小,2026,2026-05-20,2026-05-29,2026-06-03,,✅,120.00,87.50,-27.44
5228,鈺鎧,小,2026,2026-05-18,2026-05-27,2026-06-01,,✅,57.50,64.70,12.16
6829,千附精密,中,2026,2026-05-18,2026-05-27,2026-06-01,✅,✅,211.00,245.50,15.99
8444,綠河-KY,小,2026,2026-05-18,2026-05-27,2026-06-01,,✅,6.15,5.00,-19.06
3026,禾伸堂,大,2026,2026-05-15,2026-05-26,2026-05-29,,✅,570.00,641.00,12.10
6173,信昌電,中,2026,2026-05-15,2026-05-26,2026-05-29,✅,✅,224.00,237.00,5.45
8358,金居,大,2026,2026-05-15,2026-05-26,2026-05-29,,✅,533.00,608.00,13.71
5464,霖宏,小,2026,2026-05-14,2026-05-25,2026-05-28,✅,✅,73.00,75.50,3.07
8042,金山電,中,2026,2026-05-14,2026-05-25,2026-05-28,,🔒 買進日漲停買不到,135.00,151.50,
3664,安瑞-KY,小,2026,2026-05-13,2026-05-22,2026-05-27,,✅,9.15,7.67,-16.53
4979,華星光,大,2026,2026-05-13,2026-05-22,2026-05-27,✅,✅,630.00,628.00,-0.67
3016,嘉晶,中,2026,2026-05-12,2026-05-21,2026-05-26,✅,🔒 買進日漲停買不到,115.50,126.00,
3026,禾伸堂,大,2026,2026-05-12,2026-05-21,2026-05-26,,🔒 買進日漲停買不到,433.50,570.00,
6173,信昌電,中,2026,2026-05-12,2026-05-21,2026-05-26,,🔒 買進日漲停買不到,175.00,224.00,
3532,台勝科,大,2026,2026-05-11,2026-05-20,2026-05-25,✅,✅,205.50,273.00,32.49
4991,環宇-KY,大,2026,2026-05-11,2026-05-20,2026-05-25,,✅,700.00,840.00,19.64
6274,台燿,大,2026,2026-05-11,2026-05-20,2026-05-25,✅,✅,1205.00,1600.00,32.42
6405,悅城,小,2026,2026-05-11,2026-05-20,2026-05-25,✅,✅,53.50,69.00,28.61
2426,鼎元,中,2026,2026-05-08,2026-05-19,2026-05-22,✅,✅,64.80,83.20,28.04
3455,由田,中,2026,2026-05-08,2026-05-19,2026-05-22,✅,✅,273.50,293.00,6.77
3581,博磊,中,2026,2026-05-08,2026-05-19,2026-05-22,✅,✅,214.00,248.00,15.53
4951,精拓科,小,2026,2026-05-08,2026-05-19,2026-05-22,✅,✅,117.00,140.00,19.30
5386,青雲,中,2026,2026-05-08,2026-05-19,2026-05-22,✅,✅,420.00,497.00,17.98
6861,睿生光電,中,2026,2026-05-08,2026-05-19,2026-05-22,,✅,409.50,449.00,9.29
2486,一詮,大,2026,2026-05-07,2026-05-18,2026-05-21,✅,✅,253.00,278.50,9.72
3163,波若威,大,2026,2026-05-07,2026-05-18,2026-05-21,✅,✅,900.00,1045.00,15.75
4542,科嶠,小,2026,2026-05-07,2026-05-18,2026-05-21,✅,✅,215.00,259.50,20.34
4764,雙鍵,中,2026,2026-05-07,2026-05-18,2026-05-21,✅,✅,300.00,320.00,6.31
4908,前鼎,中,2026,2026-05-07,2026-05-18,2026-05-21,✅,✅,235.00,243.00,3.05
6683,雍智科技,大,2026,2026-05-07,2026-05-18,2026-05-21,✅,✅,1800.00,1685.00,-6.75
2455,全新,大,2026,2026-05-06,2026-05-15,2026-05-20,✅,✅,358.50,400.50,11.36
3167,大量,大,2026,2026-05-05,2026-05-14,2026-05-19,✅,✅,765.00,784.00,2.13
6658,聯策,小,2026,2026-05-05,2026-05-14,2026-05-19,,✅,193.00,183.00,-5.54
6861,睿生光電,中,2026,2026-05-05,2026-05-14,2026-05-19,,✅,450.00,409.50,-9.36
6735,美達科技,小,2026,2026-04-30,2026-05-12,2026-05-15,✅,✅,135.50,124.00,-8.84
6861,睿生光電,中,2026,2026-04-29,2026-05-11,2026-05-14,,✅,389.00,450.00,15.32
7711,永擎,中,2026,2026-04-29,2026-05-11,2026-05-14,,✅,420.50,400.00,-5.23
7751,竑騰,大,2026,2026-04-29,2026-05-11,2026-05-14,✅,✅,1750.00,1550.00,-11.79
7734,印能科技,大,2026,2026-04-28,2026-05-08,2026-05-13,,✅,3630.00,4375.00,20.17
3581,博磊,小,2026,2026-04-27,2026-05-07,2026-05-12,,✅,225.50,234.00,3.41
4971,IET-KY,中,2026,2026-04-27,2026-05-07,2026-05-12,,✅,750.00,795.00,5.64
6217,中探針,中,2026,2026-04-27,2026-05-07,2026-05-12,✅,✅,280.00,310.00,10.36
8021,尖點,大,2026,2026-04-27,2026-05-07,2026-05-12,✅,✅,425.50,471.50,10.45
1711,永光,中,2026,2026-04-24,2026-05-06,2026-05-11,,✅,60.90,54.20,-11.36
3229,晟鈦,小,2026,2026-04-24,2026-05-06,2026-05-11,,✅,42.70,44.80,4.56
3363,上詮,大,2026,2026-04-24,2026-05-06,2026-05-11,✅,✅,815.00,853.00,4.31
8271,宇瞻,中,2026,2026-04-24,2026-05-06,2026-05-11,,✅,243.00,256.00,4.99
3339,泰谷,小,2026,2026-04-23,2026-05-05,2026-05-08,✅,✅,59.80,58.80,-2.03
4960,誠美材,中,2026,2026-04-23,2026-05-05,2026-05-08,✅,✅,42.60,39.35,-7.99
6829,千附精密,中,2026,2026-04-23,2026-05-05,2026-05-08,✅,✅,273.00,250.50,-8.60
3581,博磊,小,2026,2026-04-22,2026-05-04,2026-05-07,,🔒 買進日漲停買不到,197.00,225.50,
6141,柏承,小,2026,2026-04-22,2026-05-04,2026-05-07,✅,✅,35.00,36.50,3.93
3042,晶技,大,2026,2026-04-21,2026-04-30,2026-05-06,✅,✅,153.00,150.50,-1.99
3555,博士旺,小,2026,2026-04-21,2026-04-30,2026-05-06,✅,✅,248.00,249.50,0.25
4764,雙鍵,中,2026,2026-04-21,2026-04-30,2026-05-06,✅,✅,258.00,342.00,32.20
4908,前鼎,中,2026,2026-04-21,2026-04-30,2026-05-06,✅,✅,214.00,246.50,14.83
4979,華星光,大,2026,2026-04-21,2026-04-30,2026-05-06,✅,✅,609.00,703.00,15.08
5340,建榮,中,2026,2026-04-21,2026-04-30,2026-05-06,✅,✅,115.00,118.50,2.69
4960,誠美材,中,2026,2026-04-20,2026-04-29,2026-05-05,,✅,38.50,42.60,10.29
6451,訊芯-KY,大,2026,2026-04-20,2026-04-29,2026-05-05,✅,✅,397.50,521.00,30.71
7610,聯友金屬-創,中,2026,2026-04-20,2026-04-29,2026-05-05,✅,✅,638.00,729.00,13.91
3167,大量,大,2026,2026-04-16,2026-04-27,2026-04-30,✅,✅,675.00,861.00,27.20
2426,鼎元,中,2026,2026-04-15,2026-04-24,2026-04-29,✅,✅,47.70,59.50,24.38
2467,志聖,大,2026,2026-04-15,2026-04-24,2026-04-29,,✅,538.00,554.00,2.62
2486,一詮,中,2026,2026-04-15,2026-04-24,2026-04-29,,✅,224.00,253.50,12.81
2489,瑞軒,中,2026,2026-04-15,2026-04-24,2026-04-29,✅,✅,38.50,42.00,8.73
4991,環宇-KY,大,2026,2026-04-15,2026-04-24,2026-04-29,,✅,596.00,615.00,2.83
6451,訊芯-KY,大,2026,2026-04-15,2026-04-24,2026-04-29,✅,✅,402.00,397.50,-1.48
3037,欣興,大,2026,2026-04-14,2026-04-23,2026-04-28,,✅,728.00,825.00,12.97
6217,中探針,中,2026,2026-04-14,2026-04-23,2026-04-28,✅,✅,282.00,269.50,-4.79
6830,汎銓,中,2026,2026-04-14,2026-04-23,2026-04-28,,✅,803.00,716.00,-11.19
2455,全新,大,2026,2026-04-13,2026-04-22,2026-04-27,✅,✅,364.50,311.50,-14.90
3167,大量,大,2026,2026-04-13,2026-04-22,2026-04-27,,✅,680.00,675.00,-1.09
6683,雍智科技,大,2026,2026-04-13,2026-04-22,2026-04-27,,✅,1890.00,1710.00,-9.88
3163,波若威,大,2026,2026-04-10,2026-04-21,2026-04-24,✅,✅,1260.00,1155.00,-8.69
4741,泓瀚,小,2026,2026-04-09,2026-04-20,2026-04-23,,✅,55.50,61.50,10.45
6830,汎銓,中,2026,2026-04-09,2026-04-20,2026-04-23,,✅,866.00,803.00,-7.63
3167,大量,中,2026,2026-04-08,2026-04-17,2026-04-22,,✅,685.00,680.00,-1.09
6727,亞泰金屬,小,2026,2026-04-08,2026-04-17,2026-04-22,,✅,399.00,463.50,15.81
4971,IET-KY,中,2026,2026-04-01,2026-04-16,2026-04-21,,✅,698.00,872.00,24.57
6907,雅特力-KY,小,2026,2026-04-01,2026-04-14,2026-04-17,,✅,127.50,129.00,0.82
5386,青雲,小,2026,2026-03-31,2026-04-13,2026-04-16,,✅,330.00,355.00,7.22
6187,萬潤,大,2026,2026-03-30,2026-04-10,2026-04-15,✅,🔒 買進日漲停買不到,974.00,1135.00,
6584,南俊國際,中,2026,2026-03-30,2026-04-10,2026-04-15,✅,✅,629.00,640.00,1.39
4979,華星光,大,2026,2026-03-27,2026-04-09,2026-04-14,✅,✅,429.00,485.00,12.70
4991,環宇-KY,大,2026,2026-03-27,2026-04-09,2026-04-14,✅,✅,521.00,621.00,18.84
3363,上詮,大,2026,2026-03-25,2026-04-07,2026-04-10,✅,🔒 買進日漲停買不到,660.00,784.00,
6584,南俊國際,中,2026,2026-03-25,2026-04-07,2026-04-10,,✅,596.00,629.00,5.18
2337,旺宏,大,2026,2026-03-24,2026-04-02,2026-04-09,✅,✅,129.00,142.00,9.72
6426,統新,小,2026,2026-03-23,2026-04-01,2026-04-08,✅,🔒 買進日漲停買不到,149.50,176.00,
6907,雅特力-KY,小,2026,2026-03-23,2026-04-01,2026-04-08,✅,✅,109.00,118.50,8.36
2486,一詮,中,2026,2026-03-20,2026-03-31,2026-04-07,✅,✅,132.50,144.50,8.70
3093,港建*,小,2026,2026-03-20,2026-03-31,2026-04-07,✅,✅,45.30,52.60,15.76
3555,博士旺,小,2026,2026-03-20,2026-03-31,2026-04-07,✅,✅,149.00,165.00,10.38
4973,廣穎,小,2026,2026-03-20,2026-03-31,2026-04-07,✅,✅,61.80,69.30,11.78
5289,宜鼎,大,2026,2026-03-20,2026-03-31,2026-04-07,✅,✅,847.00,978.00,15.11
5386,青雲,中,2026,2026-03-20,2026-03-31,2026-04-07,✅,✅,262.50,303.50,15.26
6141,柏承,小,2026,2026-03-20,2026-03-31,2026-04-07,✅,✅,19.80,19.95,0.40
6217,中探針,中,2026,2026-03-20,2026-03-31,2026-04-07,✅,✅,163.50,200.00,21.97
7751,竑騰,中,2026,2026-03-20,2026-03-31,2026-04-07,✅,✅,1380.00,1830.00,32.25
8271,宇瞻,中,2026,2026-03-20,2026-03-31,2026-04-07,✅,✅,130.00,141.50,8.49
2426,鼎元,中,2026,2026-03-19,2026-03-30,2026-04-02,✅,✅,35.00,38.30,9.07
3037,欣興,大,2026,2026-03-19,2026-03-30,2026-04-02,✅,✅,493.50,519.00,4.81
3054,立萬利,小,2026,2026-03-18,2026-03-27,2026-04-01,✅,✅,62.10,74.30,19.29
3163,波若威,大,2026,2026-03-18,2026-03-27,2026-04-01,✅,✅,854.00,866.00,1.05
6715,嘉基,中,2026,2026-03-18,2026-03-27,2026-04-01,✅,✅,344.00,329.50,-4.57
3167,大量,中,2026,2026-03-17,2026-03-26,2026-03-31,✅,✅,349.50,368.50,5.08
3555,博士旺,小,2026,2026-03-17,2026-03-26,2026-03-31,✅,✅,161.50,149.00,-8.10
5340,建榮,中,2026,2026-03-17,2026-03-26,2026-03-31,✅,✅,105.00,96.90,-8.07
5386,青雲,中,2026,2026-03-17,2026-03-26,2026-03-31,✅,✅,289.00,262.50,-9.53
6683,雍智科技,中,2026,2026-03-16,2026-03-25,2026-03-30,,✅,1180.00,1520.00,28.46
3081,聯亞,大,2026,2026-03-12,2026-03-23,2026-03-26,✅,✅,1480.00,1690.00,13.83
3491,昇達科,大,2026,2026-03-12,2026-03-23,2026-03-26,,✅,1320.00,1550.00,17.07
4971,IET-KY,中,2026,2026-03-12,2026-03-23,2026-03-26,✅,✅,439.00,526.00,19.46
5386,青雲,中,2026,2026-03-12,2026-03-23,2026-03-26,,✅,360.00,289.00,-20.08
7717,萊德光電-KY,中,2026,2026-03-12,2026-03-23,2026-03-26,,✅,643.00,701.00,8.66
6830,汎銓,中,2026,2026-03-10,2026-03-19,2026-03-24,✅,✅,419.00,410.50,-2.39
6442,光聖,大,2026,2026-03-09,2026-03-18,2026-03-23,✅,🔒 買進日漲停買不到,1850.00,1850.00,
6187,萬潤,大,2026,2026-03-06,2026-03-17,2026-03-20,✅,✅,681.00,819.00,19.91
6861,睿生光電,小,2026,2026-03-06,2026-03-17,2026-03-20,,✅,157.50,156.00,-1.31
2489,瑞軒,中,2026,2026-03-05,2026-03-16,2026-03-19,✅,✅,41.90,42.90,2.03
1802,台玻,大,2026,2026-03-04,2026-03-13,2026-03-18,✅,✅,57.70,64.10,10.73
3491,昇達科,大,2026,2026-03-04,2026-03-13,2026-03-18,✅,✅,1310.00,1435.00,9.18
4991,環宇-KY,中,2026,2026-03-04,2026-03-13,2026-03-18,✅,✅,331.50,353.50,6.28
6716,應廣,小,2026,2026-03-04,2026-03-13,2026-03-18,✅,✅,75.00,89.10,18.44
7744,崴寶,中,2026,2026-03-04,2026-03-13,2026-03-18,✅,✅,472.00,475.00,0.28
5386,青雲,小,2026,2026-03-03,2026-03-12,2026-03-17,,✅,287.50,379.50,31.64
6588,東典光電,小,2026,2026-03-03,2026-03-12,2026-03-17,✅,✅,79.80,95.10,18.82
7717,萊德光電-KY,中,2026,2026-03-03,2026-03-12,2026-03-17,✅,✅,625.00,681.00,8.60
2489,瑞軒,中,2026,2026-03-02,2026-03-11,2026-03-16,✅,✅,37.45,41.90,11.53
3163,波若威,大,2026,2026-03-02,2026-03-11,2026-03-16,✅,🔒 買進日漲停買不到,770.00,960.00,
6426,統新,小,2026,2026-03-02,2026-03-11,2026-03-16,✅,🔒 買進日漲停買不到,133.50,156.00,
7610,聯友金屬-創,中,2026,2026-03-02,2026-03-11,2026-03-16,✅,🔒 買進日漲停買不到,341.00,310.00,
8046,南電,大,2026,2026-03-02,2026-03-11,2026-03-16,✅,🔒 買進日漲停買不到,470.50,566.00,
5475,德宏,中,2026,2026-02-26,2026-03-10,2026-03-13,✅,✅,183.00,224.00,22.05
5386,青雲,小,2026,2026-02-25,2026-03-11,2026-03-16,,✅,319.00,345.00,7.79
6588,東典光電,小,2026,2026-02-25,2026-03-09,2026-03-12,✅,✅,72.10,79.80,10.32
8996,高力,大,2026,2026-02-25,2026-03-09,2026-03-12,✅,✅,700.00,917.00,30.64
3163,波若威,大,2026,2026-02-24,2026-03-06,2026-03-11,,✅,723.00,770.00,6.14
5340,建榮,中,2026,2026-02-23,2026-03-05,2026-03-10,,✅,109.00,115.00,5.15
4991,環宇-KY,中,2026,2026-02-10,2026-03-03,2026-03-06,,✅,370.50,343.00,-7.78
6683,雍智科技,中,2026,2026-02-09,2026-03-02,2026-03-05,,✅,871.00,825.00,-5.64
7728,光焱科技,中,2026,2026-02-06,2026-02-26,2026-03-04,✅,✅,840.00,806.00,-4.40
3491,昇達科,大,2026,2026-02-05,2026-02-25,2026-03-03,✅,✅,1520.00,1695.00,11.16
3081,聯亞,大,2026,2026-02-04,2026-02-24,2026-03-02,✅,✅,1265.00,1375.00,8.34
6949,沛爾生醫-創,大,2026,2026-02-03,2026-02-23,2026-02-26,,✅,660.00,695.00,4.95
3163,波若威,中,2026,2026-02-02,2026-02-11,2026-02-25,,✅,589.00,782.00,32.41
3081,聯亞,大,2026,2026-01-30,2026-02-10,2026-02-24,,✅,1120.00,1265.00,12.59
7717,萊德光電-KY,中,2026,2026-01-29,2026-02-09,2026-02-23,,✅,606.00,692.00,13.83
8046,南電,大,2026,2026-01-27,2026-02-05,2026-02-10,,✅,397.50,409.50,2.66
3491,昇達科,大,2026,2026-01-23,2026-02-03,2026-02-06,,🔒 買進日漲停買不到,1280.00,1255.00,
5475,德宏,中,2026,2026-01-23,2026-02-03,2026-02-06,,🔒 買進日漲停買不到,123.00,136.50,
1528,恩德,小,2026,2026-01-22,2026-02-02,2026-02-05,✅,✅,25.70,29.45,14.23
4991,環宇-KY,中,2026,2026-01-20,2026-01-29,2026-02-03,,✅,230.00,241.50,4.64
8996,高力,大,2026,2026-01-16,2026-01-27,2026-01-30,,✅,722.00,747.00,3.11
8033,雷虎,中,2026,2026-01-15,2026-01-26,2026-01-29,✅,✅,156.00,155.00,-1.00
2408,南亞科,大,2026,2026-01-09,2026-01-20,2026-01-23,,✅,272.00,271.50,-0.54
3006,晶豪科,中,2026,2026-01-09,2026-01-20,2026-01-23,,✅,152.00,142.00,-6.94
8358,金居,大,2026,2026-01-09,2026-01-20,2026-01-23,,✅,283.00,274.50,-3.36
8438,昶昕,小,2026,2026-01-09,2026-01-20,2026-01-23,,✅,62.00,69.30,11.42
3260,威剛,大,2026,2026-01-07,2026-01-20,2026-01-23,✅,✅,298.00,314.50,5.18
4304,勝昱,小,2026,2026-01-07,2026-01-16,2026-01-21,,✅,32.00,32.00,-0.36
7728,光焱科技,小,2026,2026-01-06,2026-01-15,2026-01-20,,✅,603.00,682.00,12.74
7717,萊德光電-KY,小,2025,2025-12-31,2026-01-12,2026-01-15,,🔒 買進日漲停買不到,411.00,479.50,
4991,環宇-KY,中,2025,2025-12-29,2026-01-08,2026-01-13,✅,✅,209.50,214.00,1.79
4931,新盛力,中,2025,2025-12-24,2026-01-06,2026-01-09,,✅,179.00,171.00,-4.83
3081,聯亞,大,2025,2025-12-23,2026-01-07,2026-01-12,,✅,622.00,673.00,7.84
8358,金居,大,2025,2025-12-17,2025-12-29,2026-01-02,,✅,271.50,290.00,6.46
8110,華東,中,2025,2025-12-16,2025-12-30,2026-01-05,✅,✅,56.30,68.50,21.31
5475,德宏,小,2025,2025-12-12,2025-12-23,2025-12-29,,✅,87.00,102.00,16.88
7728,光焱科技,小,2025,2025-12-10,2025-12-19,2025-12-24,✅,✅,426.50,421.00,-1.65
7751,竑騰,中,2025,2025-12-10,2025-12-19,2025-12-24,✅,✅,638.00,686.00,7.17
7402,邑錡,小,2025,2025-12-03,2025-12-16,2025-12-19,,✅,127.00,121.00,-5.08
3081,聯亞,中,2025,2025-12-02,2025-12-11,2025-12-16,,✅,565.00,606.00,6.90
8358,金居,大,2025,2025-11-26,2025-12-05,2025-12-10,,✅,236.00,279.00,17.86
8043,蜜望實,小,2025,2025-11-25,2025-12-04,2025-12-09,✅,✅,84.00,91.30,8.33
4304,勝昱,小,2025,2025-11-12,2025-11-21,2025-11-26,,✅,28.40,29.65,4.04
8996,高力,大,2025,2025-11-11,2025-11-20,2025-11-25,✅,✅,513.00,525.00,1.98
4304,勝昱,小,2025,2025-11-07,2025-11-18,2025-11-21,,✅,30.55,28.40,-7.39
2344,華邦電,大,2025,2025-11-04,2025-11-13,2025-11-18,,✅,64.20,61.40,-4.72
3693,營邦,中,2025,2025-11-04,2025-11-13,2025-11-18,✅,✅,339.50,305.00,-10.52
4304,勝昱,小,2025,2025-11-04,2025-11-13,2025-11-18,,✅,24.30,30.55,25.36
4764,雙鍵,小,2025,2025-10-30,2025-11-10,2025-11-13,✅,✅,63.60,68.70,7.66
6127,九豪,小,2025,2025-10-27,2025-11-05,2025-11-10,✅,✅,26.90,24.80,-8.16
8047,星雲,小,2025,2025-10-22,2025-11-03,2025-11-06,,✅,50.50,43.90,-13.43
8047,星雲,小,2025,2025-10-17,2025-10-29,2025-11-03,,✅,43.25,50.50,16.41
5475,德宏,小,2025,2025-10-14,2025-10-23,2025-10-29,✅,✅,59.00,59.40,0.32
8299,群聯,大,2025,2025-10-13,2025-10-22,2025-10-28,✅,✅,869.00,1025.00,17.59
4722,國精化,中,2025,2025-10-07,2025-10-17,2025-10-22,✅,✅,204.00,196.00,-4.28
6418,詠昇,小,2025,2025-10-01,2025-10-16,2025-10-21,,✅,72.00,69.50,-3.83
3081,聯亞,中,2025,2025-09-22,2025-10-02,2025-10-08,✅,✅,465.00,489.00,4.80
8033,雷虎,中,2025,2025-09-19,2025-10-01,2025-10-07,,✅,150.00,152.00,0.98
5475,德宏,小,2025,2025-09-15,2025-09-24,2025-09-30,,✅,56.60,59.20,4.24
2429,銘旺科,中,2025,2025-09-12,2025-09-23,2025-09-26,✅,✅,131.50,117.00,-11.38
7402,邑錡,小,2025,2025-09-11,2025-09-22,2025-09-25,✅,✅,160.00,149.00,-7.23
3363,上詮,中,2025,2025-09-09,2025-09-18,2025-09-23,✅,✅,353.00,394.00,11.26
8038,長園科,小,2025,2025-09-05,2025-09-16,2025-09-19,✅,✅,54.00,53.30,-1.65
3685,元創精密,小,2025,2025-09-01,2025-09-10,2025-09-15,,✅,26.15,26.65,1.56
8033,雷虎,中,2025,2025-08-29,2025-09-09,2025-09-12,✅,✅,180.00,165.50,-8.41
4722,國精化,中,2025,2025-08-26,2025-09-04,2025-09-09,,✅,131.00,129.00,-1.88
8021,尖點,中,2025,2025-08-26,2025-09-04,2025-09-09,✅,✅,79.00,99.20,25.21
3081,聯亞,中,2025,2025-08-25,2025-09-03,2025-09-08,,✅,487.00,501.00,2.52
2380,虹光,小,2025,2025-08-22,2025-09-02,2025-09-05,,✅,6.12,6.35,3.40
3555,博士旺,小,2025,2025-08-21,2025-09-01,2025-09-04,✅,✅,54.70,51.70,-5.84
5475,德宏,小,2025,2025-08-20,2025-08-29,2025-09-03,✅,🔒 買進日漲停買不到,45.75,46.55,
4989,榮科,小,2025,2025-08-19,2025-08-28,2025-09-02,✅,✅,30.00,31.65,5.14
6727,亞泰金屬,小,2025,2025-08-19,2025-08-28,2025-09-02,,✅,199.00,198.50,-0.61
6895,宏碩系統,小,2025,2025-08-19,2025-08-28,2025-09-02,,✅,273.50,278.50,1.47
4991,環宇-KY,中,2025,2025-08-14,2025-08-25,2025-08-28,✅,✅,166.00,164.50,-1.26
6727,亞泰金屬,小,2025,2025-08-14,2025-08-25,2025-08-28,,✅,180.00,199.00,10.20
6949,沛爾生醫-創,大,2025,2025-08-12,2025-08-21,2025-08-26,✅,✅,355.50,394.00,10.47
8033,雷虎,中,2025,2025-08-08,2025-08-19,2025-08-22,,✅,126.00,133.50,5.60
4804,大略-KY,小,2025,2025-08-06,2025-08-15,2025-08-20,,✅,10.40,9.98,-4.40
3081,聯亞,中,2025,2025-08-04,2025-08-13,2025-08-18,,✅,395.00,497.00,25.47
6933,AMAX-KY,小,2025,2025-07-23,2025-08-01,2025-08-06,,✅,222.00,224.00,0.54
8499,鼎炫-KY,中,2025,2025-07-21,2025-07-30,2025-08-04,✅,✅,276.00,267.50,-3.44
3081,聯亞,中,2025,2025-07-14,2025-07-23,2025-07-28,,✅,354.00,402.00,13.20
3629,地心引力,小,2025,2025-07-11,2025-07-22,2025-07-25,,✅,35.00,34.00,-3.21
3629,地心引力,小,2025,2025-07-08,2025-07-17,2025-07-22,,✅,33.15,35.00,5.22
4804,大略-KY,小,2025,2025-07-01,2025-07-10,2025-07-15,,✅,6.26,6.57,4.60
2314,台揚,小,2025,2025-06-27,2025-07-08,2025-07-11,,✅,10.15,9.80,-3.81
6499,益安,中,2025,2025-06-20,2025-07-03,2025-07-08,,✅,136.50,140.00,2.21
3081,聯亞,中,2025,2025-06-16,2025-06-25,2025-06-30,,✅,337.50,327.50,-3.32
3363,上詮,中,2025,2025-06-06,2025-06-19,2025-06-24,,✅,263.00,289.00,9.53
6499,益安,中,2025,2025-05-29,2025-06-10,2025-06-13,✅,✅,90.60,111.50,22.71
3205,佰研,小,2025,2025-05-27,2025-06-06,2025-06-11,,✅,42.25,47.65,12.42
4946,辣椒,小,2025,2025-05-27,2025-06-06,2025-06-11,✅,✅,206.50,199.00,-3.99
6560,欣普羅,小,2025,2025-05-27,2025-06-06,2025-06-11,✅,✅,45.00,43.70,-3.25
6499,益安,中,2025,2025-05-26,2025-06-05,2025-06-10,✅,✅,105.00,90.60,-14.07
4554,橙的,小,2025,2025-05-22,2025-06-03,2025-06-06,✅,✅,37.00,41.80,12.62
3081,聯亞,中,2025,2025-05-16,2025-05-29,2025-06-04,✅,✅,294.50,287.00,-2.90
3363,上詮,中,2025,2025-05-13,2025-05-22,2025-05-27,,✅,230.00,236.00,2.25
6130,上亞科技,小,2025,2025-03-27,2025-04-09,2025-04-14,✅,✅,25.55,29.30,14.32
6113,亞矽,小,2025,2025-03-20,2025-04-02,2025-04-09,✅,✅,24.20,17.70,-27.22
4946,辣椒,小,2025,2025-03-14,2025-03-25,2025-03-28,,✅,98.30,83.00,-15.92
3363,上詮,中,2025,2025-02-21,2025-03-05,2025-03-10,✅,✅,315.00,272.50,-13.85
4971,IET-KY,小,2025,2025-02-19,2025-03-05,2025-03-10,,✅,174.50,147.50,-15.83
6739,竹陞科技,小,2025,2025-02-19,2025-03-03,2025-03-06,,✅,295.00,272.50,-7.98
8096,擎亞,中,2025,2025-02-14,2025-02-25,2025-03-03,,✅,78.00,63.80,-18.56
3081,聯亞,中,2025,2025-01-22,2025-02-13,2025-02-18,✅,✅,474.00,484.00,1.75
3363,上詮,中,2025,2025-01-14,2025-02-05,2025-02-10,,✅,297.50,337.00,12.92
9103,美德醫療-DR,小,2025,2025-01-10,2025-01-21,2025-02-04,✅,✅,6.24,6.50,3.81
6442,光聖,中,2025,2025-01-09,2025-01-20,2025-02-03,✅,✅,576.00,567.00,-1.92
5314,世紀,大,2025,2025-01-06,2025-01-15,2025-01-20,,✅,828.00,818.00,-1.56
3081,聯亞,中,2025,2025-01-02,2025-01-13,2025-01-16,✅,✅,368.50,462.00,25.02
5314,世紀,大,2024,2024-12-31,2025-01-10,2025-01-15,,✅,774.00,828.00,6.62
6104,創惟,中,2024,2024-12-31,2025-01-10,2025-01-15,,✅,158.50,161.00,1.22
2466,冠西電,中,2024,2024-12-30,2025-01-09,2025-01-14,,✅,78.80,75.80,-4.16
3363,上詮,中,2024,2024-12-23,2025-01-02,2025-01-07,,✅,247.00,296.00,19.48
3081,聯亞,中,2024,2024-12-18,2024-12-27,2025-01-02,,✅,383.00,366.00,-4.80
6442,光聖,中,2024,2024-12-16,2024-12-27,2025-01-02,✅,✅,649.00,599.00,-8.06
3625,西勝,小,2024,2024-12-09,2024-12-18,2024-12-23,✅,✅,18.65,16.30,-12.96
6781,AES-KY,大,2024,2024-12-09,2024-12-18,2024-12-23,✅,✅,946.00,970.00,2.18
5314,世紀,大,2024,2024-12-03,2024-12-12,2024-12-17,,✅,439.00,511.00,16.04
3363,上詮,中,2024,2024-11-28,2024-12-09,2024-12-12,,✅,218.50,234.00,6.74
3081,聯亞,中,2024,2024-11-27,2024-12-10,2024-12-13,,✅,355.50,358.00,0.35
6781,AES-KY,大,2024,2024-11-18,2024-11-27,2024-12-02,,✅,800.00,968.00,20.64
8937,合騏,大,2024,2024-11-13,2024-11-22,2024-11-27,,✅,150.00,141.00,-6.36
4991,環宇-KY,中,2024,2024-11-11,2024-11-22,2024-11-27,✅,✅,92.80,102.50,10.10
3363,上詮,中,2024,2024-11-05,2024-11-14,2024-11-19,,✅,209.00,202.00,-3.71
3081,聯亞,中,2024,2024-11-04,2024-11-15,2024-11-20,,✅,338.00,358.00,5.56
6763,綠界科技*,中,2024,2024-10-25,2024-11-05,2024-11-08,✅,✅,81.50,78.30,-4.28
6187,萬潤,中,2024,2024-10-17,2024-10-28,2024-11-01,✅,✅,439.00,466.00,5.79
3081,聯亞,中,2024,2024-10-08,2024-10-22,2024-10-25,,✅,352.50,360.00,1.77
3230,錦明,小,2024,2024-09-24,2024-10-01,2024-10-08,,✅,57.50,57.50,-0.36
6187,萬潤,中,2024,2024-09-19,2024-09-30,2024-10-07,,✅,474.00,543.00,14.20
4569,六方科-KY,小,2024,2024-09-12,2024-09-24,2024-09-27,,✅,246.00,264.00,6.96
8080,印鉐,小,2024,2024-09-05,2024-09-16,2024-09-20,✅,✅,35.20,36.10,2.20
8080,印鉐,小,2024,2024-09-02,2024-09-11,2024-09-16,,✅,35.40,35.20,-0.92
3073,天方能源,小,2024,2024-08-28,2024-09-10,2024-09-13,,✅,88.00,82.00,-7.18
3230,錦明,小,2024,2024-08-21,2024-08-30,2024-09-04,,✅,48.50,48.90,0.47
6187,萬潤,中,2024,2024-08-19,2024-08-28,2024-09-02,,✅,360.00,372.00,2.98
4510,高鋒,小,2024,2024-08-09,2024-08-22,2024-08-27,✅,✅,39.90,48.40,20.95
6199,天品,小,2024,2024-08-08,2024-08-19,2024-08-22,,✅,60.50,62.60,3.11
6144,得利影,小,2024,2024-07-29,2024-08-07,2024-08-12,✅,✅,80.50,87.50,8.34
8089,康全電訊,小,2024,2024-07-24,2024-08-02,2024-08-07,✅,✅,112.50,107.00,-5.25
2243,宏旭-KY,小,2024,2024-07-22,2024-07-31,2024-08-05,✅,✅,29.20,26.15,-10.80
3379,彬台,小,2024,2024-07-18,2024-07-29,2024-08-01,✅,✅,42.75,46.10,7.48
4804,大略-KY,小,2024,2024-07-18,2024-07-29,2024-08-01,,✅,5.00,5.30,5.64
6442,光聖,中,2024,2024-07-18,2024-07-29,2024-08-01,✅,✅,411.00,485.00,17.65
5484,慧友,小,2024,2024-07-17,2024-07-26,2024-07-31,✅,✅,71.00,75.30,5.70
3363,上詮,中,2024,2024-07-16,2024-07-23,2024-07-30,✅,✅,172.00,160.50,-7.04
4510,高鋒,小,2024,2024-07-15,2024-07-22,2024-07-29,,✅,28.80,27.00,-6.61
6187,萬潤,中,2024,2024-07-12,2024-07-19,2024-07-26,✅,✅,256.50,266.50,3.54
6231,系微,中,2024,2024-07-11,2024-07-19,2024-07-26,✅,✅,487.00,450.50,-7.85
2349,錸德,中,2024,2024-07-10,2024-07-19,2024-07-26,✅,✅,16.45,14.60,-11.60
2486,一詮,中,2024,2024-07-09,2024-07-18,2024-07-23,✅,✅,125.00,133.00,6.04
5345,天揚,小,2024,2024-07-09,2024-07-18,2024-07-23,,✅,26.60,28.30,6.03
8374,羅昇,中,2024,2024-07-09,2024-07-18,2024-07-23,✅,✅,114.00,132.00,15.43
3018,隆銘綠能,小,2024,2024-07-08,2024-07-17,2024-07-22,,✅,27.25,29.00,6.07
5484,慧友,小,2024,2024-07-08,2024-07-17,2024-07-22,✅,✅,76.80,69.90,-9.34
4304,勝昱,小,2024,2024-07-05,2024-07-16,2024-07-19,,✅,10.25,10.45,1.59
8440,綠電,小,2024,2024-07-05,2024-07-16,2024-07-19,✅,✅,53.30,55.60,3.96
5345,天揚,小,2024,2024-07-04,2024-07-15,2024-07-18,,✅,26.50,26.60,0.02
6869,雲豹能源,中,2024,2024-07-03,2024-07-16,2024-07-19,✅,✅,261.00,300.00,14.59
6895,宏碩系統,小,2024,2024-07-03,2024-07-12,2024-07-17,,✅,253.50,287.00,12.86
8089,康全電訊,小,2024,2024-07-03,2024-07-12,2024-07-17,,✅,124.00,113.00,-9.23
4304,勝昱,小,2024,2024-07-02,2024-07-11,2024-07-16,,✅,9.00,10.25,13.53
2438,翔耀,小,2024,2024-06-27,2024-07-08,2024-07-11,,✅,69.00,79.30,14.57
3363,上詮,中,2024,2024-06-24,2024-07-03,2024-07-08,✅,✅,158.00,157.00,-0.99
3379,彬台,小,2024,2024-06-21,2024-07-02,2024-07-05,✅,✅,28.35,37.25,31.04
6535,順藥,中,2024,2024-06-21,2024-07-02,2024-07-05,,✅,243.00,217.00,-11.06
9103,美德醫療-DR,小,2024,2024-06-19,2024-06-28,2024-07-03,✅,✅,7.54,7.96,5.21
5484,慧友,小,2024,2024-06-17,2024-06-26,2024-07-01,,✅,72.00,81.40,12.70
6442,光聖,中,2024,2024-06-12,2024-06-25,2024-06-28,,✅,321.00,336.50,4.47
8089,康全電訊,小,2024,2024-06-12,2024-06-21,2024-06-26,,✅,108.50,115.50,6.09
8291,尚茂,小,2024,2024-06-06,2024-06-18,2024-06-21,,✅,12.65,11.55,-9.05
8374,羅昇,小,2024,2024-06-04,2024-06-14,2024-06-19,✅,✅,72.00,78.40,8.53
8291,尚茂,小,2024,2024-06-03,2024-06-13,2024-06-18,,✅,12.60,12.65,0.04
8996,高力,中,2024,2024-05-31,2024-06-12,2024-06-17,✅,✅,478.00,504.00,5.08
3466,德晉,小,2024,2024-05-30,2024-06-11,2024-06-14,,✅,80.10,100.50,25.11
8291,尚茂,小,2024,2024-05-29,2024-06-07,2024-06-13,,✅,11.60,12.60,8.26
3064,泰偉,小,2024,2024-05-28,2024-06-06,2024-06-12,✅,✅,87.50,84.00,-4.36
6419,京晨科,小,2024,2024-05-22,2024-05-31,2024-06-05,✅,🔒 買進日漲停買不到,143.50,143.50,
6442,光聖,中,2024,2024-05-22,2024-05-31,2024-06-05,✅,✅,181.50,209.50,15.07
6419,京晨科,小,2024,2024-05-17,2024-05-28,2024-05-31,,✅,127.00,143.50,12.64
3466,德晉,小,2024,2024-05-09,2024-05-20,2024-05-23,,✅,60.40,68.40,12.89
6230,尼得科超眾,中,2024,2024-05-03,2024-05-14,2024-05-17,✅,✅,296.00,319.50,7.58
4198,欣大健康,小,2024,2024-04-11,2024-04-22,2024-04-25,✅,✅,44.80,50.40,12.14
6187,萬潤,中,2024,2024-04-10,2024-04-19,2024-04-24,✅,✅,224.50,243.00,7.88
2359,所羅門,中,2024,2024-04-09,2024-04-18,2024-04-23,✅,✅,99.00,90.30,-9.14
4909,新復興,小,2024,2024-04-08,2024-04-17,2024-04-22,,✅,97.00,87.80,-9.84
5314,世紀,大,2024,2024-03-29,2024-04-11,2024-04-16,,✅,400.00,365.50,-8.98
4127,天良,小,2024,2024-03-28,2024-04-10,2024-04-15,✅,✅,33.80,35.65,5.12
6640,均華,中,2024,2024-03-26,2024-04-08,2024-04-11,✅,✅,408.00,416.50,1.73
1519,華城,大,2024,2024-03-19,2024-04-01,2024-04-08,,✅,740.00,776.00,4.51
6187,萬潤,中,2024,2024-03-18,2024-03-27,2024-04-01,,✅,244.00,268.00,9.48
4943,康控-KY,小,2024,2024-03-11,2024-03-20,2024-03-25,,✅,25.00,29.10,16.04
4303,信立,小,2024,2024-03-07,2024-03-18,2024-03-21,✅,✅,44.90,44.10,-2.14
5314,世紀,大,2024,2024-03-07,2024-03-18,2024-03-21,✅,🔒 買進日漲停買不到,305.50,319.00,
8092,建暐,小,2024,2024-03-07,2024-03-18,2024-03-21,✅,✅,25.55,26.20,2.19
6535,順藥,中,2024,2024-03-06,2024-03-15,2024-03-20,✅,✅,167.00,185.00,10.42
6640,均華,中,2024,2024-03-06,2024-03-15,2024-03-20,✅,✅,293.50,357.00,21.28
1809,中釉,小,2024,2024-03-01,2024-03-12,2024-03-15,,✅,33.10,27.40,-17.58
6640,均華,小,2024,2024-02-27,2024-03-08,2024-03-13,,✅,317.00,282.50,-11.24
4714,永捷,小,2024,2024-02-26,2024-03-07,2024-03-12,,✅,24.65,21.55,-12.93
6187,萬潤,中,2024,2024-02-23,2024-03-06,2024-03-11,,✅,295.00,273.50,-7.65
6425,易發,小,2024,2024-02-23,2024-03-06,2024-03-11,✅,✅,71.20,57.30,-19.88
2465,麗臺,中,2024,2024-02-22,2024-03-05,2024-03-08,,✅,157.00,133.50,-15.33
3294,英濟,小,2024,2024-02-21,2024-03-04,2024-03-07,,✅,54.50,52.40,-4.21
6584,南俊國際,中,2024,2024-02-21,2024-03-04,2024-03-07,,✅,192.00,228.50,18.65
8054,安國,中,2024,2024-02-19,2024-02-29,2024-03-05,✅,✅,162.50,161.00,-1.28
3294,英濟,小,2024,2024-02-16,2024-02-27,2024-03-04,,✅,58.50,54.50,-7.19
5314,世紀,大,2024,2024-02-05,2024-02-23,2024-02-29,✅,✅,168.00,195.50,16.01
8227,巨有科技,中,2024,2024-02-05,2024-02-27,2024-03-04,✅,✅,351.00,386.50,9.76
6535,順藥,中,2024,2024-01-26,2024-02-15,2024-02-20,,✅,158.50,145.00,-8.87
5314,世紀,中,2024,2024-01-17,2024-01-26,2024-01-31,,✅,147.00,167.00,13.25
8227,巨有科技,中,2024,2024-01-15,2024-01-24,2024-01-29,,✅,342.00,411.50,19.96
9103,美德醫療-DR,小,2024,2024-01-12,2024-01-23,2024-01-26,✅,✅,7.43,7.14,-4.26
8054,安國,中,2024,2024-01-08,2024-01-17,2024-01-22,,✅,140.00,145.50,3.57
8059,凱碩,小,2024,2024-01-03,2024-01-16,2024-01-19,,✅,27.80,30.25,8.46
5314,世紀,中,2023,2023-12-25,2024-01-04,2024-01-09,✅,✅,73.60,78.20,5.89
8227,巨有科技,中,2023,2023-12-22,2024-01-03,2024-01-08,,✅,271.50,270.50,-0.73
9103,美德醫療-DR,小,2023,2023-12-20,2023-12-29,2024-01-04,✅,✅,8.39,9.70,15.26
6643,M31,中,2023,2023-12-18,2023-12-27,2024-01-02,✅,✅,1040.00,1085.00,3.97
9103,美德醫療-DR,小,2023,2023-12-06,2023-12-15,2023-12-20,✅,✅,8.02,8.90,10.62
3623,富晶通,小,2023,2023-11-29,2023-12-08,2023-12-13,✅,✅,52.50,44.55,-15.50
9103,美德醫療-DR,小,2023,2023-11-29,2023-12-08,2023-12-13,,✅,8.72,7.84,-10.45
8227,巨有科技,小,2023,2023-11-27,2023-12-06,2023-12-11,,✅,270.50,288.50,6.30
9105,泰金寶-DR,中,2023,2023-11-24,2023-12-05,2023-12-08,✅,✅,2.97,2.97,-0.36
6643,M31,中,2023,2023-11-15,2023-11-24,2023-11-29,,✅,951.00,1015.00,6.37
4806,昇華,小,2023,2023-11-14,2023-11-23,2023-11-28,,✅,15.85,15.80,-0.67
8227,巨有科技,小,2023,2023-11-06,2023-11-15,2023-11-20,,✅,216.00,258.50,19.32
6117,迎廣,小,2023,2023-10-05,2023-10-20,2023-10-25,✅,✅,45.50,47.30,3.60
9103,美德醫療-DR,小,2023,2023-10-02,2023-10-13,2023-10-18,,✅,6.13,6.02,-2.15
4542,科嶠,小,2023,2023-09-11,2023-09-20,2023-09-25,,✅,65.80,63.00,-4.61
3362,先進光,中,2023,2023-08-23,2023-09-01,2023-09-06,,✅,158.50,158.00,-0.67
4154,樂威科-KY,小,2023,2023-08-18,2023-08-29,2023-09-01,✅,✅,14.10,16.50,16.66
4979,華星光,中,2023,2023-08-03,2023-08-16,2023-08-21,✅,✅,167.00,167.00,-0.36
6811,宏碁資訊,中,2023,2023-07-31,2023-08-09,2023-08-14,✅,✅,314.00,296.50,-5.93
9105,泰金寶-DR,中,2023,2023-07-28,2023-08-08,2023-08-11,,✅,3.99,4.00,-0.11
8996,高力,中,2023,2023-07-26,2023-08-04,2023-08-09,✅,✅,331.00,330.00,-0.66
3483,力致,中,2023,2023-07-25,2023-08-02,2023-08-08,✅,✅,131.50,144.00,9.15
6569,醫揚,小,2023,2023-07-24,2023-08-01,2023-08-07,✅,✅,218.50,201.50,-8.14
1519,華城,大,2023,2023-07-18,2023-07-27,2023-08-01,✅,✅,225.00,215.50,-4.58
4419,元勝,小,2023,2023-07-18,2023-07-27,2023-08-01,,✅,34.00,33.00,-3.30
6125,廣運,中,2023,2023-07-10,2023-07-19,2023-07-24,✅,✅,81.60,103.50,26.48
3089,億杰,小,2023,2023-07-05,2023-07-14,2023-07-19,,✅,90.50,81.00,-10.85
8996,高力,中,2023,2023-07-05,2023-07-14,2023-07-19,✅,✅,341.50,391.00,14.14
2059,川湖,大,2023,2023-07-04,2023-07-13,2023-07-18,✅,✅,742.00,871.00,17.03
9105,泰金寶-DR,中,2023,2023-07-04,2023-07-13,2023-07-18,,✅,3.82,4.03,5.14
9950,萬國通,小,2023,2023-06-29,2023-07-10,2023-07-13,,✅,19.70,17.80,-10.00
6643,M31,中,2023,2023-06-28,2023-07-07,2023-07-12,,✅,945.00,1075.00,13.40
4533,協易機,小,2023,2023-06-20,2023-07-03,2023-07-06,,✅,31.90,32.70,2.15
2743,山富,小,2023,2023-06-15,2023-06-30,2023-07-05,,✅,176.00,172.50,-2.35
2745,五福,小,2023,2023-06-12,2023-06-21,2023-06-28,,✅,113.00,115.50,1.86
9105,泰金寶-DR,中,2023,2023-06-08,2023-06-19,2023-06-26,,✅,3.83,3.90,1.47
8227,巨有科技,小,2023,2023-06-01,2023-06-12,2023-06-15,,✅,201.50,198.00,-2.09
6697,東捷資訊,小,2023,2023-05-29,2023-06-07,2023-06-12,,✅,71.20,70.70,-1.06
2745,五福,小,2023,2023-05-24,2023-06-02,2023-06-07,✅,✅,79.50,98.50,23.54
9105,泰金寶-DR,中,2023,2023-05-24,2023-06-02,2023-06-07,,✅,3.88,3.91,0.42
2743,山富,小,2023,2023-05-23,2023-06-05,2023-06-08,,✅,144.00,176.50,22.21
6276,安鈦克,小,2023,2023-05-17,2023-05-30,2023-06-02,,✅,39.00,39.00,-0.36
8033,雷虎,中,2023,2023-05-15,2023-05-24,2023-05-29,✅,✅,66.80,69.60,3.83
3664,安瑞-KY,小,2023,2023-05-09,2023-05-18,2023-05-23,✅,✅,38.05,39.30,2.93
9105,泰金寶-DR,中,2023,2023-05-09,2023-05-18,2023-05-23,,✅,3.82,3.91,2.00
6874,倍力,小,2023,2023-04-27,2023-05-11,2023-05-16,✅,✅,164.00,180.00,9.40
3629,地心引力,小,2023,2023-04-26,2023-05-08,2023-05-11,,✅,101.00,91.70,-9.56
4728,雙美,中,2023,2023-04-25,2023-05-05,2023-05-10,,✅,288.00,297.00,2.77
8033,雷虎,中,2023,2023-04-21,2023-05-03,2023-05-08,✅,✅,78.20,77.20,-1.64
3308,聯德,小,2023,2023-04-20,2023-05-02,2023-05-05,✅,✅,31.80,36.85,15.52
3664,安瑞-KY,小,2023,2023-04-13,2023-04-24,2023-04-27,✅,✅,28.00,30.60,8.93
4763,材料-KY,大,2023,2023-04-13,2023-04-24,2023-04-27,,✅,447.00,428.00,-4.61
6517,保勝光學,小,2023,2023-04-07,2023-04-18,2023-04-21,✅,✅,155.00,150.00,-3.58
5381,合正,小,2023,2023-04-06,2023-04-17,2023-04-20,,✅,18.70,19.40,3.39
8033,雷虎,小,2023,2023-03-28,2023-04-11,2023-04-14,✅,✅,59.80,71.90,19.88
6874,倍力,小,2023,2023-03-27,2023-04-10,2023-04-13,✅,✅,148.00,131.00,-11.84
6751,智聯服務,小,2023,2023-03-24,2023-04-07,2023-04-12,✅,✅,93.10,102.00,9.20
9105,泰金寶-DR,中,2023,2023-03-16,2023-03-27,2023-03-30,✅,✅,3.91,3.91,-0.36
8227,巨有科技,小,2023,2023-03-15,2023-03-28,2023-03-31,✅,✅,201.00,215.00,6.61
2739,寒舍,小,2023,2023-03-06,2023-03-15,2023-03-20,✅,✅,57.10,59.20,3.32
6874,倍力,小,2023,2023-03-03,2023-03-14,2023-03-17,✅,✅,112.50,116.50,3.20
5701,劍湖山,小,2023,2023-03-01,2023-03-10,2023-03-15,,✅,3.94,4.01,1.42
6874,倍力,小,2023,2023-02-24,2023-03-09,2023-03-14,,✅,123.00,112.50,-8.89
9105,泰金寶-DR,中,2023,2023-02-21,2023-03-06,2023-03-09,,✅,4.21,4.35,2.97
4943,康控-KY,小,2023,2023-01-05,2023-01-16,2023-01-31,,✅,14.00,13.90,-1.07
4943,康控-KY,小,2022,2022-12-30,2023-01-11,2023-01-16,,🔒 買進日漲停買不到,14.85,14.00,
4943,康控-KY,小,2022,2022-12-27,2023-01-06,2023-01-11,,✅,16.65,14.85,-11.17
9103,美德醫療-DR,小,2022,2022-12-20,2022-12-29,2023-01-04,✅,✅,8.28,8.34,0.37
9105,泰金寶-DR,中,2022,2022-12-09,2022-12-20,2022-12-23,,✅,3.91,3.94,0.41
9103,美德醫療-DR,小,2022,2022-11-16,2022-11-25,2022-11-30,✅,✅,6.96,7.08,1.37
9103,美德醫療-DR,小,2022,2022-11-01,2022-11-10,2022-11-15,✅,✅,7.07,7.61,7.28
6287,元隆,小,2022,2022-10-14,2022-10-25,2022-10-28,,✅,24.40,23.00,-6.09
2364,倫飛,小,2022,2022-10-06,2022-10-20,2022-10-25,✅,🔒 買進日漲停買不到,79.30,86.90,
8426,紅木-KY,小,2022,2022-09-21,2022-09-30,2022-10-05,✅,✅,23.40,26.70,13.75
2364,倫飛,小,2022,2022-09-13,2022-09-22,2022-09-27,✅,✅,78.30,71.70,-8.79
3043,科風,小,2022,2022-08-31,2022-09-12,2022-09-15,,🔒 買進日漲停買不到,7.85,8.00,
4743,合一,大,2022,2022-08-31,2022-09-12,2022-09-15,✅,✅,291.50,272.50,-6.88
2230,泰茂,小,2022,2022-08-29,2022-09-07,2022-09-13,✅,✅,32.30,32.30,-0.36
3043,科風,小,2022,2022-08-26,2022-09-06,2022-09-12,,✅,6.93,7.85,12.92
9103,美德醫療-DR,小,2022,2022-08-19,2022-08-30,2022-09-02,✅,✅,7.36,7.88,6.71
8097,常珵,小,2022,2022-08-12,2022-08-23,2022-08-26,,✅,86.00,82.00,-5.01
2305,全友,小,2022,2022-07-28,2022-08-08,2022-08-11,,✅,26.80,25.95,-3.53
4911,德英,小,2022,2022-06-23,2022-07-04,2022-07-07,✅,✅,46.30,41.95,-9.75
1453,大將,小,2022,2022-05-24,2022-06-07,2022-06-10,✅,✅,32.85,32.50,-1.42
2482,連宇,小,2022,2022-05-24,2022-06-02,2022-06-08,,✅,21.60,23.50,8.44
6241,易通展,小,2022,2022-05-06,2022-05-17,2022-05-20,✅,✅,32.30,38.30,18.22
1453,大將,小,2022,2022-05-03,2022-05-12,2022-05-17,✅,✅,21.35,24.90,16.27
9103,美德醫療-DR,小,2022,2022-04-26,2022-05-06,2022-05-11,✅,✅,9.84,9.73,-1.47
8409,商之器,小,2022,2022-04-21,2022-05-03,2022-05-06,✅,✅,28.20,29.00,2.48
4736,泰博,中,2022,2022-04-19,2022-04-28,2022-05-04,✅,✅,284.00,252.00,-11.62
4133,亞諾法,小,2022,2022-04-18,2022-04-29,2022-05-05,✅,✅,69.90,59.60,-15.09
9103,美德醫療-DR,小,2022,2022-04-12,2022-04-21,2022-04-26,✅,✅,10.75,10.45,-3.15
5321,美而快,小,2022,2022-03-28,2022-04-08,2022-04-13,,✅,149.50,141.00,-6.04
8440,綠電,小,2022,2022-03-25,2022-04-11,2022-04-14,✅,✅,73.60,80.30,8.75
1435,中福,小,2022,2022-03-04,2022-03-15,2022-03-18,✅,✅,56.10,54.30,-3.57
2497,怡利電,中,2022,2022-03-03,2022-03-14,2022-03-17,✅,✅,102.00,106.00,3.56
8440,綠電,小,2022,2022-02-16,2022-03-02,2022-03-07,✅,✅,41.00,40.75,-0.97
3383,新世紀,小,2022,2022-01-18,2022-02-07,2022-02-10,,✅,7.47,6.92,-7.72
6225,天瀚,小,2022,2022-01-17,2022-01-26,2022-02-09,,✅,9.10,8.83,-3.32
2443,昶虹,小,2022,2022-01-11,2022-01-20,2022-01-25,,✅,3.81,3.75,-1.93
4946,辣椒,小,2022,2022-01-11,2022-01-20,2022-01-25,✅,✅,72.00,61.70,-14.66
4304,勝昱,小,2022,2022-01-10,2022-01-19,2022-01-24,,✅,13.00,14.00,7.34
3383,新世紀,小,2022,2022-01-07,2022-01-18,2022-01-21,,✅,6.59,7.17,8.44
4304,勝昱,小,2022,2022-01-05,2022-01-14,2022-01-19,,✅,13.00,13.00,-0.36
9103,美德醫療-DR,小,2022,2022-01-05,2022-01-14,2022-01-19,✅,✅,14.90,14.45,-3.38
3383,新世紀,小,2022,2022-01-04,2022-01-13,2022-01-18,,✅,6.66,6.59,-1.41
