代號,名稱,規模,年份,起始日,出關日,條款,前日漲幅(%),D1跳空(%),符合因子,加強訊號,D1%,D3%,D5%,D8%,策略報酬(%)
8383,千附,小,2026,2026-07-20,2026-08-03,連續3日,2.18,-2.92,✅,⭐,-9.89,-5.96,1.57,-22.58,-15.19
6907,雅特力-KY,中,2026,2026-07-17,2026-07-31,10日6次,2.80,-5.86,✅,⭐,-1.26,-7.11,-9.21,-25.52,-30.44
7714,創泓科技,小,2026,2026-07-17,2026-07-31,連續3日,-2.89,-8.19,,,-9.93,-0.25,-12.16,-29.28,-24.60
2434,統懋,小,2026,2026-07-15,2026-07-29,10日6次,9.96,9.99,,,9.99,8.92,-6.66,-8.39,-35.71
4169,泰宗,中,2026,2026-07-10,2026-07-27,連續3日,-3.23,0.00,,,-10.00,-7.78,-6.67,1.85,-8.59
6174,安碁,小,2026,2026-07-09,2026-07-24,10日6次,5.70,-1.96,✅,⭐,-5.72,-8.17,-2.29,-19.61,-24.97
8261,富鼎,中,2026,2026-07-09,2026-07-28,連續3日+當沖,1.75,-3.30,,,-6.61,-11.78,-19.97,-30.03,-40.36
2466,冠西電,中,2026,2026-07-08,2026-07-23,連續3日,-2.32,0.11,,,4.64,8.53,24.73,28.51,6.97
6617,共信-KY,中,2026,2026-07-08,2026-07-23,連續3日,9.85,-1.79,,,5.38,-5.83,-2.69,-10.31,-24.02
1515,力山,小,2026,2026-07-07,2026-07-22,連續3日,1.79,-2.69,,,-9.36,-6.08,-4.09,-4.21,-1.52
1447,力鵬,小,2026,2026-07-06,2026-07-21,10日6次,9.90,7.61,,,-4.80,-13.41,-15.62,-13.71,-19.92
1617,榮星,小,2026,2026-07-06,2026-07-21,10日6次,9.87,10.00,,,8.98,-0.20,0.00,-2.45,-28.26
3055,蔚華科,中,2026,2026-07-06,2026-07-21,10日6次,8.93,6.89,✅,,5.25,10.49,6.89,18.03,4.94
6217,中探針,中,2026,2026-07-06,2026-07-21,10日6次,1.51,0.00,,,-4.83,-5.58,-9.85,-18.96,-34.34
7795,長廣,大,2026,2026-07-06,2026-07-21,10日6次,2.45,1.44,✅,,6.39,-6.23,-11.82,-10.06,-37.97
8033,雷虎,中,2026,2026-07-03,2026-07-20,10日6次,0.00,1.08,,,9.95,11.29,22.04,44.89,-0.36
2303,聯電,大,2026,2026-07-02,2026-07-17,10日6次,2.74,-2.96,✅,⭐,-2.07,-1.78,-3.55,-10.65,-13.35
3230,錦明,小,2026,2026-07-01,2026-07-16,連續3日,6.05,-1.29,✅,⭐,2.48,11.09,8.93,19.27,5.74
1435,中福,小,2026,2026-06-30,2026-07-15,10日6次,9.93,8.03,,,9.84,32.73,7.63,17.27,-3.28
2483,百容,小,2026,2026-06-30,2026-07-15,10日6次,0.00,-3.05,,,2.51,9.69,25.49,22.08,-11.04
3450,聯鈞,大,2026,2026-06-30,2026-07-15,10日6次,-4.72,2.77,,,5.35,-0.79,2.97,-0.59,-10.13
6226,光鼎,小,2026,2026-06-30,2026-07-15,10日6次,9.86,9.73,,,9.98,32.92,15.21,32.67,25.72
8024,佑華,小,2026,2026-06-30,2026-07-15,連續3日,-6.88,-1.54,,,-5.23,-2.77,-0.92,3.38,11.33
5464,霖宏,小,2026,2026-06-29,2026-07-14,連續3日,-6.98,3.50,,,-6.20,2.00,2.50,-4.10,-8.57
6243,迅杰,小,2026,2026-06-29,2026-07-14,10日6次,-2.71,-6.63,,,-8.72,-4.88,-6.74,-6.98,0.66
6683,雍智科技,中,2026,2026-06-29,2026-07-14,10日6次,-9.81,0.00,,,-1.76,7.06,6.18,-2.06,-9.94
2481,強茂,大,2026,2026-06-26,2026-07-13,10日6次,-1.54,-1.56,,,-8.85,-4.95,11.20,12.50,9.36
5425,台半,中,2026,2026-06-26,2026-07-13,連續5日,-4.15,-3.54,,,-9.84,-5.12,5.12,3.15,2.26
5489,彩富,小,2026,2026-06-26,2026-07-13,連續3日,9.53,-2.65,,,-7.82,-6.78,-8.55,-5.16,-11.40
6141,柏承,小,2026,2026-06-26,2026-07-13,10日6次,9.16,1.54,,,-7.80,-8.75,-8.16,-17.26,-2.79
6620,漢達,中,2026,2026-06-26,2026-07-13,連續3日,-1.10,1.21,,,-5.16,-3.74,-0.20,9.31,-4.20
2316,楠梓電,中,2026,2026-06-25,2026-07-09,10日6次,1.38,0.00,,,6.35,-4.76,-1.13,-2.04,-11.66
6715,嘉基,中,2026,2026-06-25,2026-07-09,10日6次,-9.84,0.58,,,-6.43,-17.35,-13.55,-8.38,-18.79
7712,博盛半導體,小,2026,2026-06-25,2026-07-09,連續3日,2.00,-1.23,✅,⭐,0.98,-6.37,-3.19,4.66,-10.55
1303,南亞,大,2026,2026-06-24,2026-07-08,10日6次,1.31,-5.83,,,0.97,-4.21,7.77,27.51,16.31
2305,全友,小,2026,2026-06-24,2026-07-08,10日6次,0.27,-2.70,,,4.85,-5.39,3.77,4.58,-10.00
2342,茂矽,小,2026,2026-06-24,2026-07-08,10日6次,-2.73,-4.56,,,-3.86,-10.53,-0.70,2.28,-3.64
4923,力士,小,2026,2026-06-24,2026-07-08,連續3日,-0.16,-5.06,,,-4.27,-13.11,-5.69,-3.48,9.38
6415,矽力*-KY,大,2026,2026-06-24,2026-07-08,10日6次,-4.16,-4.65,,,-6.20,-11.32,-7.29,-6.20,-9.28
6693,廣閎科,中,2026,2026-06-24,2026-07-08,連續3日,0.00,-4.23,,,6.13,-6.55,-0.85,6.34,-3.15
8096,擎亞,中,2026,2026-06-24,2026-07-08,10日6次,-4.44,-2.33,,,3.65,-3.65,2.66,4.65,8.30
8996,高力,大,2026,2026-06-24,2026-07-08,10日6次,-6.75,-2.41,,,0.00,-5.52,6.90,-4.83,-9.32
4551,智伸科,中,2026,2026-06-23,2026-07-07,10日6次,2.03,0.00,✅,⭐,8.41,10.40,-0.66,6.64,3.32
3441,聯一光,小,2026,2026-06-22,2026-07-08,連續3日,3.59,-2.49,✅,⭐,-6.18,-2.17,-9.43,-16.36,-20.33
2383,台光電,大,2026,2026-06-18,2026-07-03,10日6次,1.56,5.00,,,7.69,9.62,8.46,3.65,8.21
2493,揚博,中,2026,2026-06-18,2026-07-03,10日6次,-0.40,0.80,,,9.84,6.43,15.86,17.47,14.45
3285,微端,小,2026,2026-06-18,2026-07-03,連續3日,1.52,1.07,,,9.64,-2.25,-3.10,5.03,-13.83
5227,立凱-KY,小,2026,2026-06-18,2026-07-03,連續3日,9.92,0.49,,,-2.68,3.90,-13.78,-17.07,-12.26
5468,凱鈺,小,2026,2026-06-18,2026-07-03,連續3日,4.00,2.20,✅,,9.89,32.97,9.89,12.09,11.64
6613,朋億*,中,2026,2026-06-18,2026-07-03,連續3日,-1.53,0.42,,,7.62,3.81,2.68,2.82,-5.99
2243,宏旭-KY,小,2026,2026-06-17,2026-07-02,10日6次,9.90,-3.23,,,4.56,3.56,13.46,18.35,33.05
6187,萬潤,大,2026,2026-06-17,2026-07-02,10日6次,0.88,-2.19,,,1.32,10.53,-7.02,-14.04,-13.34
6241,鑫永洋,小,2026,2026-06-17,2026-07-02,連續3日,-3.51,0.00,,,-1.09,4.00,9.82,4.73,9.57
1714,和桐,中,2026,2026-06-16,2026-07-01,10日6次,9.87,4.19,,,7.49,21.86,6.89,11.08,7.16
4402,郡都開發,小,2026,2026-06-15,2026-06-30,連續3日,-4.65,0.30,,,-2.13,0.61,3.35,-1.22,12.42
4556,旭然,小,2026,2026-06-15,2026-06-30,連續3日,9.87,9.88,,,9.88,9.43,17.37,12.87,-1.45
5345,馥鴻,小,2026,2026-06-15,2026-06-30,連續3日,-6.36,0.00,,,-2.27,-4.83,-3.32,-8.46,-17.82
6127,九豪,小,2026,2026-06-12,2026-06-29,10日6次,2.60,3.16,✅,,-3.92,-3.16,6.84,7.72,10.97
3114,好德,小,2026,2026-06-09,2026-06-24,連續3日,0.11,-3.91,,,-7.49,-10.96,-2.80,6.82,26.61
5426,振發,小,2026,2026-06-09,2026-06-24,連續3日,9.85,3.34,,,9.57,-1.37,8.21,15.20,-2.02
6890,來億-KY,大,2026,2026-06-09,2026-06-24,10日6次,2.89,-0.60,✅,🔒漲停買不到,9.82,13.83,-7.62,-4.61,-12.58
1718,中纖,中,2026,2026-06-08,2026-06-23,10日6次,1.76,-4.87,,,1.52,-9.64,-6.60,-0.61,-7.86
2491,吉祥全,小,2026,2026-06-08,2026-06-23,10日6次,2.06,-9.94,✅,⭐,-9.94,-14.84,-9.80,13.40,32.92
3147,大綜,中,2026,2026-06-08,2026-06-23,連續3日,6.75,-9.84,✅,⭐,0.00,12.48,18.80,15.99,14.23
3149,正達,中,2026,2026-06-08,2026-06-23,10日6次,-0.22,-9.91,,,-4.41,-9.47,-8.59,3.19,8.05
4807,日成-KY,小,2026,2026-06-08,2026-06-23,10日6次,8.91,-8.31,✅,⭐,-10.00,-11.82,6.49,3.90,25.33
6442,光聖,大,2026,2026-06-08,2026-06-23,10日6次,-4.20,-9.98,,,-4.14,-8.03,-9.73,-10.71,0.15
3288,點晶,小,2026,2026-06-05,2026-06-22,連續3日,9.98,9.69,,,-3.30,-3.92,-2.06,-7.84,-2.49
3535,晶彩科,中,2026,2026-06-05,2026-06-22,10日6次,1.11,-2.55,,,-4.74,-1.82,-9.49,-6.57,-1.89
4707,磐亞,小,2026,2026-06-05,2026-06-22,連續3日,6.57,-4.98,✅,⭐,-5.21,-2.84,-5.92,-2.61,15.64
8454,富邦媒,大,2026,2026-06-05,2026-06-22,10日6次,9.93,3.74,,,9.97,32.87,23.36,0.00,-5.46
1409,新纖,中,2026,2026-06-04,2026-06-18,10日6次,9.98,-1.16,,,-9.90,-18.15,-16.01,-16.01,-6.58
3346,麗清,小,2026,2026-06-04,2026-06-18,10日6次,1.09,7.53,,,9.89,7.53,4.52,7.96,-7.60
3481,群創,大,2026,2026-06-04,2026-06-18,10日6次,5.69,-4.21,✅,⭐,-6.06,-18.60,-25.42,-13.47,15.06
3556,禾瑞亞,小,2026,2026-06-04,2026-06-18,連續3日,-5.47,-1.32,,,-4.21,-8.55,-10.53,-5.13,1.29
6548,長科*,大,2026,2026-06-04,2026-06-18,連續3日,9.99,0.00,,,9.98,-7.51,-8.30,2.91,-12.59
7709,榮田,小,2026,2026-06-04,2026-06-18,連續3日,-4.87,-0.39,,,-3.54,-7.87,-8.66,-7.87,-15.05
1563,巧新,中,2026,2026-06-03,2026-06-17,10日6次,-0.14,-1.15,,,-2.87,-6.45,-11.17,-13.90,-9.50
2337,旺宏,大,2026,2026-06-03,2026-06-17,10日6次,4.78,1.14,✅,,-7.69,-14.53,-17.09,-16.52,-0.67
2302,麗正,小,2026,2026-06-02,2026-06-16,10日6次,2.00,-0.65,✅,⭐,-3.27,-9.15,-17.39,-17.65,12.62
3485,敘豐,中,2026,2026-06-02,2026-06-16,連續3日,9.88,-0.82,,,-2.18,0.27,-12.81,-17.71,-12.33
3523,迎輝,小,2026,2026-06-02,2026-06-16,連續3日,9.72,10.00,,,10.00,32.86,8.00,-7.43,-17.24
3528,安馳,小,2026,2026-06-02,2026-06-16,10日6次,9.79,-0.39,,,-1.55,8.53,-3.49,-9.30,-3.51
4973,廣穎,中,2026,2026-06-02,2026-06-16,連續3日,-2.19,-1.60,,,0.00,12.46,2.24,22.36,20.73
6654,天正國際,小,2026,2026-06-02,2026-06-16,連續3日,9.74,9.76,,,0.59,0.30,-0.30,-0.89,21.41
6770,力積電,大,2026,2026-06-02,2026-06-16,10日6次,-1.92,0.00,,,-1.26,-6.90,-22.41,-25.98,-17.70
1568,倉佑,小,2026,2026-06-01,2026-06-15,10日6次,9.94,2.54,,,9.81,2.09,-3.42,-16.21,-14.81
2375,凱美,中,2026,2026-06-01,2026-06-15,10日6次,3.10,-1.80,✅,⭐,-1.50,-6.61,-6.31,-4.80,15.19
2472,立隆電,大,2026,2026-06-01,2026-06-15,10日6次,0.00,3.23,,,5.66,-3.23,-2.02,-9.57,-1.89
3021,鴻名,小,2026,2026-06-01,2026-06-15,10日6次,9.85,9.97,,,9.97,32.89,7.64,-10.30,-5.95
6116,彩晶,大,2026,2026-06-01,2026-06-15,10日6次,9.97,6.73,,,9.94,32.75,7.89,-15.79,-12.59
6291,沛亨,中,2026,2026-06-01,2026-06-15,連續3日,3.82,-2.50,✅,⭐,-4.57,-9.43,-10.75,-25.92,-14.55
7828,創新服務,大,2026,2026-06-01,2026-06-15,連續3日,0.71,1.06,,,2.84,15.25,10.99,15.60,43.09
3191,雲嘉南,小,2026,2026-05-29,2026-06-12,連續3日,9.82,9.98,,,9.98,-6.65,-10.81,-12.89,-26.63
6239,力成,大,2026,2026-05-29,2026-06-12,10日6次,4.99,5.45,✅,,6.01,-2.94,-0.98,-10.21,-8.67
6821,聯寶,小,2026,2026-05-29,2026-06-12,連續3日,0.14,0.83,,,-2.64,-2.92,-6.25,-7.36,-4.07
2061,風青,小,2026,2026-05-28,2026-06-11,連續3日,4.35,-2.08,✅,⭐,-1.79,18.75,23.66,6.70,-0.51
3189,景碩,大,2026,2026-05-28,2026-06-11,10日6次,0.86,0.00,,,-2.99,10.26,5.27,-0.57,-9.46
3236,千如,小,2026,2026-05-28,2026-06-11,連續3日,-2.23,-3.34,,,-5.98,0.70,-5.10,-6.85,7.12
4958,臻鼎-KY,大,2026,2026-05-28,2026-06-11,10日6次,-1.48,-2.07,,,-8.65,3.01,-4.14,-3.76,8.49
6271,同欣電,大,2026,2026-05-28,2026-06-11,10日6次,-2.30,-0.79,,,-3.93,-2.75,-1.77,-14.15,-11.60
6570,維田,小,2026,2026-05-28,2026-06-11,連續3日,-9.62,-2.03,,,0.17,2.20,0.00,-4.39,-4.74
6906,現觀科,小,2026,2026-05-28,2026-06-11,10日6次,1.48,2.91,,,5.34,1.94,0.49,-8.83,-17.41
4127,天良,小,2026,2026-05-27,2026-06-10,連續3日,-1.45,3.52,,,-2.06,1.32,0.59,1.17,0.09
2327,國巨*,大,2026,2026-05-26,2026-06-09,10日6次,9.86,-2.46,,,-4.34,7.38,14.33,7.53,24.61
2478,大毅,中,2026,2026-05-26,2026-06-09,10日6次,-5.88,0.00,,,-0.83,5.83,20.00,14.58,39.98
3491,昇達科,大,2026,2026-05-26,2026-06-09,其他,8.29,-1.44,✅,⭐,-0.72,-4.31,3.59,-6.70,-13.13
4722,國精化,中,2026,2026-05-26,2026-06-09,10日6次,-0.87,0.18,,,-2.99,-4.23,0.70,-2.11,-11.43
4916,事欣科,中,2026,2026-05-26,2026-06-09,10日6次,3.26,-1.48,✅,⭐,-0.99,0.99,17.24,20.69,18.55
2911,麗嬰房,小,2026,2026-05-25,2026-06-08,10日6次,10.00,9.90,,,9.90,6.44,-4.14,-1.50,-11.25
3675,德微,中,2026,2026-05-25,2026-06-08,連續3日,0.95,-0.94,,,4.54,14.24,29.26,16.12,3.24
5321,美而快,小,2026,2026-05-25,2026-06-08,連續3日,9.89,0.00,,,9.90,32.90,34.19,44.22,-4.45
6538,倉和,小,2026,2026-05-25,2026-06-08,連續3日,8.97,1.18,✅,,3.14,-3.53,-3.14,1.18,-15.95
6742,澤米,小,2026,2026-05-25,2026-06-08,10日6次,-0.32,-1.63,,,-3.25,-6.83,-5.85,-0.16,-8.76
6834,天二科技,小,2026,2026-05-25,2026-06-08,10日6次,5.86,-2.41,✅,🔒漲停買不到,9.93,10.21,6.67,9.93,-12.36
3090,日電貿,大,2026,2026-05-22,2026-06-05,10日6次,9.80,0.00,,,9.69,18.37,6.38,12.24,2.43
3624,光頡,中,2026,2026-05-21,2026-06-04,連續3日,-1.32,2.11,,,1.67,4.44,4.44,25.56,12.76
8455,大拓-KY,小,2026,2026-05-21,2026-06-04,連續3日,9.95,7.22,,,-1.95,-5.96,-8.93,-4.24,-14.73
3008,大立光,大,2026,2026-05-20,2026-06-03,10日6次,2.28,-1.04,✅,⭐,-4.90,5.20,8.92,4.46,24.17
6924,榮惠-KY創,小,2026,2026-05-20,2026-06-03,10日6次,10.00,-4.08,,,2.19,5.64,0.94,14.11,14.98
8091,翔名,中,2026,2026-05-20,2026-06-03,連續3日,1.15,-1.14,,,-3.80,1.33,2.28,-1.14,0.63
3498,陽程,小,2026,2026-05-19,2026-06-02,連續3日,-3.02,-1.04,,,-5.54,1.38,10.03,0.35,2.57
6449,鈺邦,中,2026,2026-05-19,2026-06-02,10日6次,3.04,-4.43,✅,⭐,-9.78,8.86,18.08,38.38,51.79
3135,凌航,中,2026,2026-05-18,2026-06-01,連續5日,-2.04,-4.40,,,-3.70,-11.81,-2.08,12.04,20.08
2492,華新科,大,2026,2026-05-15,2026-05-29,連續3日,10.00,-2.27,,,-6.36,0.00,20.91,49.32,90.91
4966,譜瑞-KY,大,2026,2026-05-15,2026-05-29,連續3日,1.24,-0.73,,,-2.32,-11.11,-3.66,-1.47,3.89
6263,普萊德,中,2026,2026-05-15,2026-05-29,連續3日,-3.45,2.75,,,-6.04,-5.22,-2.75,1.65,4.03
6831,邁科,中,2026,2026-05-15,2026-05-29,連續3日,4.94,3.19,✅,,0.42,1.52,8.17,13.57,1.99
8069,元太,大,2026,2026-05-15,2026-05-29,連續3日,5.12,0.00,✅,⭐,-7.08,-1.77,1.99,3.98,4.40
8114,振樺電,中,2026,2026-05-15,2026-05-29,連續3日,-2.83,-0.62,,,-10.00,-10.21,0.83,8.54,13.53
7769,鴻勁,大,2026,2026-05-14,2026-05-28,連續3日,8.30,0.00,✅,⭐,1.61,-10.55,-6.18,2.76,1.49
1809,中釉,小,2026,2026-05-13,2026-05-27,10日6次,2.02,-3.96,✅,⭐,-3.47,-4.46,-5.20,2.72,13.49
2059,川湖,大,2026,2026-05-13,2026-05-27,10日6次,-1.36,-1.74,,,-3.58,-10.74,-18.27,-6.52,-6.64
3450,聯鈞,大,2026,2026-05-13,2026-05-27,10日6次,9.93,-3.83,,,-6.27,-15.94,-16.58,-2.34,13.25
4561,健椿,小,2026,2026-05-12,2026-05-26,連續5日,0.39,-1.16,,,-2.71,-6.10,-3.39,-4.84,-0.76
6182,合晶,中,2026,2026-05-12,2026-05-26,連續3日,2.99,-2.73,✅,⭐,-3.92,-2.05,-6.14,8.53,49.55
6488,環球晶,大,2026,2026-05-12,2026-05-26,連續3日,4.11,-0.72,✅,⭐,-5.99,-5.63,-16.41,-16.05,9.96
8227,巨有科技,小,2026,2026-05-12,2026-05-26,連續3日,3.20,0.44,✅,,-5.97,-8.41,-7.96,-8.63,5.29
1595,川寶,小,2026,2026-05-11,2026-05-25,連續3日,2.08,-5.19,✅,⭐,-4.18,-5.09,-13.44,-9.67,1.66
5464,霖宏,小,2026,2026-05-11,2026-05-25,連續3日,9.97,0.38,,,9.92,18.32,8.97,28.82,26.38
8042,金山電,中,2026,2026-05-11,2026-05-25,連續3日,-1.06,-0.36,,,5.71,26.04,16.65,38.53,51.50
3030,德律,大,2026,2026-05-08,2026-05-22,連續3日,1.09,-1.80,,,-6.71,-2.28,-3.59,-13.53,7.35
1597,直得,中,2026,2026-05-07,2026-05-21,連續3日,2.89,1.12,✅,,1.40,2.25,6.18,6.46,-8.11
2233,宇隆,中,2026,2026-05-07,2026-05-21,連續3日,0.32,-1.74,,,-6.50,-4.12,-8.72,2.85,16.59
2454,聯發科,大,2026,2026-05-07,2026-05-21,連續3日,8.72,0.00,✅,⭐,-0.29,13.12,1.90,-0.87,3.44
3016,嘉晶,中,2026,2026-05-07,2026-05-21,連續3日,6.02,-2.18,✅,⭐,3.49,12.23,5.68,-3.06,-2.89
8064,東捷,中,2026,2026-05-07,2026-05-21,連續3日,-10.00,-1.78,,,-4.00,0.89,5.33,17.33,11.22
6405,悅城,小,2026,2026-05-06,2026-05-20,10日6次,9.84,-2.28,,,-9.45,4.89,-5.21,-4.72,-4.13
8027,鈦昇,中,2026,2026-05-06,2026-05-20,連續3日,0.00,-0.99,,,-3.22,0.50,19.55,22.28,22.41
4951,精拓科,小,2026,2026-05-05,2026-05-19,連續3日,9.66,-0.38,,,7.28,1.15,-6.90,-1.53,-16.79
6234,高僑,小,2026,2026-05-05,2026-05-19,連續3日,9.85,-2.41,,,6.90,6.90,-6.90,-3.45,-23.82
4542,科嶠,小,2026,2026-04-30,2026-05-15,10日6次,9.80,4.34,,,1.53,22.45,8.67,8.93,2.66
6658,聯策,小,2026,2026-04-29,2026-05-14,連續3日,9.88,7.49,,,9.74,7.49,16.48,32.21,31.38
2429,銘旺科,小,2026,2026-04-28,2026-05-13,連續3日,-9.85,-9.56,,,-0.36,-5.10,-6.38,-2.00,-10.59
3228,金麗科,中,2026,2026-04-27,2026-05-12,連續3日,8.44,-2.52,✅,⭐,-0.23,-9.38,-8.47,17.85,3.54
3430,奇鈦科,小,2026,2026-04-27,2026-05-12,連續3日,-3.45,-2.68,,,-1.79,8.04,19.64,33.04,61.46
3631,晟楠,小,2026,2026-04-27,2026-05-12,連續3日,-5.51,-4.51,,,-0.40,0.53,1.59,3.85,10.03
6531,愛普*,大,2026,2026-04-27,2026-05-12,連續3日,0.38,0.51,,,-4.44,4.06,17.26,17.39,39.75
6735,美達科技,小,2026,2026-04-27,2026-05-12,連續3日,9.95,9.47,,,9.88,8.64,-0.82,11.11,1.14
1623,大東電,中,2026,2026-04-24,2026-05-11,連續3日,-2.35,-0.40,,,-3.61,-4.62,-4.02,-1.81,0.68
1721,三晃,小,2026,2026-04-24,2026-05-11,連續3日,9.91,-8.18,,,-8.85,-12.85,-19.20,-5.18,14.48
3653,健策,大,2026,2026-04-24,2026-05-11,連續3日,-1.85,3.58,,,1.13,-6.78,1.32,-18.93,-25.59
4768,晶呈科技,中,2026,2026-04-24,2026-05-11,10日6次,-4.46,2.33,,,-2.14,-4.28,-3.31,1.36,-3.24
5498,凱崴,中,2026,2026-04-24,2026-05-11,10日6次,-3.86,-0.39,,,-7.38,-10.75,-4.27,-2.98,-3.71
6415,矽力*-KY,大,2026,2026-04-24,2026-05-11,連續3日,3.23,4.93,✅,,4.93,-0.60,2.77,2.05,6.98
6423,億而得,小,2026,2026-04-24,2026-05-11,連續3日,1.21,-3.19,,,-9.56,-13.15,-12.75,-7.17,4.49
6643,M31,中,2026,2026-04-24,2026-05-11,連續5日,-9.90,3.01,,,1.24,-7.09,-2.84,15.25,19.26
6861,睿生光電,中,2026,2026-04-24,2026-05-11,連續3日,9.79,6.16,,,9.98,15.92,39.28,59.66,49.84
8092,建暐,小,2026,2026-04-24,2026-05-11,連續3日,-5.93,2.01,,,0.86,-7.45,-9.46,2.87,1.63
3221,台嘉碩,小,2026,2026-04-23,2026-05-08,連續3日,-5.97,-1.69,,,-9.92,-19.54,-13.10,-11.90,-0.80
3518,柏騰,小,2026,2026-04-23,2026-05-08,連續3日,5.48,-0.92,✅,⭐,-6.42,-10.40,0.31,11.77,17.29
6213,聯茂,大,2026,2026-04-23,2026-05-12,連續3日+當沖,3.85,1.68,✅,,-7.58,-10.77,-14.65,-4.38,3.65
2484,希華,小,2026,2026-04-22,2026-05-07,10日6次,5.69,-0.81,✅,⭐,-3.55,-18.38,-17.77,-15.74,-5.94
3388,崇越電,小,2026,2026-04-22,2026-05-07,連續3日,9.63,-3.77,,,0.84,-6.28,-12.55,-3.77,-8.24
3529,力旺,大,2026,2026-04-22,2026-05-07,連續3日,0.34,-2.05,,,-7.84,-11.36,-9.43,-5.00,15.67
4919,新唐,大,2026,2026-04-22,2026-05-07,10日6次,2.12,2.42,✅,,6.57,0.35,3.11,12.11,14.58
4939,亞電,小,2026,2026-04-22,2026-05-07,連續3日,1.77,-1.19,,,-2.82,-9.99,-5.54,-4.45,-2.70
4956,光鋐,小,2026,2026-04-22,2026-05-07,10日6次,-2.74,-0.38,,,2.07,-14.38,-9.21,-7.89,-3.12
5475,德宏,中,2026,2026-04-22,2026-05-07,連續3日,-3.75,0.00,,,0.26,-12.86,-11.95,-7.53,-10.20
6442,光聖,大,2026,2026-04-22,2026-05-07,10日6次,-1.27,-0.85,,,-4.27,-19.66,-18.59,-10.90,-6.83
8182,加高,小,2026,2026-04-22,2026-05-07,連續3日,2.68,0.00,✅,⭐,-5.78,-15.53,-16.10,-13.49,3.37
8289,泰藝,小,2026,2026-04-22,2026-05-07,連續3日,3.66,-2.83,✅,⭐,-7.60,-20.58,-18.73,-17.31,0.03
8358,金居,大,2026,2026-04-22,2026-05-07,連續3日,-2.60,-0.89,,,0.00,-8.64,-8.01,2.29,18.83
3229,晟鈦,小,2026,2026-04-21,2026-05-06,連續3日,9.93,9.93,,,9.93,14.22,12.30,18.67,14.74
6173,信昌電,中,2026,2026-04-21,2026-05-06,連續3日,-1.63,-1.54,,,-1.43,-8.71,-14.66,-5.51,12.62
6208,日揚,小,2026,2026-04-21,2026-05-06,連續3日,-0.67,0.00,,,0.67,18.93,12.08,7.38,-0.09
6456,GIS-KY,中,2026,2026-04-21,2026-05-06,連續3日,7.99,0.00,✅,⭐,-4.65,-9.43,-13.25,-9.07,-9.12
6791,虎門科技,小,2026,2026-04-21,2026-05-06,連續3日,2.22,2.90,✅,,-1.09,-3.99,-15.94,-10.14,-14.28
8438,昶昕,小,2026,2026-04-21,2026-05-06,10日6次,0.11,-1.02,,,0.23,-4.98,-3.85,-0.11,0.55
2923,鼎固-KY,中,2026,2026-04-20,2026-05-05,連續3日,3.51,6.61,✅,,1.07,-10.00,-13.21,-21.61,-21.38
3339,泰谷,小,2026,2026-04-20,2026-05-05,連續3日,10.00,-4.04,,,-4.33,-0.29,-19.19,-20.78,-10.16
3467,台灣精材,小,2026,2026-04-20,2026-05-05,連續3日,-0.17,5.56,,,0.67,9.44,1.18,-0.51,11.20
3714,富采,大,2026,2026-04-20,2026-05-05,連續3日,2.50,0.13,✅,,-0.64,-5.91,-14.51,-5.39,-3.97
5228,鈺鎧,小,2026,2026-04-20,2026-05-05,連續3日,9.93,8.09,,,-1.21,-8.22,-14.82,-8.49,-9.50
6224,聚鼎,小,2026,2026-04-20,2026-05-05,連續3日,3.21,0.00,✅,⭐,-2.13,-1.80,-1.15,9.33,33.92
6278,台表科,中,2026,2026-04-20,2026-05-05,連續3日,9.79,3.18,,,0.96,0.64,-7.64,2.87,16.36
6419,京晨科,小,2026,2026-04-20,2026-05-05,連續3日,-5.88,1.17,,,1.17,17.19,3.91,14.84,10.45
6829,千附精密,中,2026,2026-04-20,2026-05-05,連續3日,9.75,8.38,,,9.90,32.74,12.18,21.83,25.74
8043,蜜望實,小,2026,2026-04-20,2026-05-05,連續3日,2.66,-1.66,✅,⭐,-5.49,-6.31,-13.35,-10.56,3.70
3289,宜特,中,2026,2026-04-17,2026-05-04,連續3日,-0.82,-2.20,,,-1.10,15.66,4.67,4.67,7.42
3443,創意,大,2026,2026-04-17,2026-05-04,連續3日,8.96,-0.15,✅,⭐,-2.69,11.66,16.89,25.26,43.58
3581,博磊,小,2026,2026-04-17,2026-05-04,連續3日,9.60,9.22,,,9.68,32.26,44.70,37.33,65.19
4989,榮科,中,2026,2026-04-17,2026-05-04,連續3日,6.82,-2.38,✅,⭐,-2.38,1.43,4.29,2.86,0.13
6274,台燿,大,2026,2026-04-17,2026-05-04,連續3日,1.48,-1.04,,,-1.46,0.31,-1.04,0.63,16.98
6949,沛爾生醫-創,大,2026,2026-04-17,2026-05-04,連續3日,0.65,-1.67,,,-1.28,2.31,10.90,-1.79,-1.92
7556,意德士,小,2026,2026-04-17,2026-05-04,連續3日,2.27,-0.37,✅,⭐,-1.67,9.07,18.15,8.15,10.38
1785,光洋科,大,2026,2026-04-16,2026-04-30,連續3日,0.36,-1.43,,,1.43,9.64,11.79,6.43,16.19
3042,晶技,中,2026,2026-04-16,2026-04-30,10日6次,-2.25,0.77,,,7.28,27.59,27.97,7.28,8.93
3532,台勝科,大,2026,2026-04-16,2026-04-30,10日6次,8.10,-1.55,✅,⭐,0.26,-3.88,-3.36,-5.94,-2.93
4569,六方科-KY,小,2026,2026-04-16,2026-04-30,10日6次,9.94,3.88,,,0.26,5.94,-1.81,-5.17,-5.51
4576,大銀微系統,中,2026,2026-04-16,2026-04-30,10日6次,0.52,0.00,,,-0.26,2.33,2.33,-6.46,14.67
4577,達航科技,小,2026,2026-04-16,2026-04-30,連續3日,-2.08,-3.18,,,-2.83,2.83,13.78,17.31,19.64
4764,雙鍵,中,2026,2026-04-16,2026-04-30,10日6次,4.27,-2.81,✅,⭐,-1.02,19.44,13.55,11.51,32.98
4908,前鼎,中,2026,2026-04-16,2026-04-30,連續3日,-1.05,4.26,,,9.93,32.98,38.65,16.31,37.71
4949,有成精密,小,2026,2026-04-16,2026-04-30,10日6次,-3.58,-1.01,,,-0.67,0.34,3.26,-3.15,18.99
1591,駿吉-KY,小,2026,2026-04-15,2026-04-29,連續3日,2.08,-0.17,✅,⭐,0.17,-2.04,13.41,0.68,6.08
3026,禾伸堂,中,2026,2026-04-15,2026-04-29,連續3日,7.75,-0.65,✅,⭐,-2.83,1.74,11.11,-5.88,5.47
3234,光環,中,2026,2026-04-15,2026-04-29,連續3日,-5.22,-4.24,,,-4.24,-2.12,0.00,-10.17,-6.11
6147,頎邦,大,2026,2026-04-15,2026-04-29,連續3日,-3.00,0.88,,,-6.19,1.77,19.91,28.32,48.70
6903,巨漢,中,2026,2026-04-15,2026-04-29,連續3日,-3.47,-1.16,,,-1.16,1.16,-0.13,-1.41,2.76
7610,聯友金屬-創,中,2026,2026-04-15,2026-04-29,連續3日,9.87,0.00,,,8.99,6.16,4.49,-2.33,-2.95
8021,尖點,中,2026,2026-04-15,2026-04-29,連續3日,0.29,-2.00,,,-2.86,11.57,15.71,28.86,12.29
8996,高力,大,2026,2026-04-15,2026-04-29,10日6次,1.83,7.62,,,-1.35,9.42,8.97,0.90,3.28
3455,由田,中,2026,2026-04-14,2026-04-28,連續3日,-1.81,-0.26,,,-3.16,-2.11,11.32,12.63,17.85
3583,辛耘,大,2026,2026-04-14,2026-04-28,連續3日,4.31,2.71,✅,,-2.71,0.28,15.10,27.21,7.70
6218,豪勉,小,2026,2026-04-14,2026-04-28,連續3日,8.17,-1.04,✅,⭐,-4.17,-0.52,-7.68,-14.19,-3.21
5243,乙盛-KY,中,2026,2026-04-13,2026-04-27,連續3日,4.85,-1.26,✅,⭐,-0.42,3.78,4.20,0.84,-9.64
7734,印能科技,大,2026,2026-04-08,2026-04-22,連續3日,-1.06,5.38,,,4.95,15.91,7.10,7.74,28.74
1905,華紙,中,2026,2026-04-02,2026-04-20,連續3日,-9.97,-8.98,,,-9.88,-15.57,-14.37,-14.67,-12.65
4741,泓瀚,小,2026,2026-04-02,2026-04-20,連續3日,-1.07,0.27,,,10.00,23.92,39.19,40.81,36.01
7721,微程式,小,2026,2026-04-02,2026-04-20,連續3日,3.92,1.43,✅,,0.91,6.11,9.23,14.04,4.80
4154,樂威科-KY,小,2026,2026-04-01,2026-04-17,連續3日,-3.69,1.74,,,1.74,-1.39,0.70,-9.06,-5.15
2231,為升,中,2026,2026-03-31,2026-04-16,連續3日,10.00,-0.36,,,-9.82,-18.55,-13.82,-9.45,2.87
6821,聯寶,小,2026,2026-03-31,2026-04-16,連續3日,9.12,-5.57,,,-10.00,-7.38,-12.30,6.39,11.48
3587,閎康,中,2026,2026-03-26,2026-04-13,連續3日,4.79,-2.39,✅,⭐,-7.75,-6.16,-9.74,1.19,36.50
6515,穎崴,大,2026,2026-03-26,2026-04-13,10日6次,3.17,0.00,✅,⭐,-3.61,-9.17,-13.73,-7.57,4.74
4905,台聯電,小,2026,2026-03-25,2026-04-10,連續3日,-9.98,-3.85,,,-5.20,-1.58,-9.62,-6.11,-0.71
6547,高端疫苗,中,2026,2026-03-25,2026-04-10,連續3日,5.50,0.87,✅,,-1.74,-4.17,-0.35,3.13,-2.13
6465,威潤,小,2026,2026-03-24,2026-04-09,連續3日,-9.94,1.51,,,-4.76,8.01,6.85,3.60,13.06
7711,永擎,中,2026,2026-03-24,2026-04-09,連續3日,9.90,-0.17,,,-5.89,-2.95,-6.24,-8.32,3.69
8155,博智,中,2026,2026-03-24,2026-04-09,連續3日,-3.64,3.40,,,-5.66,0.00,-0.38,-4.53,21.64
2399,映泰,小,2026,2026-03-23,2026-04-08,連續3日,9.90,-5.11,,,-7.80,-15.19,-16.67,-14.38,10.28
2451,創見,大,2026,2026-03-23,2026-04-08,連續3日,-2.27,-7.45,,,-9.93,-15.56,-21.85,-23.84,-9.18
3693,營邦,中,2026,2026-03-23,2026-04-08,連續3日,-8.23,-6.73,,,-10.00,-4.86,-6.54,-5.23,13.25
1711,永光,中,2026,2026-03-20,2026-04-07,連續3日,9.91,2.77,,,-3.35,-10.75,-10.87,-15.95,-19.62
1735,日勝化,小,2026,2026-03-20,2026-04-07,連續3日,0.79,0.47,,,-8.68,-15.30,-15.46,-24.45,-23.50
1799,易威,小,2026,2026-03-20,2026-04-07,連續3日,-6.65,1.97,,,-7.13,-9.58,-4.67,-9.95,9.30
2485,兆赫,中,2026,2026-03-20,2026-04-07,連續3日,0.12,0.00,,,-7.74,-6.12,-1.75,-0.62,-1.44
3006,晶豪科,大,2026,2026-03-20,2026-04-07,連續3日,1.64,0.92,,,-9.91,-25.35,-22.35,-30.88,-20.05
3066,李洲,小,2026,2026-03-20,2026-04-07,連續3日,9.84,3.96,,,-5.83,-18.75,-16.67,-23.13,-24.03
3189,景碩,大,2026,2026-03-20,2026-04-09,連續3日+當沖,4.92,1.30,✅,,-0.91,-16.43,-8.34,-18.38,1.49
6167,久正,小,2026,2026-03-20,2026-04-07,連續3日,-4.27,0.00,,,-4.78,-9.87,-10.19,-14.97,-14.74
6226,光鼎,小,2026,2026-03-20,2026-04-07,連續3日,9.74,1.71,,,1.37,-7.85,-15.02,-13.31,-24.94
6451,訊芯-KY,中,2026,2026-03-20,2026-04-07,連續3日,-2.51,2.94,,,0.92,6.62,22.06,8.82,18.04
6574,霈方,小,2026,2026-03-20,2026-04-07,連續3日,8.37,3.25,✅,,8.54,-0.41,-2.44,-11.38,-23.20
8240,華宏,小,2026,2026-03-20,2026-04-07,連續3日,0.00,-1.34,,,-6.04,-8.56,-14.93,-13.26,-7.32
2243,宏旭-KY,小,2026,2026-03-19,2026-04-02,連續3日,8.75,-6.34,✅,⭐,-3.90,-7.32,1.22,11.71,0.66
2337,旺宏,大,2026,2026-03-19,2026-04-02,10日6次,9.96,-2.79,,,9.41,3.48,-1.05,-10.80,-18.19
3260,威剛,大,2026,2026-03-19,2026-04-02,連續3日,9.90,1.88,,,9.95,-13.72,-15.18,-22.51,-31.50
3437,榮創,小,2026,2026-03-19,2026-04-02,連續3日,-3.85,0.00,,,10.00,-1.56,0.89,-4.89,-18.34
5351,鈺創,中,2026,2026-03-19,2026-04-02,連續3日,9.99,-2.71,,,-0.59,-12.15,-12.62,-16.27,-21.95
6103,合邦,小,2026,2026-03-19,2026-04-02,連續3日,-4.71,-3.13,,,-3.13,-7.97,-2.22,-6.36,-9.84
6727,亞泰金屬,小,2026,2026-03-18,2026-04-01,連續3日,2.09,0.17,✅,,-1.02,0.00,-13.48,2.39,11.88
3093,港建*,小,2026,2026-03-17,2026-03-31,連續3日,9.99,7.62,,,2.02,20.85,-2.02,-3.36,-0.80
4960,誠美材,中,2026,2026-03-17,2026-03-31,連續3日,9.89,6.07,,,2.35,1.37,-4.50,-2.15,-7.43
4973,廣穎,小,2026,2026-03-17,2026-03-31,連續3日,9.97,9.20,,,9.88,32.88,7.71,-13.26,-24.25
5289,宜鼎,大,2026,2026-03-17,2026-03-31,連續3日,4.43,9.91,✅,,9.91,25.94,2.36,-13.58,-27.65
8271,宇瞻,中,2026,2026-03-17,2026-03-31,連續3日,9.80,-2.36,,,-2.36,9.45,-11.02,-23.36,-30.46
2426,鼎元,中,2026,2026-03-16,2026-03-30,10日6次,9.55,1.92,,,1.77,13.29,3.40,6.94,1.24
3054,立萬利,小,2026,2026-03-13,2026-03-27,10日6次,9.87,-1.07,,,9.89,32.88,30.90,-2.28,-14.35
6715,嘉基,中,2026,2026-03-13,2026-03-27,10日6次,7.80,-2.96,✅,⭐,0.33,0.99,17.43,-8.88,12.43
2616,山隆,小,2026,2026-03-10,2026-03-24,連續3日,9.89,-0.84,,,-9.83,-23.85,-25.31,-27.41,-17.76
6230,尼得科超眾,中,2026,2026-03-09,2026-03-23,連續5日,3.11,-9.04,✅,⭐,-5.75,-5.75,-6.30,-5.21,-4.43
1815,富喬,大,2026,2026-03-06,2026-03-20,10日6次,4.35,-2.31,✅,⭐,-1.85,-6.94,-3.70,0.00,-4.13
6141,柏承,小,2026,2026-03-06,2026-03-20,10日6次,9.76,2.78,,,-0.28,-1.11,1.11,34.44,44.21
6877,鏵友益,小,2026,2026-03-06,2026-03-20,連續3日,-1.32,-4.00,,,-2.22,-12.44,-7.56,2.22,5.10
2367,燿華,中,2026,2026-03-05,2026-03-19,10日6次,-1.93,5.35,,,-1.55,-12.54,-2.54,4.23,2.79
2467,志聖,大,2026,2026-03-05,2026-03-19,連續3日,-5.93,7.26,,,9.59,-3.01,0.82,3.70,-7.48
4768,晶呈科技,中,2026,2026-03-05,2026-03-19,連續5日,-10.00,4.95,,,-0.33,-11.66,-3.08,-0.99,16.64
6830,汎銓,中,2026,2026-03-05,2026-03-19,連續3日,5.96,1.82,✅,,9.88,17.48,19.45,7.90,15.55
2338,光罩,中,2026,2026-03-04,2026-03-18,連續3日,-0.37,-3.15,,,-9.74,-2.04,-17.63,-7.24,14.96
3092,鴻碩,小,2026,2026-03-04,2026-03-18,連續3日,4.10,0.00,✅,⭐,1.36,-7.47,-15.76,-12.77,-9.20
3576,聯合再生,中,2026,2026-03-04,2026-03-18,連續3日,9.88,-2.43,,,-9.93,-15.54,-25.84,-10.11,6.09
8289,泰藝,小,2026,2026-03-04,2026-03-18,連續3日,4.52,-7.65,✅,⭐,-10.00,-11.36,-21.60,-14.69,3.62
2360,致茂,大,2026,2026-03-03,2026-03-17,10日6次,9.78,2.97,,,-7.92,-7.26,-18.15,-1.32,5.02
3037,欣興,大,2026,2026-03-03,2026-03-17,10日6次,-0.10,-0.83,,,-3.74,-6.44,-19.13,-0.21,16.92
3105,穩懋,大,2026,2026-03-03,2026-03-17,連續3日,-1.92,2.87,,,-1.66,-9.50,-18.85,-7.54,-10.33
4534,慶騰,小,2026,2026-03-03,2026-03-17,連續3日,5.42,-1.61,✅,⭐,-6.43,-5.79,-16.08,-5.79,-3.97
4577,達航科技,小,2026,2026-03-03,2026-03-17,連續3日,9.95,-3.37,,,-5.26,-10.53,-11.37,1.89,-0.02
4927,泰鼎-KY,中,2026,2026-03-03,2026-03-17,10日6次,-1.80,1.08,,,1.72,-0.86,-10.56,-5.28,4.62
4979,華星光,大,2026,2026-03-03,2026-03-17,連續5日,9.73,2.49,,,0.43,-13.51,-26.16,-16.22,-15.32
5291,邑昇,小,2026,2026-03-03,2026-03-17,連續3日,9.93,2.21,,,-6.64,-6.30,-6.81,-12.78,0.74
6187,萬潤,大,2026,2026-03-03,2026-03-17,連續3日,3.29,2.12,✅,,6.02,6.02,-6.02,10.44,13.33
6217,中探針,中,2026,2026-03-03,2026-03-17,連續3日,9.93,-2.43,,,-3.88,-1.94,-3.01,20.39,53.18
6861,睿生光電,小,2026,2026-03-03,2026-03-17,10日6次,9.65,10.00,,,10.00,22.00,8.40,42.00,14.19
7751,竑騰,中,2026,2026-03-03,2026-03-17,連續3日,5.76,3.11,✅,,-8.17,-5.45,-15.95,3.11,20.41
2455,全新,中,2026,2026-03-02,2026-03-16,10日6次,9.85,1.61,,,9.89,4.14,-0.23,1.84,-4.54
3363,上詮,大,2026,2026-03-02,2026-03-16,連續3日,1.18,-5.32,,,4.32,-7.14,-1.66,0.83,-0.04
3234,光環,中,2026,2026-02-26,2026-03-13,連續5日,7.71,-0.21,✅,⭐,2.56,2.24,-10.26,-20.94,-8.59
3529,力旺,大,2026,2026-02-26,2026-03-13,連續3日,4.19,0.60,✅,,1.81,-6.04,-2.41,-9.05,-2.33
6716,應廣,小,2026,2026-02-26,2026-03-13,連續3日,4.18,-1.84,✅,⭐,4.12,8.24,-9.76,-18.00,-22.23
6907,雅特力-KY,小,2026,2026-02-26,2026-03-13,連續3日,9.87,9.88,,,9.88,32.86,20.67,30.30,28.15
7744,崴寶,中,2026,2026-02-26,2026-03-13,連續3日,9.91,6.04,,,8.38,1.06,-2.65,-4.77,-7.99
3167,大量,中,2026,2026-02-24,2026-03-11,連續3日,2.39,-1.26,✅,⭐,5.04,6.83,4.32,4.68,10.26
7610,聯友金屬-創,中,2026,2026-02-24,2026-03-11,連續3日,4.20,-1.23,✅,⭐,-0.18,14.54,5.08,1.05,19.29
3230,錦明,小,2026,2026-02-23,2026-03-10,連續3日,9.65,-0.95,,,0.12,-3.57,8.09,2.62,-4.75
5386,青雲,小,2026,2026-02-11,2026-03-09,連續3日,7.81,-1.38,✅,🔒漲停買不到,10.00,32.76,47.59,48.28,78.95
6584,南俊國際,中,2026,2026-02-11,2026-03-09,連續5日,8.09,3.07,✅,,9.20,6.63,4.29,-9.82,-24.18
3508,位速,小,2026,2026-02-10,2026-03-06,連續3日,-6.86,1.23,,,1.69,13.19,11.20,17.79,18.80
4971,IET-KY,中,2026,2026-02-05,2026-03-05,連續5日,2.27,-2.46,✅,⭐,-5.05,-2.09,-1.23,10.84,10.02
6426,統新,小,2026,2026-02-05,2026-03-05,連續3日+當沖,-2.29,-2.34,,,-5.08,0.39,20.70,38.28,16.10
3555,博士旺,小,2026,2026-02-04,2026-03-02,連續3日,1.63,-5.60,,,-6.80,-14.80,-12.00,-5.60,9.09
6442,光聖,大,2026,2026-02-04,2026-03-02,10日6次,7.02,0.00,✅,⭐,1.64,-7.38,8.47,10.93,26.26
6588,東典光電,小,2026,2026-02-04,2026-03-02,連續3日,-3.93,-2.42,,,10.00,6.06,27.58,68.94,58.05
6683,雍智科技,中,2026,2026-02-04,2026-03-02,連續3日,9.95,-0.86,,,8.33,1.72,3.30,25.29,15.16
6446,藥華藥,大,2026,2026-02-03,2026-02-26,連續3日,-0.91,2.23,,,2.10,-3.80,-4.19,-7.08,-7.42
6739,竹陞科技,中,2026,2026-02-03,2026-02-26,連續3日,-6.53,2.25,,,-0.90,-1.01,-4.28,5.52,24.07
8096,擎亞,中,2026,2026-02-03,2026-02-26,連續3日,-4.06,4.51,,,0.96,-9.15,-11.07,-3.14,-3.74
9103,美德醫療-DR,小,2026,2026-02-02,2026-02-25,連續5日,2.90,-0.16,✅,⭐,-1.88,-6.57,-10.95,-19.41,-11.84
2486,一詮,中,2026,2026-01-30,2026-02-24,連續3日,-2.29,-3.12,,,0.00,0.78,10.94,14.06,11.36
1471,首利,小,2026,2026-01-29,2026-02-23,連續3日,-5.12,-2.88,,,-8.63,-14.75,-3.24,-12.59,-12.56
6949,沛爾生醫-創,大,2026,2026-01-29,2026-02-23,連續3日,9.16,5.36,,,4.46,7.32,10.71,22.32,12.46
7777,能率亞洲,小,2026,2026-01-29,2026-02-23,連續3日,9.90,3.86,,,6.82,-9.01,-1.42,-9.91,-14.09
2489,瑞軒,中,2026,2026-01-28,2026-02-11,連續5日,-2.69,-2.34,,,-4.88,-13.80,-9.34,-3.40,20.63
8021,尖點,中,2026,2026-01-26,2026-02-09,10日6次,-3.72,-2.15,,,-1.50,-0.64,-12.02,-8.58,-13.86
8933,愛地雅,小,2026,2026-01-26,2026-02-09,連續3日,-9.68,-2.05,,,-5.78,-10.96,-12.65,-10.60,-9.31
1802,台玻,大,2026,2026-01-23,2026-02-06,連續3日,-5.19,-2.34,,,-2.73,0.39,-2.73,-3.52,-4.77
4561,健椿,小,2026,2026-01-23,2026-02-06,連續3日,5.29,1.64,✅,,7.10,3.72,4.26,-1.09,-19.85
3432,台端,小,2026,2026-01-22,2026-02-05,連續3日,-7.33,5.36,,,-0.26,-8.93,-2.30,-12.76,-4.70
5340,建榮,中,2026,2026-01-22,2026-02-05,連續5日,0.49,0.98,,,-1.47,-9.02,-2.94,-4.90,12.08
8046,南電,大,2026,2026-01-22,2026-02-05,連續3日,5.71,3.74,✅,,2.63,2.49,9.70,1.94,6.93
1721,三晃,小,2026,2026-01-21,2026-02-04,連續3日,-5.44,-2.64,,,-6.00,-11.27,-6.24,-16.31,-6.73
5328,華容,小,2026,2026-01-21,2026-02-04,連續3日,7.69,0.00,✅,⭐,-7.44,-13.84,-14.73,-18.60,-17.08
2312,金寶,大,2026,2026-01-20,2026-02-03,連續3日,5.04,-1.69,✅,⭐,-1.27,-14.12,-23.45,-22.46,-26.54
2485,兆赫,中,2026,2026-01-20,2026-02-03,連續3日,5.36,-3.08,✅,⭐,-1.34,-7.36,0.40,9.24,11.31
3691,碩禾,中,2026,2026-01-20,2026-02-03,連續3日,6.11,2.47,✅,,3.29,-0.41,7.00,2.88,-7.93
8038,長園科,小,2026,2026-01-20,2026-02-03,10日6次,5.26,-1.03,✅,⭐,-0.86,-6.55,-7.24,-13.10,-17.49
3138,耀登,小,2026,2026-01-16,2026-01-30,10日6次,5.74,-2.24,✅,⭐,-2.24,7.03,11.82,14.06,15.98
8080,泰霖,小,2026,2026-01-16,2026-01-30,連續3日,9.90,0.00,,,-9.95,-14.24,-17.07,-20.73,-27.92
3693,營邦,中,2026,2026-01-15,2026-01-29,連續3日,1.37,-3.77,,,-3.64,-3.64,-10.78,-6.47,5.52
1789,神隆,中,2026,2026-01-14,2026-01-28,連續3日,2.11,-0.83,✅,⭐,0.41,8.70,16.98,5.59,4.80
4967,十銓,中,2026,2026-01-13,2026-01-27,10日6次,0.25,-0.25,,,-2.97,-2.72,7.67,1.98,26.17
2337,旺宏,大,2026,2026-01-12,2026-01-26,連續3日,-7.90,2.92,,,4.97,3.09,14.92,25.73,24.15
6116,彩晶,中,2026,2026-01-12,2026-01-26,連續3日,-9.87,-3.81,,,1.43,-7.33,-6.38,-5.81,-14.35
2344,華邦電,大,2026,2026-01-09,2026-01-27,連續5日+當沖,1.88,-4.61,,,-9.86,-8.02,-8.57,4.15,17.74
6770,力積電,大,2026,2026-01-09,2026-01-23,連續5日,0.91,-3.32,,,-4.33,2.11,3.32,37.36,22.80
3308,聯德,小,2026,2026-01-07,2026-01-21,連續3日,-5.26,-2.78,,,-2.31,-2.55,5.56,10.88,15.76
3481,群創,大,2026,2026-01-07,2026-01-21,連續3日,9.80,3.20,,,1.37,-8.47,3.66,21.74,22.22
5351,鈺創,中,2026,2026-01-07,2026-01-21,連續3日,2.45,0.32,✅,,-2.87,-4.30,-3.34,3.34,2.10
8299,群聯,大,2026,2026-01-07,2026-01-21,10日6次,9.86,8.67,,,3.72,0.93,9.60,17.03,13.37
3006,晶豪科,中,2026,2026-01-06,2026-01-20,10日6次,7.34,-2.52,✅,⭐,3.96,5.40,5.04,8.99,4.83
3264,欣銓,大,2026,2026-01-06,2026-01-20,連續3日,-0.79,-1.99,,,0.40,-3.59,4.38,11.55,30.60
8438,昶昕,小,2026,2026-01-06,2026-01-20,10日6次,7.27,-3.04,✅,⭐,-0.81,5.06,5.06,16.40,26.17
6265,方土昶,小,2026,2026-01-05,2026-01-19,連續3日,4.04,-1.35,✅,⭐,2.24,4.63,3.14,33.93,53.44
8068,全達,小,2026,2026-01-05,2026-01-19,連續3日,-2.94,-1.78,,,-4.63,-8.73,-8.20,-2.85,2.82
1528,恩德,小,2026,2026-01-02,2026-01-16,連續3日,2.81,-3.16,✅,⭐,-4.00,-8.00,-11.58,-6.74,23.99
2413,環科,小,2026,2026-01-02,2026-01-20,連續3日+當沖,-5.20,-1.75,,,1.10,-3.73,-7.13,1.21,5.17
3092,鴻碩,小,2026,2026-01-02,2026-01-16,連續3日,5.79,0.00,✅,⭐,4.69,0.78,11.33,15.43,-0.92
3260,威剛,大,2026,2026-01-02,2026-01-16,連續3日,7.29,-0.36,✅,⭐,0.36,3.40,2.33,-4.47,4.63
3444,利機,小,2026,2026-01-02,2026-01-16,連續3日,1.36,-0.94,,,-0.13,-4.97,-1.34,0.40,2.06
3701,大眾控,中,2026,2026-01-02,2026-01-16,連續5日,1.49,-1.10,,,-4.41,-9.28,-6.99,-3.49,8.49
6205,詮欣,小,2026,2026-01-02,2026-01-16,連續3日,5.98,-2.74,✅,⭐,-1.61,-3.39,-3.06,-0.65,-5.60
3354,律勝,小,2025,2025-12-31,2026-01-15,連續3日,-5.30,0.00,,,-2.71,-6.78,-8.14,-2.54,11.84
5498,凱崴,小,2025,2025-12-31,2026-01-19,連續3日,5.87,-2.03,✅,⭐,-6.84,-3.14,-4.81,-0.55,42.50
6788,華景電,中,2025,2025-12-23,2026-01-08,連續3日,4.18,-1.78,✅,⭐,-0.45,3.27,8.92,13.67,1.73
4768,晶呈科技,中,2025,2025-12-22,2026-01-07,連續5日,1.01,0.17,,,2.17,17.06,25.42,30.60,40.23
4971,IET-KY,中,2025,2025-12-22,2026-01-07,10日6次,0.34,-2.04,,,-1.19,0.34,0.51,5.78,1.54
3229,晟鈦,小,2025,2025-12-18,2026-01-05,10日6次,-7.07,-5.19,,,-6.68,0.19,0.93,4.64,3.22
3491,昇達科,中,2025,2025-12-18,2026-01-05,10日6次,0.00,-1.30,,,-3.91,3.42,11.89,13.36,29.47
5521,工信,中,2025,2025-12-18,2026-01-05,連續3日,-1.35,-0.68,,,-4.33,4.10,13.90,0.68,4.17
2349,錸德,中,2025,2025-12-17,2026-01-02,連續5日,4.85,-6.79,✅,⭐,-9.88,-13.58,-7.41,-7.10,1.36
6443,元晶,中,2025,2025-12-17,2026-01-02,連續3日,9.93,9.89,,,-0.65,-2.80,15.27,19.14,19.77
7717,萊德光電-KY,小,2025,2025-12-17,2026-01-02,連續3日,9.94,-2.54,,,-9.89,-11.58,3.11,14.41,21.74
3163,波若威,中,2025,2025-12-16,2026-01-05,連續5日,-2.76,-1.16,,,-9.92,-12.24,-2.71,0.77,12.95
4542,科嶠,小,2025,2025-12-16,2025-12-31,連續3日,4.78,-2.79,✅,⭐,1.77,2.28,4.56,19.77,9.11
8111,立碁,小,2025,2025-12-11,2025-12-26,10日6次,1.28,0.00,,,-3.22,-1.82,-3.36,2.94,9.34
2408,南亞科,大,2025,2025-12-08,2025-12-22,10日6次,1.32,1.96,,,6.86,1.96,5.88,7.52,9.73
2491,吉祥全,小,2025,2025-12-05,2025-12-19,連續3日,4.51,0.00,✅,⭐,-5.04,1.92,-5.28,3.12,14.79
3363,上詮,中,2025,2025-12-05,2025-12-19,10日6次,-2.75,-0.12,,,0.12,-0.86,0.37,1.11,-0.36
3685,元創精密,小,2025,2025-12-05,2025-12-19,10日6次,3.94,-0.37,✅,⭐,-1.71,-1.35,-1.84,0.61,5.12
4931,新盛力,中,2025,2025-12-05,2025-12-23,連續5日,4.85,-2.31,✅,⭐,-3.47,-4.05,4.05,-0.87,6.23
6163,華電網,小,2025,2025-12-05,2025-12-23,連續3日,-5.46,-1.93,,,-1.59,-0.45,3.96,3.17,30.60
7728,光焱科技,小,2025,2025-12-05,2025-12-19,連續3日,5.86,-2.02,✅,⭐,-3.51,-1.49,1.28,0.53,-6.31
7751,竑騰,中,2025,2025-12-05,2025-12-19,連續3日,0.66,-0.99,,,-1.49,9.74,2.48,4.46,6.51
6624,萬年清,小,2025,2025-12-03,2025-12-17,連續3日,9.53,0.00,,,3.75,-0.17,9.73,16.04,0.79
6442,光聖,大,2025,2025-12-01,2025-12-17,連續5日+當沖,-5.18,0.84,,,-0.84,5.04,-0.42,5.04,2.61
6465,威潤,小,2025,2025-12-01,2025-12-15,連續3日,-6.12,0.00,,,-1.30,11.52,11.30,23.26,64.40
4577,達航科技,小,2025,2025-11-28,2025-12-12,連續3日,-4.70,-0.73,,,-0.55,-2.74,-1.09,2.55,3.13
6584,南俊國際,中,2025,2025-11-20,2025-12-04,10日6次,-3.81,0.99,,,2.83,-1.70,-0.85,3.96,-1.73
6155,鈞寶,小,2025,2025-11-19,2025-12-03,連續3日,2.79,-2.98,✅,⭐,-5.83,-4.07,-8.40,1.36,26.41
5340,建榮,中,2025,2025-11-18,2025-12-02,連續3日,-1.76,-3.13,,,-9.25,-2.09,-9.55,-10.60,10.00
6265,方土昶,小,2025,2025-11-17,2025-12-01,連續3日,7.46,2.87,✅,,-4.55,-11.00,-22.25,-17.70,-12.39
2451,創見,大,2025,2025-11-14,2025-11-28,連續3日,9.92,-4.63,,,-9.26,-7.41,-6.48,-12.50,-6.99
8110,華東,中,2025,2025-11-14,2025-11-28,連續3日,9.92,-4.99,,,-9.74,-15.68,-14.96,-14.96,-3.12
4991,環宇-KY,中,2025,2025-11-07,2025-11-25,連續5日,-3.54,-1.53,,,-2.45,-0.31,2.75,-2.14,3.09
1519,華城,大,2025,2025-11-06,2025-11-20,10日6次,1.68,0.00,,,-2.55,-1.91,-2.55,-5.99,-3.76
2515,中工,中,2025,2025-11-05,2025-11-19,連續5日,2.56,2.49,✅,,2.49,5.92,3.74,2.80,-7.65
3163,波若威,中,2025,2025-11-04,2025-11-20,連續5日,-0.21,-0.21,,,-6.44,-7.07,-6.03,-3.33,5.64
4171,瑞基,小,2025,2025-10-31,2025-11-14,連續3日,-9.43,-0.21,,,3.12,-5.83,-10.21,-7.92,-19.35
3693,營邦,中,2025,2025-10-30,2025-11-13,連續3日,2.23,-0.68,✅,⭐,1.23,3.83,0.27,-8.33,-8.72
6727,亞泰金屬,小,2025,2025-10-29,2025-11-12,10日6次,2.23,1.36,✅,,0.00,-1.91,-0.82,-0.27,-12.35
8043,蜜望實,小,2025,2025-10-28,2025-11-13,連續3日,4.43,-3.14,✅,⭐,-5.54,-10.89,-10.61,-10.61,13.71
4764,雙鍵,小,2025,2025-10-27,2025-11-10,連續3日,9.94,6.89,,,9.90,9.04,5.45,1.43,-17.33
8103,瀚荃,小,2025,2025-10-23,2025-11-07,10日6次,5.87,-2.46,✅,⭐,-1.11,-6.90,-4.80,-1.60,-11.81
2344,華邦電,大,2025,2025-10-21,2025-11-05,10日6次,5.46,-1.40,✅,⭐,-3.78,-0.11,16.50,16.94,25.20
8358,金居,大,2025,2025-10-21,2025-11-05,10日6次,6.01,0.23,✅,,-1.81,-5.22,2.27,6.35,6.80
8271,宇瞻,中,2025,2025-10-20,2025-11-04,連續3日,0.89,-1.32,,,-4.85,-4.85,1.32,-7.93,-12.02
8996,高力,中,2025,2025-10-20,2025-11-04,10日6次,-1.27,0.37,,,-2.58,-4.24,-1.84,12.34,21.38
5468,凱鈺,小,2025,2025-10-17,2025-11-03,連續3日,-2.68,-0.92,,,0.92,-13.07,-22.94,-12.84,-22.18
6499,益安,中,2025,2025-10-17,2025-11-03,連續3日,-2.33,-1.19,,,0.40,-2.78,-10.32,-18.25,-21.31
4967,十銓,中,2025,2025-10-16,2025-11-04,連續3日+當沖,3.72,-1.99,✅,🚫當沖條款,3.59,1.99,2.39,3.59,-3.05
8067,志旭,小,2025,2025-10-16,2025-10-31,連續3日,2.74,-1.78,✅,⭐,-4.73,-8.88,-12.13,-12.72,-7.81
8472,夠麻吉,小,2025,2025-10-16,2025-10-31,10日6次,0.95,-3.98,,,-2.69,-3.75,-3.40,-1.64,-6.73
3709,鑫聯大投控,小,2025,2025-10-14,2025-10-29,連續3日,-5.88,1.18,,,-1.18,-10.14,-14.86,-14.86,-24.29
4768,晶呈科技,中,2025,2025-10-14,2025-10-29,連續3日,-0.76,2.69,,,-4.23,-2.12,2.69,-0.38,4.46
4989,榮科,小,2025,2025-10-14,2025-10-29,連續3日,6.52,-1.44,✅,⭐,-9.96,-14.77,-12.36,-18.97,12.84
8047,星雲,小,2025,2025-10-13,2025-10-28,連續3日,0.18,-3.68,,,9.94,20.81,46.04,79.37,44.87
3581,博磊,小,2025,2025-10-08,2025-10-23,連續3日,9.09,-4.39,,,-4.55,-3.03,-3.03,1.21,-6.71
6785,昱展新藥,中,2025,2025-10-08,2025-10-23,連續3日,-3.55,-1.47,,,0.00,2.02,2.94,6.62,-0.72
3430,奇鈦科,小,2025,2025-10-07,2025-10-27,連續5日,-3.41,-0.76,,,-3.03,-0.76,-8.33,-2.65,3.29
3555,博士旺,小,2025,2025-10-07,2025-10-22,連續3日,-3.86,3.16,,,-0.57,-0.86,2.58,28.69,13.06
3628,盈正,小,2025,2025-10-07,2025-10-22,連續5日,3.95,-3.01,✅,⭐,-3.80,-6.41,-1.83,-6.02,6.31
1795,美時,大,2025,2025-10-02,2025-10-20,連續3日,-1.54,0.98,,,3.33,8.81,8.41,10.37,5.32
6127,九豪,小,2025,2025-09-30,2025-10-16,連續3日,-0.75,-3.58,,,-5.47,-9.62,-7.17,-13.58,-2.95
2408,南亞科,大,2025,2025-09-23,2025-10-09,連續3日,2.02,0.00,✅,⭐,0.25,-5.20,-9.65,2.72,21.25
6488,環球晶,大,2025,2025-09-23,2025-10-09,連續3日,1.19,0.78,,,-1.96,-4.31,-8.71,-4.11,-1.45
2342,茂矽,小,2025,2025-09-22,2025-10-13,連續3日+當沖,-2.62,-2.69,,,-6.29,-0.45,-7.49,-5.54,-1.79
8299,群聯,大,2025,2025-09-17,2025-10-02,連續3日,3.61,1.31,✅,,0.00,4.94,3.20,-6.69,15.34
3323,加百裕,小,2025,2025-09-15,2025-10-02,連續3日,-4.79,-2.05,,,-5.77,-9.40,-10.99,-3.17,0.43
7714,創泓科技,小,2025,2025-09-12,2025-09-26,連續3日,9.94,-1.75,,,-5.25,-11.08,-12.24,-11.08,-14.82
3313,斐成,小,2025,2025-09-11,2025-09-25,連續3日,-3.19,-1.10,,,-4.40,-2.20,-3.30,-3.30,2.52
3167,大量,中,2025,2025-09-10,2025-09-24,10日6次,3.11,0.00,✅,⭐,-2.76,-4.77,-6.53,-6.78,1.45
5314,世紀*,中,2025,2025-09-10,2025-09-24,連續3日,-3.83,-2.21,,,-0.44,3.10,4.42,2.65,13.42
5438,東友,小,2025,2025-09-08,2025-09-22,連續3日,-2.84,-1.55,,,-5.34,2.75,-2.41,0.52,-5.45
6515,穎崴,大,2025,2025-09-04,2025-09-18,連續3日,1.95,2.88,,,1.60,9.90,11.18,1.92,17.57
6735,美達科技,小,2025,2025-09-04,2025-09-18,連續3日,2.31,0.00,✅,⭐,8.60,7.62,12.69,10.30,9.25
7703,銳澤,小,2025,2025-09-04,2025-09-18,連續3日,0.35,-3.50,,,-6.13,-4.73,-1.58,-9.98,-3.16
3048,益登,中,2025,2025-09-02,2025-09-16,連續3日,9.93,-0.12,,,7.02,1.90,0.59,4.16,-8.69
6584,南俊國際,中,2025,2025-09-02,2025-09-16,連續3日,-2.26,1.35,,,-5.78,-3.66,-5.20,-3.28,-5.47
3219,倚強科,小,2025,2025-09-01,2025-09-15,連續3日,3.35,0.46,✅,,-7.41,-3.70,-3.70,1.39,-5.66
4760,勤凱,小,2025,2025-09-01,2025-09-15,連續3日,-1.03,-1.04,,,-7.77,-7.77,-10.10,-2.07,-10.75
4772,台特化,中,2025,2025-09-01,2025-09-15,10日6次,1.04,-0.51,,,-3.25,-0.68,1.03,13.87,17.52
4931,新盛力,中,2025,2025-09-01,2025-09-15,10日6次,-1.46,-2.37,,,-5.34,-10.39,-4.15,1.19,-4.43
7402,邑錡,小,2025,2025-09-01,2025-09-17,連續5日,-2.27,1.55,,,-8.53,-3.88,15.89,24.81,25.49
3685,元創精密,小,2025,2025-08-27,2025-09-10,連續3日,4.96,4.44,✅,,0.28,15.28,26.94,35.56,44.52
8201,無敵,小,2025,2025-08-27,2025-09-10,連續3日,6.42,3.67,✅,,-4.46,-5.51,-10.76,-9.19,-0.91
6213,聯茂,中,2025,2025-08-22,2025-09-05,連續5日,2.33,-2.66,✅,⭐,-7.60,-6.46,-4.94,-5.70,-0.36
4722,國精化,中,2025,2025-08-21,2025-09-04,連續3日,9.81,-1.28,,,-2.13,9.36,21.70,21.28,13.56
4768,晶呈科技,小,2025,2025-08-21,2025-09-04,連續3日,-2.70,-0.35,,,3.47,1.39,4.17,9.72,6.35
6733,博晟生醫,小,2025,2025-08-21,2025-09-04,連續3日,-3.08,-0.24,,,-2.32,-0.49,12.96,12.22,15.29
1717,長興,中,2025,2025-08-20,2025-09-03,連續3日,-0.24,0.47,,,-3.55,-5.32,1.18,3.55,7.98
1802,台玻,大,2025,2025-08-20,2025-09-05,連續3日+當沖,-3.88,-4.73,,,-9.87,-10.85,-7.09,-1.81,-15.02
6418,詠昇,小,2025,2025-08-20,2025-09-03,連續3日,-5.00,-3.76,,,-6.77,-2.71,-3.16,-0.45,28.35
1815,富喬,中,2025,2025-08-19,2025-09-02,連續3日,2.53,-2.10,✅,⭐,-9.89,-12.11,-15.57,-13.47,-11.33
2630,亞航,中,2025,2025-08-19,2025-09-04,連續5日+當沖,3.28,-1.59,✅,🚫當沖條款,-8.25,-10.16,-5.56,-0.48,19.71
3071,協禧,小,2025,2025-08-19,2025-09-02,連續3日,4.74,-1.89,✅,⭐,-2.45,-2.64,-0.75,-0.57,5.45
3363,上詮,中,2025,2025-08-19,2025-09-02,連續5日,0.70,1.94,,,-0.69,-4.31,-2.64,0.00,2.02
3694,海華,中,2025,2025-08-19,2025-09-04,連續3日+當沖,9.99,3.65,,,8.56,-1.25,4.18,4.38,-13.82
4577,達航科技,小,2025,2025-08-19,2025-09-02,10日6次,10.00,3.19,,,-6.63,-12.41,-18.67,-15.36,-22.46
6283,淳安,小,2025,2025-08-19,2025-09-02,連續3日,-1.36,-1.04,,,-5.01,-7.08,-6.22,6.56,0.19
8358,金居,中,2025,2025-08-19,2025-09-02,連續3日,9.82,1.36,,,-8.94,-3.52,7.59,10.30,27.92
3555,博士旺,小,2025,2025-08-18,2025-09-01,連續3日,0.00,2.66,,,-1.99,14.95,2.99,-0.83,-7.65
5475,德宏,小,2025,2025-08-15,2025-08-29,連續5日,9.93,-2.36,,,1.64,2.46,-8.62,-14.78,-7.93
6215,和椿,中,2025,2025-08-15,2025-09-02,連續5日+當沖,-2.88,0.33,,,-0.99,-2.63,-11.51,-6.58,-13.98
6895,宏碩系統,小,2025,2025-08-14,2025-08-28,連續3日,-3.48,1.06,,,7.01,14.23,13.59,22.29,8.17
8935,邦泰,小,2025,2025-08-14,2025-08-28,連續3日,8.97,-3.38,✅,⭐,-8.02,-5.06,-15.19,-2.11,11.80
2406,國碩,小,2025,2025-08-12,2025-08-26,連續3日,9.76,-0.48,,,5.77,2.16,23.32,17.55,2.82
2493,揚博,中,2025,2025-08-12,2025-08-26,連續3日,-4.24,1.85,,,0.37,-2.58,4.80,11.07,13.98
6129,普誠,小,2025,2025-08-11,2025-08-25,連續3日,0.36,0.36,,,-0.72,-1.08,8.63,14.75,12.32
6727,亞泰金屬,小,2025,2025-08-11,2025-08-25,連續3日,9.72,9.70,,,9.70,27.00,47.26,43.46,38.10
8021,尖點,中,2025,2025-08-11,2025-08-25,10日6次,5.76,-1.94,✅,⭐,-1.33,6.54,11.38,7.99,11.67
8038,長園科,小,2025,2025-08-11,2025-08-25,連續5日,-4.28,0.91,,,-0.71,6.71,4.88,-1.02,16.74
3623,富晶通,小,2025,2025-08-07,2025-08-21,連續3日,0.61,-0.20,,,1.01,-1.42,0.20,10.95,-3.37
6949,沛爾生醫-創,大,2025,2025-08-07,2025-08-21,連續3日,9.96,9.95,,,9.95,27.89,26.29,21.14,14.51
2429,銘旺科,小,2025,2025-08-05,2025-08-21,連續5日+當沖,-1.45,-1.02,,,-4.19,-7.24,-4.98,-9.28,-12.16
3230,錦明,小,2025,2025-08-01,2025-08-15,連續3日,3.76,-2.07,✅,⭐,2.07,6.63,5.80,13.66,18.30
6928,攸泰科技,小,2025,2025-08-01,2025-08-19,連續3日+當沖,-0.55,-2.48,,,-2.07,-1.10,-5.24,-3.86,-6.27
8033,雷虎,中,2025,2025-08-01,2025-08-19,連續5日+當沖,0.31,-2.51,,,1.57,6.69,9.83,15.59,29.41
8045,達運光電,中,2025,2025-08-01,2025-08-15,連續3日,1.43,-1.41,,,2.82,1.41,7.04,2.35,10.15
6291,沛亨,小,2025,2025-07-30,2025-08-13,連續3日,-1.89,0.00,,,5.02,17.37,8.11,5.41,7.73
4989,榮科,小,2025,2025-07-25,2025-08-08,連續3日,2.17,0.00,✅,⭐,-3.83,-3.40,0.85,2.55,7.39
6442,光聖,中,2025,2025-07-25,2025-08-12,連續3日+當沖,9.79,-0.49,,,-2.43,-3.57,-1.13,-3.89,10.27
8210,勤誠,大,2025,2025-07-21,2025-08-04,10日6次,0.56,-1.11,,,-0.37,-2.95,-2.21,-6.46,-12.12
8472,夠麻吉,小,2025,2025-07-21,2025-08-04,連續3日,9.90,9.91,,,9.91,-2.30,-0.90,0.10,20.77
1595,川寶,小,2025,2025-07-18,2025-08-05,連續3日,0.25,1.72,,,-3.20,-4.43,-1.85,-3.57,1.17
6933,AMAX-KY,小,2025,2025-07-18,2025-08-01,連續3日,9.85,9.80,,,9.80,21.29,22.13,23.25,12.91
3708,上緯投控,小,2025,2025-07-17,2025-08-04,連續3日+當沖,-2.91,1.34,,,2.68,2.99,11.46,18.68,21.25
4991,環宇-KY,中,2025,2025-07-17,2025-08-04,連續5日,3.85,-1.23,✅,⭐,-5.25,-5.86,-13.58,-2.47,4.20
5314,世紀*,中,2025,2025-07-16,2025-08-01,連續3日,-2.83,-0.58,,,-0.87,0.44,7.71,9.17,21.08
8499,鼎炫-KY,中,2025,2025-07-16,2025-07-30,10日6次,0.83,1.64,,,5.33,19.26,7.99,9.84,7.04
5245,智晶,小,2025,2025-07-14,2025-07-28,連續3日,5.35,-1.04,✅,⭐,-0.45,-2.39,-1.04,-3.13,-8.30
3577,泓格,小,2025,2025-07-07,2025-07-21,連續3日,0.24,1.18,,,0.94,9.43,9.08,8.49,22.89
8227,巨有科技,小,2025,2025-07-07,2025-07-23,連續5日,-6.54,0.58,,,-0.29,-0.87,0.29,-1.75,-1.82
3122,笙泉,小,2025,2025-07-02,2025-07-16,連續3日,-5.89,-0.37,,,9.94,4.79,11.60,6.26,-4.04
3040,遠見,小,2025,2025-06-26,2025-07-10,10日6次,2.09,-1.26,✅,⭐,0.16,9.62,10.41,-2.21,0.43
6739,竹陞科技,小,2025,2025-06-26,2025-07-14,連續3日,3.49,3.37,✅,,1.17,-3.89,-5.70,4.53,-6.25
6895,宏碩系統,小,2025,2025-06-26,2025-07-10,連續3日,-3.24,-2.23,,,0.00,0.56,3.35,-1.96,12.49
7642,昶瑞機電,小,2025,2025-06-18,2025-07-02,連續3日,-1.17,-3.15,,,-2.36,-10.24,-7.87,0.00,-6.81
6276,安鈦克,小,2025,2025-06-11,2025-06-27,連續5日,-6.73,-1.44,,,-6.73,-8.33,-9.46,-1.76,2.74
6885,全福生技,小,2025,2025-06-10,2025-06-24,10日6次,3.50,1.03,✅,,-4.85,-2.35,-2.20,10.28,16.93
4168,醣聯,小,2025,2025-06-06,2025-06-20,連續3日,-0.18,0.00,,,-5.97,-7.05,-4.16,3.62,7.53
6593,台灣銘板,小,2025,2025-06-03,2025-06-19,連續3日,9.89,7.88,,,-0.84,-9.00,-6.05,-7.45,-2.63
3294,英濟,小,2025,2025-06-02,2025-06-18,連續3日,2.29,-2.11,✅,⭐,-6.32,-1.32,-4.87,-5.39,18.18
6574,霈方,小,2025,2025-06-02,2025-06-16,連續3日,-9.95,-6.35,,,-9.02,9.91,18.81,6.73,18.22
9902,台火,小,2025,2025-06-02,2025-06-16,10日6次,-4.01,-2.55,,,-6.26,-8.35,-4.41,-7.89,-7.54
5475,德宏,小,2025,2025-05-29,2025-06-13,連續3日,2.38,1.16,✅,,0.29,4.65,13.08,16.28,21.09
3297,杭特,小,2025,2025-05-28,2025-06-16,連續3日,1.95,-1.58,,,-8.78,-12.16,-11.26,-12.16,5.57
1419,新紡,中,2025,2025-05-26,2025-06-10,10日6次,9.91,4.85,,,9.96,2.69,-7.13,-8.88,-18.10
3205,佰研,小,2025,2025-05-22,2025-06-06,連續3日,9.96,9.94,,,4.78,3.65,6.16,14.72,1.08
6591,動力-KY,小,2025,2025-05-20,2025-06-04,10日6次,0.00,0.68,,,2.05,10.82,2.74,2.74,-3.18
8038,長園科,小,2025,2025-05-20,2025-06-04,連續3日,2.25,1.02,✅,,-1.69,-2.71,4.75,1.69,-1.22
9103,美德醫療-DR,小,2025,2025-05-20,2025-06-04,10日6次,9.94,9.39,,,-4.17,-4.70,-2.96,7.65,8.72
4554,橙的,小,2025,2025-05-19,2025-06-03,連續3日,-0.93,-0.23,,,9.71,15.79,5.03,-9.82,-21.47
6442,光聖,中,2025,2025-05-16,2025-06-02,10日6次,0.86,0.21,,,-2.67,-5.13,-3.74,-2.67,-8.38
6499,益安,小,2025,2025-05-15,2025-05-29,連續3日,6.11,-1.13,✅,⭐,0.75,1.38,22.15,40.18,40.02
6596,寬宏藝術,小,2025,2025-05-15,2025-05-29,連續3日,-0.42,1.68,,,-0.42,-0.84,12.61,10.08,5.97
3073,天方能源,小,2025,2025-05-08,2025-05-26,連續3日,-4.85,3.06,,,3.88,9.80,4.90,15.71,0.23
4946,辣椒,小,2025,2025-05-07,2025-05-21,連續3日,7.42,-4.01,✅,⭐,-5.57,-9.35,-9.58,-15.14,10.02
6441,廣錠,小,2025,2025-05-07,2025-05-21,連續3日,0.00,-1.60,,,-3.67,-6.55,-5.59,-7.35,7.27
7714,創泓科技,小,2025,2025-05-05,2025-05-19,連續3日,0.00,-2.72,,,-1.36,-4.08,-3.74,-10.54,-17.94
3147,大綜,中,2025,2025-04-29,2025-05-16,連續3日,4.07,-0.34,✅,⭐,-1.36,-0.17,-4.76,-7.82,-19.32
3709,鑫聯大投控,小,2025,2025-04-29,2025-05-14,連續3日,1.47,-2.99,,,-3.20,-2.68,-4.23,0.10,-6.65
6916,華凌,小,2025,2025-04-22,2025-05-07,10日6次,9.86,3.30,,,-4.76,-5.49,-2.01,-5.13,10.03
6560,欣普羅,小,2025,2025-04-21,2025-05-06,連續3日,9.89,0.15,,,-2.47,-8.27,8.56,1.89,4.55
3434,哲固,小,2025,2025-04-18,2025-05-05,連續3日,-9.91,3.56,,,7.77,-4.53,1.78,18.12,-1.71
6228,全譜,小,2025,2025-04-18,2025-05-05,連續3日,-10.00,-0.90,,,1.50,-15.22,-4.50,3.10,-4.60
3297,杭特,小,2025,2025-04-15,2025-05-02,連續3日,9.98,-2.49,,,-0.44,-7.17,-8.05,-3.51,5.53
2468,華經,小,2025,2025-03-28,2025-04-17,連續3日+當沖,1.59,-1.25,,,-9.87,-15.36,-26.65,-26.96,1.03
4949,有成精密,小,2025,2025-03-28,2025-04-15,連續5日,-8.19,-3.46,,,-8.66,3.86,-7.86,-8.79,3.87
6140,訊達,小,2025,2025-03-28,2025-04-17,連續3日,-1.37,-0.81,,,-9.34,-16.72,-24.45,-28.14,2.82
8033,雷虎,中,2025,2025-03-26,2025-04-15,連續5日+當沖,1.95,-0.41,,,-3.68,-6.68,-8.32,-25.92,-13.81
6130,上亞科技,小,2025,2025-03-24,2025-04-09,連續3日,10.00,9.92,,,6.89,4.68,5.23,-3.58,-34.51
8111,立碁,小,2025,2025-03-24,2025-04-11,連續3日,-2.18,-1.04,,,-6.08,-10.53,-16.91,-25.22,-41.75
8088,品安,小,2025,2025-03-21,2025-04-10,連續5日,0.57,0.00,,,-4.86,-9.14,-10.00,-18.00,-29.64
6227,茂綸,中,2025,2025-03-20,2025-04-09,連續3日,1.18,1.16,,,4.26,-0.39,-3.49,-23.18,-44.45
3528,安馳,小,2025,2025-03-17,2025-04-02,連續3日+當沖,9.88,3.84,,,5.04,4.32,-0.36,-2.40,-11.43
4534,慶騰,小,2025,2025-02-27,2025-03-14,連續3日,3.21,-0.66,✅,⭐,-3.61,-5.08,-5.90,-15.25,2.53
6276,安鈦克,小,2025,2025-02-19,2025-03-06,連續3日,-2.09,3.02,,,2.76,0.50,3.27,1.76,-4.51
8234,新漢,中,2025,2025-02-18,2025-03-07,連續5日,9.89,2.39,,,2.51,3.30,19.59,4.21,0.31
2438,翔耀,小,2025,2025-02-17,2025-03-04,連續3日,-7.86,-0.27,,,-1.07,1.20,0.00,-1.07,-8.17
6854,錼創科技-KY創,中,2025,2025-02-17,2025-03-04,其他,-1.72,1.17,,,0.00,-0.39,-3.70,-2.72,-16.31
4971,IET-KY,小,2025,2025-02-14,2025-03-03,連續3日,9.33,-0.30,,,1.52,3.05,7.93,10.98,1.14
6739,竹陞科技,小,2025,2025-02-14,2025-03-03,連續3日,-1.11,3.36,,,7.09,15.30,18.84,22.95,2.43
4946,辣椒,小,2025,2025-02-13,2025-02-27,連續3日,9.88,0.00,,,7.95,-0.90,7.35,11.99,2.42
6113,亞矽,小,2025,2025-02-13,2025-02-27,連續3日,-4.96,0.00,,,4.31,2.04,3.85,6.12,-8.18
6215,和椿,中,2025,2025-02-12,2025-03-03,連續5日+當沖,0.00,-0.36,,,-6.14,-6.14,-3.25,-5.05,-12.66
3349,寶德,小,2025,2025-02-11,2025-02-25,連續3日,-0.66,0.00,,,-2.22,-5.33,0.44,-7.56,-12.63
4154,樂威科-KY,小,2025,2025-02-11,2025-02-25,連續3日,3.32,1.23,✅,,4.20,13.83,9.63,4.69,-7.47
6148,驊宏資,小,2025,2025-02-11,2025-02-27,連續3日,-3.75,-0.91,,,-2.99,1.04,-0.78,2.73,3.40
8096,擎亞,小,2025,2025-02-10,2025-02-24,連續3日,7.14,1.85,✅,,0.56,19.44,31.48,46.11,44.03
6485,點序,小,2025,2025-02-07,2025-02-21,連續3日,-1.45,0.00,,,0.33,17.84,24.39,25.70,28.03
6558,興能高,小,2025,2025-02-05,2025-02-19,10日6次,1.68,-0.99,,,-5.79,-3.15,-6.29,-7.95,9.66
3379,彬台,小,2025,2025-01-21,2025-02-17,連續3日,0.51,-1.71,,,-3.07,-8.02,-7.51,-7.85,1.40
4772,台特化,中,2025,2025-01-20,2025-02-12,連續3日,0.00,1.22,,,9.98,7.54,-0.41,0.20,-17.95
6547,高端疫苗,中,2025,2025-01-16,2025-02-10,連續3日,-1.69,-0.50,,,-3.94,0.91,-1.01,0.91,1.85
8045,達運光電,小,2025,2025-01-13,2025-02-05,連續3日,-1.71,-2.61,,,-8.70,-4.35,3.04,1.74,27.74
6477,安集,小,2025,2025-01-10,2025-02-06,連續3日+當沖,-4.80,-1.55,,,-2.46,-1.68,1.81,2.98,3.62
8937,合騏,大,2025,2025-01-07,2025-01-21,10日6次,6.21,0.92,✅,,4.62,2.46,-6.15,1.54,-1.24
8033,雷虎,中,2025,2025-01-06,2025-01-20,10日6次,-0.43,0.29,,,-4.37,-4.51,-9.02,-3.93,2.38
9136,巨騰-DR,小,2024,2024-12-30,2025-01-14,連續5日,2.64,0.45,✅,,-1.51,-1.51,-2.11,-1.96,-0.97
6922,宸曜,小,2024,2024-12-27,2025-01-13,連續3日,-5.59,0.00,,,0.00,-2.37,-8.77,-1.42,-16.94
2250,IKKA-KY,小,2024,2024-12-26,2025-01-10,10日6次,4.98,-1.09,✅,⭐,-1.82,-1.09,-2.19,-9.49,-16.71
2466,冠西電,中,2024,2024-12-25,2025-01-09,連續3日,9.95,3.29,,,9.87,14.80,15.13,20.72,17.61
4571,鈞興-KY,中,2024,2024-12-24,2025-01-10,連續3日+當沖,0.60,-0.39,,,3.16,2.96,1.78,-3.75,-20.05
3019,亞光,中,2024,2024-12-23,2025-01-09,連續3日+當沖,-0.61,0.31,,,3.06,13.15,11.31,8.87,-8.07
4540,全球傳動,小,2024,2024-12-19,2025-01-07,連續5日+當沖,3.40,-3.29,✅,🚫當沖條款,-0.87,-3.11,4.84,8.65,1.39
6426,統新,小,2024,2024-12-10,2024-12-24,連續3日,0.00,-0.92,,,-3.23,-12.07,-16.41,-23.23,-22.55
6104,創惟,中,2024,2024-12-06,2024-12-24,連續5日,4.09,-1.12,✅,⭐,1.69,-4.49,-3.65,-8.99,-6.71
3597,映興,小,2024,2024-11-28,2024-12-12,連續3日,-0.78,-0.98,,,-2.95,-1.38,2.16,-9.82,-20.09
1569,濱川,小,2024,2024-11-27,2024-12-13,連續3日,2.40,-1.41,✅,⭐,-3.59,1.41,-1.41,-0.78,-3.11
5314,世紀,大,2024,2024-11-27,2024-12-11,連續3日,3.63,0.00,✅,⭐,-2.70,7.41,18.06,19.00,27.90
3625,西勝,小,2024,2024-11-22,2024-12-06,連續3日,7.62,-3.24,✅,⭐,-6.19,-7.67,-12.39,15.04,28.26
4931,新盛力,小,2024,2024-11-18,2024-12-04,連續3日,-2.89,-1.27,,,-0.85,2.87,11.04,21.02,51.89
3211,順達,中,2024,2024-11-15,2024-11-29,連續3日,-4.44,-1.00,,,-0.33,2.99,17.61,19.27,31.64
6781,AES-KY,大,2024,2024-11-13,2024-11-27,10日6次,-0.27,1.51,,,4.53,6.04,14.84,16.76,4.77
8047,星雲,小,2024,2024-11-07,2024-11-21,連續3日,-1.40,3.07,,,8.75,4.02,10.87,7.57,7.47
6442,光聖,中,2024,2024-11-06,2024-11-20,10日6次,0.96,0.19,,,-2.86,-0.38,1.52,-3.24,-2.91
8937,合騏,中,2024,2024-11-06,2024-11-20,其他,6.02,-0.20,✅,⭐,4.46,21.70,26.77,42.49,50.61
2424,隴華,小,2024,2024-11-04,2024-11-18,10日6次,7.22,0.25,✅,,0.00,2.16,2.29,2.41,2.44
8044,網家,小,2024,2024-10-31,2024-11-14,連續3日,4.75,-2.88,✅,⭐,-0.41,5.46,22.14,11.43,4.09
4558,寶緯,小,2024,2024-10-30,2024-11-13,連續3日,4.04,5.02,✅,,2.51,-3.88,-4.68,-1.37,-13.72
3447,展達,小,2024,2024-10-29,2024-11-14,連續3日+當沖,4.90,-2.09,✅,🚫當沖條款,-0.98,1.47,-0.98,13.14,11.31
6791,虎門科技,小,2024,2024-10-29,2024-11-12,連續3日,9.67,-3.73,,,-1.69,-4.41,2.03,3.73,-4.49
6151,晉倫,小,2024,2024-10-24,2024-11-07,連續3日,1.47,-0.81,,,-2.90,-1.61,-2.10,0.81,2.63
4576,大銀微系統,中,2024,2024-10-23,2024-11-08,連續3日+當沖,-0.35,0.35,,,2.48,2.84,2.48,-5.32,-9.70
6763,綠界科技*,中,2024,2024-10-22,2024-11-05,連續3日,9.97,1.37,,,9.89,27.20,20.74,16.62,1.52
6854,錼創科技-KY創,中,2024,2024-10-21,2024-11-04,連續3日,4.95,0.00,✅,⭐,4.38,5.05,5.72,2.69,-3.58
4956,光鋐,小,2024,2024-10-17,2024-11-04,連續3日+當沖,9.93,1.08,,,0.36,3.61,8.92,-3.61,-4.32
4991,環宇-KY,小,2024,2024-10-17,2024-11-01,連續3日,5.69,-0.79,✅,⭐,2.85,0.16,1.74,-1.90,13.03
3234,光環,小,2024,2024-10-14,2024-10-28,連續3日,-1.26,1.46,,,-3.47,-3.10,-5.11,1.09,-11.51
3363,上詮,中,2024,2024-10-14,2024-10-28,10日6次,-0.61,-0.41,,,1.42,-3.66,-5.89,1.63,-15.79
2929,淘帝-KY,小,2024,2024-10-09,2024-10-24,連續3日,2.57,0.00,✅,⭐,-5.38,-6.09,-10.39,-7.53,-2.25
8404,百和興業-KY,中,2024,2024-10-09,2024-10-24,連續3日,-2.53,1.39,,,3.29,0.52,3.64,14.21,10.38
5907,大洋-KY,小,2024,2024-10-08,2024-10-23,連續3日,5.06,0.00,✅,⭐,2.59,-9.26,-8.15,-7.78,0.73
6246,臺龍,小,2024,2024-10-07,2024-10-22,連續3日,-0.53,2.68,,,-4.46,-10.71,-8.21,-7.14,-8.21
6969,成信實業*-創,小,2024,2024-09-27,2024-10-14,連續3日,1.78,-3.49,,,-0.16,2.22,0.63,-2.70,-3.85
6706,惠特,中,2024,2024-09-26,2024-10-11,10日6次,0.30,-0.89,,,-3.25,0.59,1.78,8.28,6.07
3167,大量,中,2024,2024-09-25,2024-10-14,連續3日+當沖,-0.78,-0.79,,,-2.36,10.63,18.11,16.93,35.13
5210,寶碩,小,2024,2024-09-25,2024-10-09,連續3日,-2.04,0.80,,,-0.96,-2.72,-0.64,0.80,-0.52
6144,得利影,小,2024,2024-09-25,2024-10-09,10日6次,0.41,-0.82,,,-5.33,-6.97,-5.33,-6.56,5.27
1721,三晃,小,2024,2024-09-24,2024-10-08,連續3日,5.98,0.19,✅,,-1.17,-4.86,-1.56,2.14,-7.25
2033,佳大,小,2024,2024-09-23,2024-10-07,連續3日,-3.10,0.00,,,1.14,0.92,5.26,4.81,3.04
3354,律勝,小,2024,2024-09-23,2024-10-07,連續3日,-1.59,0.00,,,0.00,-3.06,-3.39,-1.94,-1.00
5234,達興材料,中,2024,2024-09-23,2024-10-09,連續3日+當沖,-2.46,0.00,,,-1.26,2.52,-0.63,0.84,4.11
5314,世紀,大,2024,2024-09-20,2024-10-04,連續3日,4.50,0.00,✅,⭐,-1.44,7.18,-1.20,0.24,6.68
5443,均豪,中,2024,2024-09-20,2024-10-04,10日6次,5.59,0.33,✅,,-2.32,-7.28,-6.29,-2.98,-3.41
8996,高力,中,2024,2024-09-20,2024-10-04,10日6次,8.06,0.50,✅,,-1.74,1.49,6.97,0.75,-1.50
5438,東友,小,2024,2024-09-19,2024-10-04,連續3日,9.88,3.42,,,-2.70,-3.96,-6.12,-5.58,-14.41
8032,光菱,小,2024,2024-09-19,2024-10-04,連續3日,9.91,0.00,,,-5.58,-0.21,-10.19,-9.44,-13.43
8249,菱光,小,2024,2024-09-18,2024-10-04,連續3日,9.96,6.34,,,3.08,2.17,9.60,10.87,-11.08
6231,系微,中,2024,2024-09-16,2024-10-01,10日6次,-0.19,-0.94,,,-2.64,-1.70,0.94,-2.83,-1.33
4569,六方科-KY,小,2024,2024-09-09,2024-09-24,連續3日,9.76,6.11,,,10.00,26.94,31.67,37.78,23.89
1735,日勝化,小,2024,2024-09-06,2024-09-23,10日6次,-9.95,0.79,,,-2.17,-9.07,-4.14,0.79,1.46
3081,聯亞,中,2024,2024-09-04,2024-09-23,連續3日,2.64,-4.63,✅,⭐,-1.54,-1.54,9.00,7.46,34.89
3450,聯鈞,中,2024,2024-09-04,2024-09-23,連續5日+當沖,-2.52,-9.77,,,-9.20,-9.77,-5.75,3.16,16.10
2425,承啟,小,2024,2024-09-03,2024-09-18,10日6次,-0.23,0.00,,,-4.07,-9.65,-11.40,-8.26,-1.69
4526,東台,小,2024,2024-09-03,2024-09-20,連續3日+當沖,-5.72,0.67,,,1.89,-4.58,-0.81,-2.70,0.17
4583,台灣精銳,中,2024,2024-09-03,2024-09-18,10日6次,-0.73,0.00,,,9.93,9.19,10.85,16.54,22.22
8111,立碁,小,2024,2024-09-03,2024-09-18,連續3日,-2.34,0.00,,,-3.42,-8.56,-1.88,-4.45,4.96
5386,青雲,小,2024,2024-09-02,2024-09-16,連續3日,-6.73,-0.96,,,-3.37,-13.94,-13.46,-18.27,-11.60
2424,隴華,小,2024,2024-08-30,2024-09-13,連續3日,3.85,-0.10,✅,⭐,-0.31,0.31,1.23,2.88,26.78
3550,聯穎,小,2024,2024-08-30,2024-09-13,連續3日,2.67,-0.20,✅,⭐,-1.40,0.20,-5.80,-14.80,0.86
5364,力麗店,小,2024,2024-08-30,2024-09-13,連續3日,1.26,-1.87,,,-4.37,-6.13,-9.25,-2.29,3.01
8039,台虹,中,2024,2024-08-30,2024-09-13,連續3日,0.00,0.00,,,-2.14,-1.28,-5.14,-10.13,-1.23
4741,泓瀚,小,2024,2024-08-29,2024-09-12,連續3日,1.89,-0.19,,,10.00,5.93,12.96,4.26,-23.17
8080,印鉐,小,2024,2024-08-28,2024-09-11,連續3日,9.82,-6.89,,,9.87,32.03,40.04,35.94,19.64
4729,熒茂,小,2024,2024-08-26,2024-09-09,連續3日,-1.50,1.91,,,-4.96,2.67,4.77,4.20,14.30
5905,南仁湖,小,2024,2024-08-23,2024-09-06,連續3日,0.63,-1.89,,,1.68,4.20,0.84,-8.40,-8.62
2070,精湛,小,2024,2024-08-22,2024-09-09,連續3日,-0.36,1.31,,,-0.60,-5.24,-1.19,3.69,-4.19
6570,維田,小,2024,2024-08-22,2024-09-05,連續3日,-2.06,0.42,,,2.53,-5.20,-2.25,-3.79,-15.70
1225,福懋油,中,2024,2024-08-20,2024-09-03,10日6次,2.19,1.23,✅,,-0.92,1.53,-0.61,-1.84,-0.67
3219,倚強科,小,2024,2024-08-19,2024-09-02,連續3日,0.68,-1.01,,,-2.52,-5.70,-6.88,-5.70,-5.18
3284,太普高,小,2024,2024-08-19,2024-09-02,連續3日,-3.19,0.00,,,1.50,-1.35,-11.84,-6.75,-16.01
3230,錦明,小,2024,2024-08-16,2024-08-30,連續3日,9.92,6.57,,,1.68,22.94,21.56,41.28,45.51
3303,岱稜,小,2024,2024-08-16,2024-08-30,連續3日,3.10,-1.50,✅,⭐,-0.83,2.84,0.33,8.51,-0.19
6754,匯僑設計,小,2024,2024-08-16,2024-08-30,10日6次,4.63,0.70,✅,,2.10,1.17,1.63,-1.98,-5.15
1540,喬福,小,2024,2024-08-09,2024-08-27,連續3日+當沖,-0.58,1.06,,,-4.81,-10.90,-10.67,-9.73,3.58
2524,京城,中,2024,2024-08-05,2024-08-21,連續3日+當沖,1.76,-5.63,,,-9.96,-11.26,-6.49,-4.76,8.30
6199,天品,小,2024,2024-08-05,2024-08-19,連續3日,9.92,-4.56,,,-9.96,8.71,25.73,27.59,39.04
6228,全譜,小,2024,2024-07-31,2024-08-14,連續3日,9.98,8.12,,,0.28,0.00,-18.16,-12.65,-20.11
3073,天方能源,小,2024,2024-07-23,2024-08-06,連續3日,9.80,0.00,,,-9.82,-25.18,-29.11,-29.02,-29.47
6692,進能服,小,2024,2024-07-23,2024-08-06,連續3日,2.57,-2.17,✅,⭐,-9.87,-14.55,-19.82,-29.10,-29.11
6492,生華科,小,2024,2024-07-22,2024-08-05,連續3日,-6.59,2.41,,,-3.27,-6.20,-3.61,-8.78,-15.48
2243,宏旭-KY,小,2024,2024-07-17,2024-07-31,連續3日,6.15,0.18,✅,,-2.28,10.00,-3.51,-1.05,4.49
4927,泰鼎-KY,中,2024,2024-07-17,2024-07-31,連續3日,-0.36,-0.37,,,-2.93,-4.02,-3.11,-1.46,1.34
3535,晶彩科,小,2024,2024-07-16,2024-07-30,10日6次,0.53,-1.06,,,3.17,-4.89,-12.02,-7.13,-5.22
3593,力銘,小,2024,2024-07-15,2024-07-29,10日6次,-3.00,-1.19,,,-6.67,-6.67,-4.76,-11.90,-6.48
3047,訊舟,小,2024,2024-07-12,2024-07-26,10日6次,9.94,-2.80,,,-9.58,-8.29,-10.98,-12.81,-2.98
6218,豪勉,小,2024,2024-07-12,2024-07-26,連續3日,-1.47,-9.91,,,-7.33,-10.45,-8.82,-16.28,-14.41
6937,天虹,中,2024,2024-07-12,2024-07-26,連續3日,1.31,-3.87,,,1.61,1.94,-3.23,-7.10,-10.83
8937,合騏,中,2024,2024-07-12,2024-07-26,連續3日,1.60,-3.30,,,0.43,6.89,3.59,5.02,13.36
6133,金橋,小,2024,2024-07-11,2024-07-26,連續3日,4.58,-0.21,✅,⭐,-2.29,-7.29,-6.46,-14.17,-14.00
8906,花王,小,2024,2024-07-11,2024-07-26,10日6次,3.37,0.00,✅,⭐,-1.03,-1.55,1.72,-2.58,7.46
4510,高鋒,小,2024,2024-07-10,2024-07-26,連續3日,9.94,4.23,,,10.00,13.85,17.50,17.31,4.54
4562,穎漢,小,2024,2024-07-09,2024-07-23,連續3日,-1.10,-3.19,,,-9.99,-7.77,-11.93,-14.56,-3.28
2467,志聖,中,2024,2024-07-08,2024-07-26,連續3日+當沖,2.17,-1.65,✅,🚫當沖條款,-7.55,-3.77,-4.72,-1.89,4.23
3492,長盛,小,2024,2024-07-08,2024-07-22,連續3日,1.78,0.32,,,10.00,2.06,-6.83,-0.63,-11.04
4534,慶騰,小,2024,2024-07-08,2024-07-22,連續3日,8.20,-4.12,✅,⭐,-9.56,-6.59,-7.74,-7.41,-6.73
6698,旭暉應材,小,2024,2024-07-08,2024-07-26,連續3日+當沖,-3.40,0.00,,,-5.93,-4.07,-10.19,-7.41,-22.21
8104,錸寶,小,2024,2024-07-08,2024-07-22,連續3日,2.84,1.38,✅,,-5.35,-11.74,-8.46,-12.78,-13.40
1587,吉茂,小,2024,2024-07-05,2024-07-19,10日6次,2.38,0.78,✅,,-4.81,-15.50,-11.63,-14.73,-13.39
2349,錸德,中,2024,2024-07-05,2024-07-19,連續3日,10.00,10.00,,,10.00,9.09,-1.82,0.00,-9.72
6658,聯策,小,2024,2024-07-05,2024-07-19,連續3日,9.87,9.76,,,2.70,-8.22,-11.94,-1.16,-17.36
1784,訊聯,小,2024,2024-07-04,2024-07-18,連續3日,-5.00,-0.38,,,1.88,9.77,10.90,7.89,18.83
2429,銘旺科,小,2024,2024-07-04,2024-07-18,連續3日,6.43,0.00,✅,⭐,-9.01,-20.55,-18.68,-18.90,-10.74
6661,威健生技,小,2024,2024-07-04,2024-07-18,連續3日,-7.41,2.62,,,1.69,11.69,-3.23,-8.31,-1.72
3686,達能,小,2024,2024-07-03,2024-07-17,10日6次,9.98,0.00,,,-5.19,-2.59,0.16,5.35,-1.90
8440,綠電,小,2024,2024-07-02,2024-07-16,連續3日,-4.39,2.02,,,9.91,7.34,3.67,6.42,-11.38
3581,博磊,小,2024,2024-07-01,2024-07-17,連續3日,0.23,-1.91,,,-3.03,5.84,25.39,16.85,19.23
3652,精聯,小,2024,2024-07-01,2024-07-15,連續5日,2.99,-2.08,✅,⭐,-1.14,0.31,2.18,0.52,0.48
6144,得利影,小,2024,2024-07-01,2024-07-15,10日6次,1.31,-1.88,,,-1.88,-2.94,0.12,27.21,27.13
3297,杭特,小,2024,2024-06-28,2024-07-12,連續3日,-4.43,4.48,,,1.39,1.39,21.95,2.01,-7.06
6869,雲豹能源,中,2024,2024-06-28,2024-07-12,10日6次,0.23,1.63,,,7.44,26.05,19.30,18.60,11.55
4526,東台,小,2024,2024-06-27,2024-07-15,連續5日+當沖,3.29,-2.12,✅,🚫當沖條款,-6.06,-4.09,-5.76,3.03,3.19
6431,光麗-KY,小,2024,2024-06-27,2024-07-11,10日6次,0.30,-1.48,,,1.78,-1.19,-5.34,-2.08,-8.23
6598,ABC-KY,小,2024,2024-06-25,2024-07-09,10日6次,-8.33,3.25,,,-1.79,0.00,0.65,-6.49,-1.51
2438,翔耀,小,2024,2024-06-24,2024-07-08,10日6次,9.95,0.00,,,9.73,11.09,10.89,36.77,21.98
6187,萬潤,中,2024,2024-06-21,2024-07-05,10日6次,5.61,-1.52,✅,⭐,-1.90,-2.66,-0.19,3.80,27.30
6451,訊芯-KY,中,2024,2024-06-21,2024-07-05,10日6次,9.98,-2.41,,,-4.26,-3.33,2.22,-5.56,-1.90
2486,一詮,中,2024,2024-06-20,2024-07-04,10日6次,-0.84,-1.69,,,0.42,-0.84,11.39,12.24,15.61
1519,華城,大,2024,2024-06-19,2024-07-05,連續3日+當沖,4.42,-0.63,✅,🚫當沖條款,-1.59,0.21,-2.65,0.00,0.29
3219,倚強科,小,2024,2024-06-19,2024-07-03,連續3日,9.93,4.68,,,2.10,9.35,8.71,7.42,9.60
4419,皇家美食,小,2024,2024-06-19,2024-07-03,連續3日,-3.65,-2.24,,,-7.24,-2.93,5.86,3.45,19.90
4924,欣厚-KY,小,2024,2024-06-19,2024-07-03,連續3日,9.72,-7.02,,,-9.87,-6.35,-0.33,-5.02,-6.85
6640,均華,中,2024,2024-06-19,2024-07-03,10日6次,5.73,-1.81,✅,⭐,-5.05,14.62,10.29,9.21,32.72
6643,M31,大,2024,2024-06-19,2024-07-03,10日6次,1.53,-1.88,,,-0.75,-0.75,-18.42,-14.66,-8.69
9105,泰金寶-DR,大,2024,2024-06-18,2024-07-02,10日6次,9.98,9.24,,,-0.34,0.00,17.48,10.08,7.23
3122,笙泉,小,2024,2024-06-13,2024-07-01,連續3日,-3.91,-1.06,,,-3.72,4.60,5.31,-1.77,2.58
3229,晟鈦,小,2024,2024-06-13,2024-06-27,10日6次,9.83,0.58,,,-0.78,-3.11,13.23,5.45,-5.06
5484,慧友,小,2024,2024-06-12,2024-06-26,10日6次,9.90,9.45,,,9.89,32.97,39.56,60.22,43.64
6228,全譜,小,2024,2024-06-12,2024-06-26,連續3日,9.97,9.33,,,4.00,6.93,25.20,13.60,-3.82
6895,宏碩系統,小,2024,2024-06-07,2024-06-24,連續3日,5.56,3.86,✅,,-1.40,-0.70,0.35,22.11,37.37
6512,啟發電,小,2024,2024-06-06,2024-06-21,連續3日,-8.79,2.33,,,-9.63,-13.46,-7.97,-6.98,0.75
3379,彬台,小,2024,2024-06-05,2024-06-20,連續3日,9.90,-2.06,,,-9.94,-19.14,-15.38,-2.44,26.10
6117,迎廣,中,2024,2024-06-05,2024-06-20,10日6次,0.00,1.27,,,-6.35,-15.24,-16.51,-15.87,-13.58
3312,弘憶股,中,2024,2024-06-04,2024-06-21,連續3日+當沖,9.94,0.94,,,-5.94,-9.58,-7.02,-4.72,1.65
4549,桓達,中,2024,2024-06-04,2024-06-19,連續3日,-0.52,1.85,,,-4.75,5.01,-3.17,2.90,-3.68
6695,芯鼎,小,2024,2024-06-04,2024-06-19,10日6次,0.14,-1.50,,,-0.68,-8.89,-13.00,-3.83,-6.42
8455,大拓-KY,小,2024,2024-06-04,2024-06-19,連續3日,9.95,10.00,,,5.48,-1.79,-16.67,-5.95,-13.34
6160,欣技,小,2024,2024-06-03,2024-06-18,連續3日,1.50,0.82,,,-2.30,-7.87,-6.89,-2.62,0.82
6231,系微,中,2024,2024-05-31,2024-06-17,連續3日,4.30,-0.53,✅,⭐,-9.97,-3.59,2.79,5.32,24.46
3537,堡達,小,2024,2024-05-30,2024-06-14,連續3日,-4.17,-0.31,,,-3.57,0.93,-9.32,-8.39,-3.58
8374,羅昇,小,2024,2024-05-30,2024-06-14,10日6次,9.90,4.78,,,9.93,32.72,21.32,10.85,20.04
9136,巨騰-DR,小,2024,2024-05-30,2024-06-14,10日6次,0.31,0.00,,,0.15,-1.08,-0.77,-1.54,-2.20
2365,昆盈,小,2024,2024-05-29,2024-06-13,10日6次,9.89,7.62,,,9.70,-1.11,-3.05,-6.23,-17.40
5474,聰泰,小,2024,2024-05-29,2024-06-13,連續3日,0.00,0.00,,,-2.03,-4.07,-2.33,-6.40,-11.93
2392,正崴,中,2024,2024-05-28,2024-06-12,10日6次,2.35,1.22,✅,,2.57,-1.89,-2.03,-9.88,-9.33
3363,上詮,中,2024,2024-05-28,2024-06-12,10日6次,-0.64,-1.29,,,-0.65,-8.39,-3.23,-3.55,1.27
3491,昇達科,中,2024,2024-05-28,2024-06-12,連續5日,-1.38,0.17,,,-0.35,-6.47,2.45,4.37,1.05
4127,天良,小,2024,2024-05-28,2024-06-12,10日6次,0.11,-0.44,,,-7.93,-5.73,-5.95,-4.30,-1.55
2359,所羅門,中,2024,2024-05-27,2024-06-13,連續5日+當沖,5.21,2.92,✅,,2.33,2.92,2.04,-4.37,-4.63
8033,雷虎,中,2024,2024-05-24,2024-06-07,10日6次,8.58,-5.27,✅,⭐,-5.27,-6.27,-7.78,-7.03,-4.20
8071,能率網通,小,2024,2024-05-24,2024-06-07,連續3日,-5.73,0.23,,,-0.23,-6.07,-7.94,-8.88,-11.36
2374,佳能,中,2024,2024-05-23,2024-06-11,連續5日+當沖,0.33,-1.94,,,-6.65,-1.30,-2.76,-1.94,-3.83
3064,泰偉,小,2024,2024-05-23,2024-06-06,連續3日,10.00,9.53,,,9.53,7.12,-2.30,-7.34,-12.86
5392,能率,小,2024,2024-05-23,2024-06-06,連續5日,4.35,-2.55,✅,⭐,-9.84,-8.33,-8.45,-7.41,5.55
6446,藥華藥,大,2024,2024-05-22,2024-06-05,10日6次,2.87,-2.44,✅,⭐,-5.47,-1.40,-0.47,-3.02,14.65
2362,藍天,中,2024,2024-05-21,2024-06-04,10日6次,-2.89,0.00,,,-1.16,1.99,2.65,-0.50,-0.36
8089,康全電訊,小,2024,2024-05-21,2024-06-04,10日6次,2.74,-0.10,✅,⭐,-1.13,-0.10,3.18,5.75,5.04
2609,陽明,大,2024,2024-05-17,2024-05-31,連續3日,3.78,0.00,✅,⭐,-4.18,-3.64,-3.78,7.29,0.35
6863,永道-KY,中,2024,2024-05-17,2024-05-31,連續3日,2.60,0.69,✅,,-0.92,-0.92,-2.30,1.84,-1.52
2615,萬海,大,2024,2024-05-16,2024-06-03,連續3日+當沖,3.07,-0.71,✅,🚫當沖條款,1.99,0.43,0.99,16.45,13.69
9103,美德醫療-DR,小,2024,2024-05-16,2024-05-30,10日6次,1.46,0.72,,,-1.44,1.29,0.72,0.14,1.25
4562,穎漢,小,2024,2024-05-14,2024-05-28,連續3日,2.08,-2.89,✅,⭐,-1.53,1.87,-2.04,1.87,31.88
6419,京晨科,小,2024,2024-05-10,2024-05-24,連續3日,9.93,0.96,,,-4.14,15.83,39.21,45.06,49.86
6442,光聖,中,2024,2024-05-09,2024-05-27,連續5日+當沖,-2.32,0.00,,,-1.48,2.08,4.45,7.12,5.97
8906,花王,小,2024,2024-05-08,2024-05-22,連續3日,9.86,9.45,,,9.61,10.24,8.66,14.96,2.66
8996,高力,中,2024,2024-05-08,2024-05-24,連續5日+當沖,-0.73,-0.49,,,1.34,3.30,4.89,8.19,19.06
3234,光環,小,2024,2024-05-03,2024-05-17,連續3日,1.20,-2.17,,,-5.73,-5.14,-8.70,-4.15,0.48
6552,易華電,小,2024,2024-05-03,2024-05-21,連續3日+當沖,0.00,0.20,,,-3.43,1.01,0.00,-1.01,0.79
6264,富裔,小,2024,2024-05-02,2024-05-16,連續3日,9.71,-0.88,,,4.42,-10.03,-19.17,-26.25,-20.41
6425,易發,小,2024,2024-05-02,2024-05-16,10日6次,2.09,-1.29,✅,⭐,-2.37,-2.69,-0.11,0.97,3.06
2745,五福,小,2024,2024-04-30,2024-05-15,連續3日,-3.25,-0.42,,,2.94,14.29,4.20,4.20,1.28
6199,天品,小,2024,2024-04-29,2024-05-14,連續3日,0.00,2.81,,,-2.97,-8.59,-11.41,-13.44,-6.96
1617,榮星,小,2024,2024-04-23,2024-05-08,連續3日,-9.85,-4.07,,,-9.26,-12.59,-12.04,-11.11,0.87
4588,玖鼎電力,小,2024,2024-04-22,2024-05-07,10日6次,-4.20,-2.19,,,-9.85,-10.22,-15.33,-13.50,-8.86
4768,晶呈科技,中,2024,2024-04-22,2024-05-07,10日6次,-7.69,-3.70,,,-8.33,-0.74,-2.78,-0.19,10.35
9955,佳龍,小,2024,2024-04-22,2024-05-07,10日6次,1.32,0.00,,,-9.74,-14.68,-14.29,-15.19,-11.72
6283,淳安,小,2024,2024-04-19,2024-05-06,連續3日,-2.05,0.00,,,-5.97,-8.21,-4.18,4.18,13.77
8077,洛碁,小,2024,2024-04-18,2024-05-03,連續3日,0.00,0.00,,,-5.72,-14.99,-11.05,-12.07,-6.29
3060,銘異,小,2024,2024-04-17,2024-05-02,連續3日,-5.10,1.97,,,2.15,-6.27,-6.27,0.00,0.17
3609,三一東林,小,2024,2024-04-17,2024-05-02,連續3日,0.65,0.00,,,-1.69,-1.43,0.26,4.03,7.97
1453,大將,小,2024,2024-04-16,2024-04-30,10日6次,6.67,0.00,✅,⭐,-9.88,-3.43,-15.32,-5.24,1.66
1514,亞力,中,2024,2024-04-16,2024-05-03,連續3日+當沖,4.17,-4.00,✅,🚫當沖條款,-4.29,0.00,-13.43,-10.00,-19.76
4533,協易機,小,2024,2024-04-16,2024-04-30,連續3日,-3.48,-1.16,,,-9.91,-2.57,-16.34,-2.96,0.64
2363,矽統,中,2024,2024-04-15,2024-04-29,10日6次,4.96,-1.47,✅,⭐,0.98,12.21,11.07,14.01,-0.52
4192,杏國,小,2024,2024-04-15,2024-04-29,連續3日,-3.35,-1.15,,,-4.13,-7.79,-10.00,-8.08,-3.67
6949,沛爾生醫-創,大,2024,2024-04-15,2024-04-29,10日6次,2.88,-1.20,✅,⭐,-2.40,3.60,19.20,14.80,38.17
3466,德晉,小,2024,2024-04-12,2024-04-26,連續3日,0.66,2.23,,,5.24,-3.66,7.33,7.33,-2.60
3555,博士旺,小,2024,2024-04-12,2024-04-26,連續3日,6.50,-3.82,✅,⭐,-5.34,-20.99,-15.27,-16.03,-8.02
6207,雷科,小,2024,2024-04-11,2024-04-25,連續3日,-6.45,2.12,,,3.89,8.66,8.48,-5.65,14.44
1587,吉茂,小,2024,2024-04-10,2024-04-24,連續3日,-9.98,0.00,,,5.73,14.14,24.84,20.76,23.98
6139,亞翔,大,2024,2024-04-09,2024-04-25,連續3日+當沖,2.47,0.17,✅,,2.41,14.63,13.43,12.39,-3.55
4198,欣大健康,小,2024,2024-04-08,2024-04-22,連續3日,9.87,9.38,,,9.96,4.69,2.93,-6.25,-20.78
7402,邑錡,小,2024,2024-04-08,2024-04-24,連續5日,-3.02,0.78,,,-5.06,-2.72,-4.28,-8.56,-6.09
6197,佳必琪,中,2024,2024-04-03,2024-04-19,連續3日,1.97,-1.93,,,9.97,7.72,8.68,-3.22,-20.82
1616,億泰,小,2024,2024-03-29,2024-04-16,連續3日,-5.81,0.00,,,-5.48,-1.83,3.20,-4.57,2.54
3228,金麗科,中,2024,2024-03-28,2024-04-15,10日6次,-0.89,0.54,,,-3.60,0.90,-9.37,-7.93,-9.89
2359,所羅門,中,2024,2024-03-27,2024-04-12,連續3日,6.41,1.15,✅,,4.45,4.02,25.68,42.04,41.81
5493,三聯,小,2024,2024-03-26,2024-04-11,連續3日,0.54,-9.99,,,-7.30,-5.16,-5.80,-2.26,4.16
6753,龍德造船,中,2024,2024-03-26,2024-04-11,10日6次,9.59,-1.25,,,-2.08,0.42,0.42,8.33,5.60
1503,士電,大,2024,2024-03-25,2024-04-10,連續5日,2.81,-1.82,✅,⭐,9.12,7.85,6.57,11.50,5.33
4127,天良,小,2024,2024-03-25,2024-04-10,連續3日,9.80,8.72,,,9.94,32.86,19.68,28.60,24.37
6230,尼得科超眾,中,2024,2024-03-20,2024-04-03,連續3日,-6.14,2.18,,,-2.91,-5.57,-10.90,-7.51,-2.60
4994,傳奇,小,2024,2024-03-15,2024-03-29,連續3日,0.00,-2.02,,,-2.82,7.26,5.24,0.00,-4.92
5386,青雲,小,2024,2024-03-15,2024-03-29,連續3日,1.15,-0.80,,,-7.87,-1.71,-5.25,2.39,3.48
8040,九暘,小,2024,2024-03-15,2024-03-29,連續3日,1.51,-2.29,,,-6.17,2.17,1.03,-6.51,-0.36
4909,新復興,小,2024,2024-03-14,2024-03-28,10日6次,1.25,-1.73,,,-6.67,3.70,-1.85,9.14,9.30
2404,漢唐,大,2024,2024-03-13,2024-03-27,10日6次,3.24,2.89,✅,,5.40,-13.94,4.02,-4.40,-5.01
2417,圓剛,小,2024,2024-03-12,2024-03-26,連續5日,1.18,-0.78,,,-3.50,-4.17,-6.99,-7.18,-7.40
5310,天剛,小,2024,2024-03-12,2024-03-26,連續3日,-4.86,2.27,,,9.94,24.43,29.26,39.06,26.26
3013,晟銘電,中,2024,2024-03-11,2024-03-27,連續3日+當沖,-3.58,-2.26,,,-1.13,-14.22,-22.13,-19.39,-13.27
3376,新日興,中,2024,2024-03-08,2024-03-26,連續3日+當沖,0.69,-0.23,,,-10.00,-8.64,-9.55,-7.95,-0.86
3372,典範,小,2024,2024-03-07,2024-03-21,連續3日,-3.89,2.13,,,-3.20,-12.37,-15.99,-13.22,-15.56
1725,元禎,小,2024,2024-03-06,2024-03-20,10日6次,9.99,7.89,,,9.47,-11.18,-12.37,-22.63,-32.21
6227,茂綸,小,2024,2024-03-06,2024-03-20,連續3日,1.67,-1.35,,,2.24,-5.98,-15.25,-23.32,-22.87
3363,上詮,中,2024,2024-03-05,2024-03-21,連續5日,2.07,-1.63,✅,⭐,2.44,0.81,-1.22,-5.28,-10.28
4303,信立,小,2024,2024-03-04,2024-03-18,連續5日,-0.54,3.48,,,10.00,32.83,7.61,-14.57,-11.62
8047,星雲,小,2024,2024-03-01,2024-03-15,連續3日,0.55,2.17,,,-3.26,-4.35,-8.97,-16.30,-24.23
8092,建暐,小,2024,2024-03-01,2024-03-15,連續3日,8.63,-0.20,✅,⭐,-2.44,17.11,17.92,3.87,7.58
4131,浩泰,小,2024,2024-02-29,2024-03-14,連續3日,-5.35,1.30,,,1.45,7.25,8.55,-2.32,-7.21
3313,斐成,小,2024,2024-02-27,2024-03-13,連續3日,9.83,0.45,,,-3.13,3.36,15.21,2.01,-14.91
4588,玖鼎電力,小,2024,2024-02-27,2024-03-13,連續3日,6.40,-3.24,✅,⭐,-7.41,-5.56,5.09,-4.63,12.64
5381,合正,小,2024,2024-02-27,2024-03-13,連續5日,-4.85,0.55,,,-4.82,-2.89,0.00,-0.83,6.59
8147,正淩,小,2024,2024-02-27,2024-03-13,連續3日,4.28,-0.37,✅,⭐,1.12,-4.85,8.21,-5.97,-9.58
1519,華城,大,2024,2024-02-26,2024-03-12,10日6次,8.32,0.36,✅,,-3.93,-3.93,-5.71,-3.39,-2.77
1809,中釉,小,2024,2024-02-26,2024-03-12,10日6次,9.92,0.00,,,9.91,8.85,13.10,20.35,6.25
6442,光聖,中,2024,2024-02-26,2024-03-14,連續3日+當沖,-3.64,0.00,,,0.69,0.69,3.09,0.69,-18.45
3321,同泰,小,2024,2024-02-23,2024-03-11,連續3日,3.57,-1.72,✅,⭐,-5.17,-7.39,-2.96,-3.20,0.16
3362,先進光,中,2024,2024-02-23,2024-03-11,10日6次,8.49,1.07,✅,,-6.94,-1.07,-0.53,1.42,-9.73
4945,陞達科技,小,2024,2024-02-23,2024-03-11,連續3日,6.90,-2.02,✅,⭐,1.61,3.63,13.71,11.69,-0.36
5284,jpp-KY,小,2024,2024-02-23,2024-03-11,連續5日,6.18,-1.06,✅,⭐,-5.03,-2.38,6.88,22.75,15.24
5443,均豪,小,2024,2024-02-23,2024-03-11,連續3日,2.61,2.34,✅,,-2.34,-3.61,-2.64,13.28,2.64
6640,均華,小,2024,2024-02-22,2024-03-08,連續3日,-4.49,4.27,,,3.42,25.00,28.85,43.80,30.63
4714,永捷,小,2024,2024-02-21,2024-03-07,連續3日,-3.85,0.00,,,2.25,15.00,10.25,21.50,20.18
6785,昱展新藥,中,2024,2024-02-21,2024-03-07,連續3日,9.95,-1.02,,,4.07,-6.22,-2.26,-9.28,-21.34
8089,康全電訊,小,2024,2024-02-21,2024-03-07,10日6次,9.97,1.28,,,-3.02,-2.33,-2.33,9.30,-4.43
2365,昆盈,小,2024,2024-02-20,2024-03-08,連續3日+當沖,2.09,-1.23,✅,🚫當沖條款,-3.89,-2.86,-1.84,2.66,-12.06
2465,麗臺,中,2024,2024-02-19,2024-03-05,連續3日,9.66,-9.69,,,8.81,5.73,8.37,26.87,26.77
6805,富世達,中,2024,2024-02-19,2024-03-05,連續3日,-3.22,-4.71,,,-9.97,-1.11,-3.05,-4.57,26.87
3268,海德威,小,2024,2024-02-16,2024-03-04,連續3日,-1.72,2.04,,,0.58,-3.64,-0.58,0.29,0.66
6584,南俊國際,中,2024,2024-02-16,2024-03-04,連續3日,10.00,9.72,,,9.72,5.96,5.33,10.03,9.36
6643,M31,大,2024,2024-02-15,2024-03-01,10日6次,-5.26,4.39,,,6.43,-1.17,-6.14,2.63,8.71
1418,東華,小,2024,2024-02-05,2024-02-29,連續3日,1.52,2.49,,,-4.49,-6.98,-4.98,-4.98,-1.75
3294,英濟,小,2024,2024-02-02,2024-02-27,連續3日,9.88,6.15,,,9.94,30.91,43.53,57.73,67.51
6229,研通,小,2024,2024-02-02,2024-03-01,連續3日,4.73,-1.74,✅,⭐,-3.82,-8.56,-9.72,-7.18,4.58
6465,威潤,小,2024,2024-02-02,2024-02-27,連續3日,-3.54,0.70,,,1.40,-3.84,-5.24,-9.25,-5.69
3360,尚立,小,2024,2024-02-01,2024-02-29,連續3日,9.83,2.01,,,-5.37,-14.54,-8.72,-13.87,3.90
6462,神盾,中,2024,2024-02-01,2024-02-29,連續3日,9.68,-2.21,,,-0.92,-7.54,11.76,1.84,24.32
8080,印鉐,小,2024,2024-02-01,2024-02-26,連續3日,9.92,9.72,,,9.72,32.29,16.67,21.53,3.12
9136,巨騰-DR,小,2024,2024-01-30,2024-02-22,10日6次,0.61,0.00,,,-0.45,-1.36,0.45,0.45,0.71
9105,泰金寶-DR,中,2024,2024-01-29,2024-02-21,連續5日,7.98,2.37,✅,,0.00,-2.64,-0.79,3.43,6.77
6187,萬潤,中,2024,2024-01-24,2024-02-16,連續5日,-0.28,-1.40,,,-2.24,-0.28,7.56,9.80,30.30
6535,順藥,中,2024,2024-01-22,2024-02-05,連續3日,7.00,-0.93,✅,⭐,-2.34,17.29,14.49,35.98,53.71
3228,金麗科,中,2024,2024-01-18,2024-02-01,10日6次,-1.00,-1.64,,,-3.78,-0.50,-1.64,12.23,14.45
4529,淳紳,小,2024,2024-01-18,2024-02-01,連續3日,10.00,-3.25,,,-6.49,-3.25,-0.97,5.84,27.77
6425,易發,小,2024,2024-01-18,2024-02-01,連續3日,-4.98,0.00,,,0.00,1.43,19.87,26.55,39.55
8467,波力-KY,小,2024,2024-01-12,2024-01-30,連續3日+當沖,-4.44,0.00,,,-4.94,-4.07,-4.65,-8.14,-0.66
3086,華義,中,2024,2024-01-11,2024-01-25,10日6次,-9.83,1.28,,,-0.32,-3.85,-4.81,-2.56,2.54
3288,點晶,小,2024,2024-01-08,2024-01-22,連續3日,-4.76,5.13,,,0.53,-4.21,-8.29,-13.42,-17.90
6113,亞矽,小,2024,2024-01-08,2024-01-24,連續3日,9.94,4.44,,,-1.02,0.17,-4.95,-5.29,24.30
6231,系微,中,2023,2023-12-29,2024-01-17,連續3日,0.70,-4.86,,,-9.90,-4.86,-5.73,-8.51,0.03
8059,凱碩,小,2023,2023-12-28,2024-01-12,連續3日,9.95,-1.10,,,9.93,11.04,10.82,14.79,9.08
8054,安國,中,2023,2023-12-25,2024-01-11,連續5日,9.88,1.83,,,6.42,5.50,6.88,16.06,11.71
5432,新門,小,2023,2023-12-19,2024-01-05,連續5日,4.18,0.40,✅,,0.80,-0.40,-5.22,-5.22,-3.15
5426,振發,小,2023,2023-12-15,2023-12-29,連續3日,2.38,-0.39,✅,⭐,6.20,5.81,20.16,18.60,2.93
6593,台灣銘板,小,2023,2023-12-15,2023-12-29,10日6次,-3.88,-3.79,,,-3.54,-6.57,-14.65,-14.14,-24.96
3287,廣寰科,小,2023,2023-12-14,2024-01-02,連續3日,0.54,0.54,,,1.08,0.67,4.18,-6.74,-15.56
4413,飛寶企業,小,2023,2023-12-13,2023-12-27,連續3日,-0.20,-0.81,,,-2.02,0.20,-1.41,-4.44,2.94
6222,上揚,小,2023,2023-12-12,2023-12-26,連續3日,-2.43,-0.28,,,-1.80,1.39,21.88,26.87,-2.19
5210,寶碩,小,2023,2023-12-08,2023-12-22,連續3日,5.26,-0.89,✅,⭐,-7.14,-5.89,2.68,27.68,25.60
6117,迎廣,小,2023,2023-12-08,2023-12-22,連續3日,0.39,3.10,,,-2.72,0.52,-1.03,-6.60,3.63
4420,光明,小,2023,2023-12-05,2023-12-19,連續3日,0.00,-0.62,,,-3.29,-1.23,-1.95,0.00,-6.00
6276,安鈦克,小,2023,2023-12-05,2023-12-19,連續3日,9.93,2.48,,,3.27,,,,3.47
6482,弘煜科,小,2023,2023-12-05,2023-12-19,連續3日,1.04,-2.50,,,-3.24,-0.29,0.88,-4.12,-1.42
9919,康那香,小,2023,2023-12-05,2023-12-21,連續3日+當沖,4.13,-3.20,✅,🚫當沖條款,-9.91,-15.24,-20.58,-22.41,-3.06
1325,恆大,小,2023,2023-12-04,2023-12-18,連續3日,10.00,8.32,,,9.99,-1.15,-2.82,-11.01,-13.86
3373,熱映,小,2023,2023-12-04,2023-12-20,連續3日,8.31,-0.75,✅,⭐,-6.62,-13.83,-14.89,-22.56,-5.99
3548,兆利,中,2023,2023-12-04,2023-12-18,10日6次,0.62,0.00,,,-4.94,-4.32,-7.20,-17.90,-15.72
5478,智冠,中,2023,2023-12-04,2023-12-18,連續3日,9.75,5.44,,,8.60,5.73,8.88,7.16,-6.16
6204,艾華,小,2023,2023-11-30,2023-12-14,連續3日,6.61,3.31,✅,,-0.83,-2.89,-6.61,-4.13,8.39
3362,先進光,中,2023,2023-11-29,2023-12-13,連續5日,-2.19,0.28,,,0.84,8.12,1.40,1.12,0.48
3437,榮創,小,2023,2023-11-29,2023-12-13,連續3日,1.75,2.07,,,1.38,13.28,10.00,7.59,6.79
6716,應廣,小,2023,2023-11-29,2023-12-13,連續3日,5.38,0.00,✅,⭐,-2.72,-1.36,-6.12,4.42,1.39
8089,康全電訊,小,2023,2023-11-28,2023-12-12,連續3日,0.27,0.54,,,4.30,10.89,27.15,34.41,27.74
3623,富晶通,小,2023,2023-11-24,2023-12-08,連續3日,9.99,1.28,,,5.47,27.12,17.58,18.28,15.54
3228,金麗科,中,2023,2023-11-23,2023-12-07,連續3日,9.72,0.00,,,-7.28,-8.66,-2.76,5.51,5.59
8467,波力-KY,小,2023,2023-11-23,2023-12-07,10日6次,6.13,1.44,✅,,1.81,6.50,13.36,9.39,1.06
2543,皇昌,中,2023,2023-11-21,2023-12-05,連續3日,3.44,-1.59,✅,⭐,-6.37,-3.62,-3.62,1.01,-7.78
5314,世紀,中,2023,2023-11-21,2023-12-05,連續3日,-7.59,-0.75,,,-4.29,-6.90,-0.19,-0.75,-3.38
1515,力山,中,2023,2023-11-20,2023-12-06,連續5日+當沖,2.57,1.34,✅,,0.00,-0.33,0.67,-5.34,-10.87
4183,福永生技,小,2023,2023-11-17,2023-12-01,連續3日,-1.25,-1.09,,,1.27,-0.72,5.80,-0.36,-7.69
6122,擎邦,小,2023,2023-11-16,2023-12-04,連續3日,1.04,-0.15,,,5.14,8.66,11.31,1.62,-8.74
1449,佳和,小,2023,2023-11-09,2023-11-23,連續3日,0.25,-1.25,,,-0.25,0.75,7.23,17.71,17.64
3715,定穎投控,中,2023,2023-11-03,2023-11-17,10日6次,2.96,-1.15,✅,⭐,-2.99,0.34,-4.02,4.60,10.31
8054,安國,小,2023,2023-11-03,2023-11-21,連續5日,7.69,-2.21,✅,⭐,-3.40,2.04,-1.70,11.05,34.33
4979,華星光,中,2023,2023-11-01,2023-11-15,10日6次,-4.06,2.93,,,8.14,9.77,15.96,12.05,2.66
6593,台灣銘板,小,2023,2023-10-30,2023-11-13,連續3日,1.89,1.85,,,6.02,7.41,28.24,27.78,30.21
3041,揚智,小,2023,2023-10-26,2023-11-09,10日6次,9.84,-3.66,,,1.65,-3.47,-8.59,-7.68,-11.33
6530,創威,小,2023,2023-10-23,2023-11-08,連續5日,0.35,-2.10,,,-9.09,-3.67,-9.09,-9.97,3.49
6643,M31,中,2023,2023-10-23,2023-11-08,連續5日,-2.35,-0.88,,,-3.61,1.53,-2.08,-3.18,12.37
2364,倫飛,小,2023,2023-10-19,2023-11-02,連續3日,-4.33,0.35,,,-5.57,-3.14,-1.05,0.35,-5.52
6419,京晨科,小,2023,2023-10-19,2023-11-02,連續3日,4.41,0.00,✅,⭐,-5.03,-5.68,7.63,3.25,18.79
6482,弘煜科,小,2023,2023-10-19,2023-11-02,連續3日,-2.65,0.00,,,1.17,-4.86,5.06,0.97,16.18
2363,矽統,中,2023,2023-10-18,2023-11-03,連續5日+當沖,8.31,1.48,✅,,-8.50,-0.74,-4.07,-7.58,5.30
8227,巨有科技,小,2023,2023-10-16,2023-10-30,連續5日,3.63,1.40,✅,,3.27,1.87,0.70,-1.17,-4.66
2417,圓剛,小,2023,2023-10-11,2023-10-27,連續3日+當沖,-4.46,0.73,,,-5.11,-5.55,-8.32,-16.06,0.10
9105,泰金寶-DR,中,2023,2023-10-06,2023-10-24,10日6次,3.54,-14.67,✅,⭐,-15.89,-18.58,-21.03,-21.76,-6.46
5432,新門,小,2023,2023-10-04,2023-10-24,連續3日,3.03,-0.77,✅,⭐,-2.43,-6.77,-0.51,-11.24,-10.96
5321,美而快,小,2023,2023-09-19,2023-10-04,連續3日,2.19,0.86,✅,,1.29,3.00,9.87,5.58,-2.90
2358,廷鑫,小,2023,2023-09-11,2023-09-25,連續3日,9.65,-1.76,,,-1.76,-11.27,-10.56,-9.15,-13.26
2816,旺旺保,小,2023,2023-09-08,2023-09-22,連續5日,1.60,2.29,,,-1.71,-1.86,5.29,-3.00,-12.28
3548,兆利,小,2023,2023-09-08,2023-09-22,連續3日,0.82,1.21,,,-4.05,-2.83,11.74,11.34,12.30
6122,擎邦,小,2023,2023-09-07,2023-09-25,連續3日,0.36,1.25,,,1.42,0.89,-0.71,-6.76,-14.57
9103,美德醫療-DR,小,2023,2023-09-07,2023-09-21,連續5日,0.16,-1.12,,,-1.92,-3.21,-3.69,-4.49,-0.36
4542,科嶠,小,2023,2023-09-06,2023-09-20,連續3日,9.98,3.22,,,9.96,0.15,-3.66,-0.15,-12.74
5348,系通,小,2023,2023-08-29,2023-09-12,連續3日,-9.07,0.55,,,0.00,2.22,1.66,11.36,2.14
4944,兆遠,小,2023,2023-08-25,2023-09-08,連續3日,10.00,0.00,,,6.58,-4.70,-3.76,3.45,28.47
6117,迎廣,小,2023,2023-08-25,2023-09-12,連續3日+當沖,-2.12,-2.03,,,-2.98,0.81,0.95,0.00,-11.53
3306,鼎天,小,2023,2023-08-23,2023-09-08,連續3日,5.69,-1.75,✅,⭐,-2.47,-6.11,-4.22,-9.61,-17.07
3043,科風,小,2023,2023-08-21,2023-09-04,連續3日,3.85,1.85,✅,,4.26,10.00,12.78,20.56,3.91
5511,德昌,中,2023,2023-08-08,2023-08-22,10日6次,0.25,-0.49,,,1.72,0.74,-9.85,-4.93,-12.83
2329,華泰,中,2023,2023-08-01,2023-08-15,連續3日,-6.74,0.22,,,1.45,4.56,12.57,1.00,2.27
2421,建準,中,2023,2023-07-28,2023-08-11,10日6次,2.84,0.69,✅,,-0.34,-10.34,-11.38,-5.52,-10.39
4188,安克,小,2023,2023-07-27,2023-08-10,連續3日,3.33,2.50,✅,,-6.44,-17.17,-19.86,-19.50,-21.96
6811,宏碁資訊,中,2023,2023-07-26,2023-08-09,連續3日,9.37,-3.02,,,-1.01,-6.17,-8.56,-14.86,-20.46
3035,智原,大,2023,2023-07-25,2023-08-10,連續3日+當沖,-0.53,-0.93,,,0.00,-12.32,-13.64,-25.43,-26.18
8210,勤誠,中,2023,2023-07-25,2023-08-08,10日6次,9.98,0.40,,,-4.84,-14.72,-18.15,-23.79,-17.31
2316,楠梓電,小,2023,2023-07-24,2023-08-07,連續3日,9.88,6.54,,,9.93,4.79,12.03,2.45,-0.25
3362,先進光,中,2023,2023-07-24,2023-08-07,連續5日,0.64,1.59,,,-5.71,-9.52,-5.71,-8.89,5.37
6150,撼訊,小,2023,2023-07-24,2023-08-07,連續3日,4.13,0.88,✅,,-3.52,-12.78,-14.54,-29.69,-25.38
6527,明達醫,小,2023,2023-07-24,2023-08-07,連續3日,-4.20,1.75,,,0.44,-7.02,-7.89,-20.35,-16.08
6530,創威,小,2023,2023-07-24,2023-08-07,連續3日,-2.09,-0.27,,,0.00,-7.20,-7.47,-22.27,-18.89
6442,光聖,小,2023,2023-07-21,2023-08-04,連續3日,-3.64,-1.08,,,1.35,-1.75,-2.29,-0.40,-14.60
6579,研揚,中,2023,2023-07-21,2023-08-04,連續3日,1.33,-2.63,,,0.53,6.32,14.74,11.05,5.93
2356,英業達,大,2023,2023-07-20,2023-08-04,連續3日,-2.90,-1.73,,,-2.04,10.38,10.06,0.16,-7.26
3363,上詮,小,2023,2023-07-20,2023-08-07,連續3日,0.00,-5.20,,,-7.17,0.70,4.08,-1.69,8.89
3483,力致,中,2023,2023-07-20,2023-08-04,連續3日,5.14,-1.50,✅,⭐,3.76,18.80,9.02,11.28,3.63
3706,神達,大,2023,2023-07-20,2023-08-04,連續3日,1.39,-3.52,,,-8.41,-2.35,-7.83,-7.93,-3.88
6569,醫揚,小,2023,2023-07-19,2023-08-02,連續3日,3.38,1.40,✅,,9.81,13.55,10.75,7.48,-15.68
2388,威盛,大,2023,2023-07-18,2023-08-01,連續3日,2.36,1.15,✅,,-3.85,3.85,16.15,10.77,-3.16
6703,軒郁,中,2023,2023-07-17,2023-07-31,連續3日,9.90,5.85,,,6.95,-0.79,0.16,-2.69,-14.39
3231,緯創,大,2023,2023-07-14,2023-07-28,10日6次,6.45,4.17,✅,,7.58,0.76,1.89,15.15,10.21
6419,京晨科,小,2023,2023-07-14,2023-07-28,連續3日,-3.87,2.79,,,2.12,0.56,6.15,-19.89,-20.05
6538,倉和,小,2023,2023-07-12,2023-07-26,連續3日,1.36,0.67,,,-0.34,6.04,3.69,-2.01,-6.75
4979,華星光,中,2023,2023-07-11,2023-07-27,連續5日,-2.87,1.11,,,3.32,14.76,23.99,25.09,28.57
8093,保銳,小,2023,2023-07-11,2023-07-25,連續3日,5.95,-0.58,✅,⭐,-6.98,-1.16,1.16,-9.30,17.35
3564,其陽,小,2023,2023-07-10,2023-07-24,連續3日,-6.49,0.83,,,-5.79,-5.79,-1.32,-8.43,27.89
4905,台聯電,小,2023,2023-07-10,2023-07-24,連續3日,3.57,1.72,✅,,-7.47,-4.02,-11.95,-16.90,-3.21
6117,迎廣,小,2023,2023-07-10,2023-07-24,連續3日,5.39,0.57,✅,,-4.36,-4.55,-1.52,-15.53,-3.72
8048,德勝,小,2023,2023-07-10,2023-07-24,連續3日,2.63,-0.98,✅,⭐,-2.81,10.62,14.29,12.58,12.83
3013,晟銘電,小,2023,2023-07-07,2023-07-21,連續3日,3.63,-2.82,✅,⭐,-0.79,-6.67,-2.03,5.54,29.03
2230,泰茂,小,2023,2023-07-06,2023-07-24,連續3日,-9.69,-1.29,,,-0.43,-0.86,-1.72,-0.43,-2.51
6451,訊芯-KY,中,2023,2023-07-06,2023-07-20,10日6次,1.20,-0.79,,,0.40,-5.14,-0.40,3.95,-7.05
3664,安瑞-KY,小,2023,2023-07-04,2023-07-18,10日6次,1.00,1.27,,,-2.26,-2.40,2.26,-2.26,-8.90
1519,華城,中,2023,2023-06-30,2023-07-14,10日6次,1.99,-0.65,,,-3.91,-2.93,-2.61,8.14,35.24
1471,首利,小,2023,2023-06-29,2023-07-13,10日6次,-2.46,-0.36,,,-4.69,7.22,17.33,31.41,36.01
2059,川湖,大,2023,2023-06-29,2023-07-13,10日6次,4.45,-0.47,✅,⭐,-0.95,11.83,5.68,8.68,17.80
3073,天方能源,小,2023,2023-06-29,2023-07-13,連續3日,-7.35,1.92,,,0.84,-4.09,4.81,-3.97,-17.40
2722,夏都,中,2023,2023-06-27,2023-07-13,連續3日+當沖,-0.88,0.00,,,-9.82,-15.54,-13.39,-20.18,-24.61
6120,達運,小,2023,2023-06-27,2023-07-11,10日6次,-3.79,0.00,,,-5.57,-3.61,0.00,0.98,22.56
6125,廣運,中,2023,2023-06-27,2023-07-11,連續3日,2.83,-1.99,✅,⭐,-9.95,-4.13,15.77,34.00,32.98
2468,華經,小,2023,2023-06-21,2023-07-07,10日6次,-1.05,0.47,,,3.29,-5.88,-3.88,-8.35,-16.42
6235,華孚,中,2023,2023-06-20,2023-07-10,連續5日+當沖,-2.09,-1.52,,,-6.71,-5.79,-10.37,1.22,2.91
4533,協易機,小,2023,2023-06-15,2023-07-03,連續3日,9.89,1.05,,,9.83,1.26,6.90,23.43,21.17
5703,亞都,小,2023,2023-06-14,2023-06-30,連續3日,10.00,1.45,,,-0.40,-4.87,1.71,-12.78,-10.41
6577,勁豐,小,2023,2023-06-14,2023-06-30,連續3日,8.82,-1.16,✅,⭐,5.79,1.54,-2.70,-3.86,-16.42
8034,榮群,小,2023,2023-06-14,2023-06-30,連續3日,1.35,-0.22,,,2.21,-3.54,-1.55,-1.77,-8.80
2432,倚天酷碁-創,小,2023,2023-06-13,2023-06-29,10日6次,9.91,10.00,,,-8.03,-15.90,-17.21,-15.57,-17.38
6625,必應,小,2023,2023-06-13,2023-07-03,連續5日+當沖,-6.23,3.12,,,5.08,2.73,2.34,-0.39,-1.47
2734,易飛網,小,2023,2023-06-09,2023-06-27,連續3日,4.20,0.00,✅,⭐,-5.67,-2.99,-5.07,0.45,19.26
8996,高力,中,2023,2023-06-08,2023-06-26,10日6次,5.25,-1.25,✅,⭐,-4.81,4.63,15.15,10.16,26.98
4543,萬在,小,2023,2023-06-05,2023-06-19,連續3日,3.94,1.80,✅,,1.80,6.39,14.97,17.56,10.82
6291,沛亨,中,2023,2023-06-02,2023-06-16,連續3日,-3.40,3.52,,,3.93,3.11,1.86,22.15,6.81
5301,寶得利,小,2023,2023-05-31,2023-06-14,連續3日,2.57,-0.84,✅,⭐,6.69,6.41,13.37,25.91,9.83
6643,M31,中,2023,2023-05-31,2023-06-14,連續3日,2.00,0.92,✅,,-1.73,-1.04,-1.73,-1.73,4.68
2736,富野,小,2023,2023-05-30,2023-06-15,連續3日,1.93,1.14,,,-1.52,1.52,0.25,21.21,7.34
2719,燦星旅,小,2023,2023-05-25,2023-06-08,連續3日,9.77,0.00,,,-3.93,-13.35,-5.24,-7.98,27.03
6697,東捷資訊,小,2023,2023-05-24,2023-06-07,連續3日,9.95,3.26,,,9.50,0.59,1.04,4.75,-3.88
2427,三商電,小,2023,2023-05-23,2023-06-06,10日6次,7.93,0.61,✅,,-2.04,0.00,1.22,13.06,8.39
8426,紅木-KY,小,2023,2023-05-22,2023-06-05,連續3日,-3.58,3.12,,,9.94,3.86,1.63,3.56,5.85
2745,五福,小,2023,2023-05-19,2023-06-02,連續3日,-2.47,-2.05,,,1.26,21.96,15.32,11.37,23.67
6198,瑞築,小,2023,2023-05-19,2023-06-02,連續3日,4.80,-4.72,✅,⭐,-2.00,-2.43,-6.58,-0.72,4.46
2743,山富,小,2023,2023-05-18,2023-06-01,連續3日,9.99,9.69,,,9.69,23.47,18.37,28.57,28.48
6276,安鈦克,小,2023,2023-05-12,2023-05-26,連續3日,-3.42,1.29,,,9.97,16.08,19.61,18.97,5.20
4160,創源,小,2023,2023-05-11,2023-05-25,連續3日,8.40,-6.64,✅,⭐,-9.96,-11.62,-15.59,-15.22,-16.75
2424,隴華,小,2023,2023-05-09,2023-05-23,連續3日,-1.87,8.08,,,-2.79,-11.89,-17.33,-13.07,-12.59
6111,大宇資,中,2023,2023-05-09,2023-05-25,連續3日,0.54,0.00,,,-1.49,-8.95,-10.54,-7.56,-11.71
6148,驊宏資,小,2023,2023-05-08,2023-05-24,連續3日,-0.36,-1.08,,,0.48,-6.26,-8.06,-5.66,-4.67
6752,叡揚,小,2023,2023-05-08,2023-05-22,10日6次,1.67,0.00,,,-3.01,-3.28,-4.92,-1.91,0.49
1727,中華化,小,2023,2023-05-02,2023-05-16,連續3日,1.49,-1.10,,,1.59,2.45,1.72,-8.58,-9.89
4741,泓瀚,小,2023,2023-04-28,2023-05-15,連續3日,-3.02,0.00,,,1.82,3.76,0.00,-4.02,-17.55
4147,中裕,中,2023,2023-04-27,2023-05-12,10日6次,0.45,-1.33,,,-1.33,9.33,17.33,10.22,-5.76
6235,華孚,中,2023,2023-04-25,2023-05-10,10日6次,0.43,0.75,,,-7.48,-2.56,2.78,2.03,4.84
6791,虎門科技,小,2023,2023-04-25,2023-05-10,連續3日,3.10,-3.76,✅,⭐,-8.27,-6.77,-6.02,-7.89,13.99
3058,立德,小,2023,2023-04-24,2023-05-09,連續3日,-6.75,-0.44,,,2.85,-3.73,4.61,14.04,14.14
1810,和成,小,2023,2023-04-21,2023-05-08,連續3日,-2.52,-2.21,,,-6.09,-0.55,4.43,3.32,1.80
1529,樂事綠能,小,2023,2023-04-20,2023-05-05,連續3日,1.20,-0.12,,,-6.86,-5.33,-5.92,0.83,3.96
1584,精剛,小,2023,2023-04-20,2023-05-09,連續3日,2.55,0.68,✅,,-7.24,-7.24,-9.39,-6.00,-10.24
2630,亞航,小,2023,2023-04-20,2023-05-05,連續3日,-2.21,0.00,,,-6.02,-6.39,-7.89,22.37,33.64
4728,雙美,中,2023,2023-04-20,2023-05-05,連續3日,9.84,4.48,,,9.81,18.55,10.66,18.55,11.49
3693,營邦,小,2023,2023-04-18,2023-05-05,連續3日,2.78,1.35,✅,,5.14,4.59,16.76,-6.22,-7.81
6465,威潤,小,2023,2023-04-18,2023-05-03,連續3日,-0.98,0.99,,,-1.59,-1.59,-7.54,-5.75,-6.41
3308,聯德,小,2023,2023-04-17,2023-05-02,連續3日,9.91,1.84,,,5.34,10.02,2.00,-4.51,0.44
5314,世紀,小,2023,2023-04-14,2023-04-28,連續3日,-4.09,6.85,,,2.22,-0.37,-5.93,-12.59,-13.40
2482,連宇,小,2023,2023-04-10,2023-04-24,10日6次,1.72,1.54,,,1.08,2.61,5.22,11.06,4.20
3664,安瑞-KY,小,2023,2023-04-10,2023-04-24,連續3日,9.96,7.61,,,0.00,6.88,1.27,9.24,1.09
6472,保瑞,大,2023,2023-03-31,2023-04-21,連續3日,-2.07,-0.66,,,-2.12,7.67,6.48,2.25,-4.28
6517,保勝光學,小,2023,2023-03-30,2023-04-18,連續3日,-2.22,5.45,,,10.00,32.27,29.09,24.55,27.74
3629,地心引力,小,2023,2023-03-29,2023-04-17,連續3日,3.02,3.10,✅,,-0.34,-15.95,-14.22,-4.14,1.72
6160,欣技,小,2023,2023-03-28,2023-04-14,連續3日,1.07,0.53,,,-1.93,-1.05,-1.41,0.88,4.48
8478,東哥遊艇,大,2023,2023-03-28,2023-04-18,連續3日+當沖,10.00,7.77,,,3.79,-0.38,-0.38,-0.57,-8.57
6291,沛亨,小,2023,2023-03-17,2023-03-31,連續3日,-10.00,3.70,,,3.33,11.11,9.26,10.74,-0.72
2429,銘旺科,小,2023,2023-03-13,2023-03-27,連續3日,5.41,6.34,✅,,-3.93,-10.57,-14.50,-2.11,-5.07
7402,邑錡,小,2023,2023-03-13,2023-03-27,連續3日,9.76,2.04,,,-5.83,-5.98,-6.71,10.79,14.19
3362,先進光,中,2023,2023-03-10,2023-03-28,連續3日,1.75,-2.16,,,-6.47,-5.17,-6.03,-0.86,-4.04
6811,宏碁資訊,小,2023,2023-03-08,2023-03-22,連續3日,-2.12,-0.48,,,6.51,-3.61,-3.13,-5.06,3.26
6752,叡揚,小,2023,2023-03-07,2023-03-21,連續3日,0.00,-3.80,,,2.53,-3.48,-12.97,-18.99,-12.70
8033,雷虎,小,2023,2023-03-07,2023-03-21,10日6次,8.47,-0.81,✅,⭐,-3.09,-0.16,-7.80,-11.38,0.15
6751,智聯服務,小,2023,2023-03-06,2023-03-20,連續3日,4.40,-0.54,✅,⭐,-0.82,9.92,-5.57,0.54,11.15
8996,高力,中,2023,2023-03-03,2023-03-21,連續5日+當沖,-1.43,0.41,,,-2.90,-3.11,-3.53,-10.37,2.42
2739,寒舍,小,2023,2023-03-01,2023-03-15,連續3日,9.98,3.33,,,0.93,15.74,19.44,9.26,4.41
6791,虎門科技,小,2023,2023-03-01,2023-03-15,連續3日,1.01,-3.75,,,-0.62,9.00,12.50,1.00,-9.92
3058,立德,小,2023,2023-02-24,2023-03-14,連續5日,8.63,-0.66,✅,⭐,-1.99,-2.32,-3.97,0.99,3.02
2719,燦星旅,小,2023,2023-02-23,2023-03-13,連續3日,9.87,3.16,,,-3.00,-13.14,-11.65,-12.65,-20.94
8940,新天地,小,2023,2023-02-23,2023-03-13,連續3日,9.98,0.00,,,-1.35,-1.16,8.88,1.35,-7.40
6874,倍力,小,2023,2023-02-21,2023-03-09,連續3日,9.94,5.07,,,9.92,31.20,22.38,28.45,23.01
2754,亞洲藏壽司,小,2023,2023-02-20,2023-03-10,連續3日,3.47,0.52,✅,,2.32,12.89,6.70,7.99,-7.91
2453,凌群,小,2023,2023-02-16,2023-03-08,連續3日+當沖,2.78,0.49,✅,,1.60,10.84,8.37,22.91,38.31
6865,偉康科技,小,2023,2023-02-15,2023-03-03,連續3日,-0.45,-1.35,,,-2.24,7.17,2.69,-2.69,17.99
6472,保瑞,大,2023,2023-02-14,2023-03-06,連續3日,-2.03,-10.00,,,-10.00,-11.32,-7.08,-3.77,9.08
8227,巨有科技,小,2023,2023-02-13,2023-03-01,連續3日,-0.40,0.40,,,9.24,6.83,27.31,36.55,19.50
2482,連宇,小,2023,2023-02-07,2023-02-23,連續3日+當沖,0.90,-0.76,,,1.78,6.61,4.70,18.81,22.11
9105,泰金寶-DR,中,2023,2023-02-06,2023-02-20,10日6次,1.46,0.72,,,-0.96,-0.72,-2.15,-1.20,2.06
6612,奈米醫材,小,2023,2023-02-03,2023-02-17,連續3日,-3.50,0.00,,,1.61,4.44,14.11,2.82,4.40
5340,建榮,小,2023,2023-01-10,2023-02-03,連續3日,9.15,-2.38,,,2.00,1.00,3.63,14.64,19.77
4747,強生,小,2022,2022-12-27,2023-01-11,10日6次,9.96,-0.16,,,-2.80,-11.04,-19.28,-19.28,-18.24
1701,中化,小,2022,2022-12-19,2023-01-03,連續3日,7.06,0.16,✅,,-0.80,-1.29,7.72,3.22,1.59
3693,營邦,小,2022,2022-12-16,2023-01-04,連續3日,-0.43,0.44,,,3.93,0.00,1.75,-1.31,-3.72
1342,八貫,中,2022,2022-12-09,2022-12-27,連續3日+當沖,9.80,0.00,,,1.12,-4.09,4.83,-5.58,-10.28
4979,華星光,小,2022,2022-12-06,2022-12-22,連續3日,3.52,-0.57,✅,⭐,-0.38,-4.72,-1.89,1.89,-18.73
2719,燦星旅,小,2022,2022-12-05,2022-12-19,連續3日,7.81,2.28,✅,,-2.15,-10.07,-7.38,-14.36,-5.16
8222,寶一,小,2022,2022-12-01,2022-12-19,連續3日+當沖,-2.89,0.94,,,-0.78,0.31,-3.76,-7.52,-7.47
1795,美時,大,2022,2022-11-29,2022-12-15,連續3日+當沖,0.41,-0.61,,,-5.27,0.00,9.33,-2.43,2.85
1810,和成,小,2022,2022-11-29,2022-12-15,連續3日+當沖,9.92,0.00,,,-1.39,-3.94,-6.48,-1.39,3.40
3095,及成,小,2022,2022-11-21,2022-12-05,連續3日,-1.16,0.00,,,0.00,-3.51,-3.90,-7.79,1.20
6472,保瑞,大,2022,2022-11-18,2022-12-06,連續3日,1.78,-0.70,,,0.12,2.68,7.82,-0.47,-2.92
6556,勝品,小,2022,2022-11-10,2022-11-24,連續3日,9.00,0.00,✅,⭐,-3.48,0.43,-0.43,6.09,-0.81
8033,雷虎,小,2022,2022-11-09,2022-11-23,連續3日,3.32,-5.56,✅,⭐,-4.82,-0.58,5.26,22.81,34.82
3272,東碩,小,2022,2022-11-07,2022-11-23,連續3日,4.53,0.75,✅,,-1.13,-0.38,-0.94,3.58,-10.83
9105,泰金寶-DR,中,2022,2022-11-03,2022-11-17,10日6次,1.06,-0.78,,,-1.57,-1.04,0.26,-2.61,-0.36
6247,淇譽電,小,2022,2022-10-21,2022-11-04,連續3日,0.99,-0.65,,,-0.98,-0.98,-0.65,-0.65,0.30
4304,勝昱,小,2022,2022-09-29,2022-10-14,連續3日,-10.00,-9.92,,,-9.92,-15.08,-22.94,-25.56,-20.36
5703,亞都,小,2022,2022-09-28,2022-10-13,連續3日,-9.71,-0.27,,,-9.95,6.45,-2.96,1.08,-2.75
8426,紅木-KY,小,2022,2022-09-16,2022-09-30,連續3日,9.95,2.71,,,2.71,22.17,14.48,12.44,2.73
9105,泰金寶-DR,中,2022,2022-09-16,2022-09-30,10日6次,0.26,-0.26,,,-1.57,-3.15,-4.20,-6.04,-6.22
3205,佰研,小,2022,2022-09-13,2022-09-27,10日6次,0.16,0.16,,,-2.80,-6.69,-16.80,-11.04,-21.48
3373,熱映,小,2022,2022-09-08,2022-09-23,連續3日,-3.29,2.04,,,-1.19,-5.27,-4.76,-9.35,-6.73
4168,醣聯,小,2022,2022-09-07,2022-09-22,連續3日,-5.22,-0.36,,,0.00,-0.72,-1.20,-9.45,3.59
6666,羅麗芬-KY,小,2022,2022-09-02,2022-09-19,10日6次,-3.55,0.00,,,0.00,-7.76,-10.39,-5.79,-8.12
6683,雍智科技,小,2022,2022-09-02,2022-09-19,連續3日,-2.43,-0.21,,,-2.29,-10.19,-8.32,-4.16,-11.42
4770,上品,中,2022,2022-08-29,2022-09-13,連續3日,4.70,-3.57,✅,⭐,-3.04,4.49,2.51,-4.23,0.73
4743,合一,大,2022,2022-08-26,2022-09-12,連續3日,7.22,0.00,✅,⭐,9.23,9.04,14.62,3.27,2.28
4768,晶呈科技,小,2022,2022-08-26,2022-09-12,連續5日,-0.58,0.00,,,-1.47,0.88,13.20,12.02,32.38
6767,台微醫,小,2022,2022-08-26,2022-09-12,連續3日,1.48,0.00,,,-3.40,-8.25,-7.89,-15.05,-13.17
9928,中視,小,2022,2022-08-26,2022-09-12,10日6次,9.89,0.96,,,-6.27,1.93,-0.64,-7.88,-2.24
3520,華盈,小,2022,2022-08-25,2022-09-08,連續3日,-2.69,-0.99,,,0.99,-2.96,0.59,-10.06,-12.86
6649,台生材,小,2022,2022-08-25,2022-09-08,連續3日,-6.14,-3.09,,,-2.22,-5.93,-3.70,-5.56,-9.45
2230,泰茂,小,2022,2022-08-24,2022-09-07,連續3日,9.86,-0.31,,,-2.36,5.35,8.03,9.61,3.84
5205,中茂,小,2022,2022-08-24,2022-09-07,連續3日,5.76,8.67,✅,,2.22,-0.89,-2.11,-2.22,2.36
6461,益得,小,2022,2022-08-24,2022-09-07,連續3日,-9.96,-2.83,,,2.21,-1.23,0.49,0.12,-11.41
8478,東哥遊艇,中,2022,2022-08-24,2022-09-12,連續3日+當沖,9.88,0.78,,,-4.19,-6.20,-5.74,-7.29,-18.48
1539,巨庭,小,2022,2022-08-23,2022-09-06,連續3日,-0.96,0.32,,,3.76,5.26,2.90,1.61,-21.68
2468,華經,小,2022,2022-08-23,2022-09-06,連續3日,-1.37,-2.78,,,1.16,2.55,-1.16,5.57,-19.39
1449,佳和,小,2022,2022-08-22,2022-09-05,連續3日,0.00,-1.50,,,-1.50,-5.26,-6.02,11.65,20.25
2364,倫飛,小,2022,2022-08-19,2022-09-02,連續3日,9.76,9.78,,,9.78,-1.33,18.22,24.44,8.55
6472,保瑞,中,2022,2022-08-19,2022-09-06,連續3日,4.58,1.72,✅,,-0.16,1.72,8.45,7.98,-8.19
4413,飛寶企業,小,2022,2022-08-18,2022-09-01,連續3日,-3.55,3.85,,,2.84,-1.51,-1.34,-10.37,-3.77
6643,M31,中,2022,2022-08-17,2022-08-31,連續3日,-3.50,-0.30,,,2.72,1.66,-1.66,0.00,6.70
3432,台端,小,2022,2022-08-11,2022-08-25,連續3日,2.73,1.77,✅,,0.22,4.20,0.88,5.75,4.94
6512,啟發電,小,2022,2022-08-09,2022-08-23,連續3日,-3.00,0.00,,,5.45,1.09,-1.09,8.00,-10.01
9912,偉聯,小,2022,2022-08-08,2022-08-22,連續5日,9.92,8.30,,,9.75,3.61,0.72,0.72,-8.91
2380,虹光,小,2022,2022-07-29,2022-08-12,連續3日,-1.15,0.39,,,1.95,-1.56,-2.33,-3.50,0.79
2388,威盛,中,2022,2022-07-28,2022-08-15,連續3日+當沖,-0.41,0.00,,,-2.74,2.47,0.00,2.74,17.81
2305,全友,小,2022,2022-07-25,2022-08-10,連續3日+當沖,9.95,2.87,,,9.93,3.53,19.21,36.20,15.31
3362,先進光,中,2022,2022-07-22,2022-08-09,連續3日,0.26,0.13,,,-0.65,-1.68,-0.52,-0.39,2.38
6133,金橋,小,2022,2022-07-22,2022-08-09,連續3日+當沖,9.88,0.54,,,5.18,4.09,25.89,29.97,9.49
6796,晉弘,小,2022,2022-07-14,2022-07-28,連續3日,-0.69,-0.69,,,-0.46,5.79,17.48,34.26,29.88
3508,位速,小,2022,2022-06-30,2022-07-18,連續3日,-6.02,0.00,,,-5.13,0.77,-1.67,-1.54,28.29
3205,佰研,小,2022,2022-06-29,2022-07-15,連續3日,8.64,1.28,✅,,-1.28,-5.90,-1.03,17.05,27.44
8222,寶一,小,2022,2022-06-24,2022-07-12,連續3日+當沖,-6.41,-0.49,,,0.73,-2.20,-11.00,-3.42,-3.27
8467,波力-KY,小,2022,2022-06-23,2022-07-07,10日6次,9.89,3.83,,,2.67,6.33,13.33,5.83,-15.62
4911,德英,小,2022,2022-06-20,2022-07-04,連續3日,9.89,0.00,,,-0.10,20.60,10.40,19.80,-7.66
3252,海灣,小,2022,2022-06-15,2022-07-01,連續3日,0.58,3.05,,,-3.05,-5.73,-11.83,-9.73,-11.38
3494,誠研,小,2022,2022-06-15,2022-06-29,10日6次,-7.61,2.09,,,-4.06,-8.36,-3.94,-0.98,2.21
4402,福大,小,2022,2022-06-13,2022-06-27,連續3日,1.20,1.19,,,2.77,2.37,-9.09,-7.91,-6.51
2745,五福,小,2022,2022-06-08,2022-06-22,連續3日,-6.98,-2.50,,,0.18,-4.46,-8.39,-7.14,-13.37
2364,倫飛,小,2022,2022-06-07,2022-06-21,10日6次,3.28,3.73,✅,,0.28,-3.73,-6.08,-5.11,-21.29
5258,虹堡,小,2022,2022-06-07,2022-06-23,連續3日+當沖,-2.21,0.00,,,2.09,5.22,16.70,6.61,-10.92
8097,常珵,小,2022,2022-06-07,2022-06-21,10日6次,-9.58,0.00,,,4.04,8.45,13.75,7.06,-8.48
5205,中茂,小,2022,2022-06-02,2022-06-17,連續3日,5.62,-2.55,✅,⭐,3.70,0.69,1.62,3.47,6.12
8068,全達,小,2022,2022-06-01,2022-06-16,連續3日,2.11,-2.06,✅,⭐,-0.77,3.09,1.29,2.71,-1.14
1539,巨庭,小,2022,2022-05-31,2022-06-17,連續3日+當沖,-0.91,-1.54,,,-2.15,-1.69,2.46,3.38,-10.26
1568,倉佑,小,2022,2022-05-27,2022-06-13,10日6次,1.33,0.00,,,-2.44,-5.82,-4.50,-2.63,16.76
1524,耿鼎,小,2022,2022-05-25,2022-06-13,連續3日+當沖,-0.75,0.75,,,-1.75,-5.26,-3.76,-0.75,19.29
3466,致振,小,2022,2022-05-25,2022-06-09,連續3日,-3.30,0.57,,,0.19,13.28,8.54,13.66,0.78
2929,淘帝-KY,小,2022,2022-05-24,2022-06-08,10日6次,3.88,0.75,✅,,-2.99,5.97,9.70,11.94,8.87
3535,晶彩科,小,2022,2022-05-20,2022-06-08,連續5日+當沖,3.90,-1.96,✅,🚫當沖條款,-4.25,-0.82,6.54,7.03,4.08
2482,連宇,小,2022,2022-05-19,2022-06-02,10日6次,9.88,2.72,,,9.81,9.26,3.27,12.26,6.84
2743,山富,小,2022,2022-05-19,2022-06-02,其他,0.34,-1.68,,,-7.87,-3.35,-2.01,9.88,33.64
6113,亞矽,小,2022,2022-05-13,2022-05-27,連續3日,-3.69,0.00,,,7.95,10.68,13.15,27.67,43.55
4116,明基醫,小,2022,2022-05-10,2022-05-26,連續3日,-1.19,-3.79,,,-10.00,-20.00,-21.64,-5.34,17.27
8087,華鎂鑫,小,2022,2022-04-27,2022-05-12,連續3日,-0.22,-7.35,,,0.00,5.46,4.90,21.16,5.66
6199,天品,小,2022,2022-04-26,2022-05-11,連續3日,-8.25,1.32,,,-8.33,8.11,6.58,8.77,18.78
4106,雃博,小,2022,2022-04-25,2022-05-10,連續3日,-2.98,0.00,,,-6.63,-10.81,-14.99,-21.13,-24.57
1760,寶齡富錦,中,2022,2022-04-21,2022-05-10,連續3日+當沖,1.25,-5.56,,,-5.56,-12.35,-6.79,-16.98,-24.21
3434,哲固,小,2022,2022-04-21,2022-05-06,連續3日,6.74,9.90,✅,,2.58,-4.73,15.21,25.39,30.27
6492,生華科,中,2022,2022-04-21,2022-05-06,連續3日,-2.65,-3.18,,,2.73,-12.27,-15.91,-18.36,-26.73
6578,達邦蛋白,小,2022,2022-04-20,2022-05-05,連續3日,-4.49,2.54,,,1.37,-7.63,-20.55,-16.44,-19.47
6242,立康,小,2022,2022-04-19,2022-05-04,連續3日,9.95,9.98,,,6.08,-0.16,12.32,8.89,13.47
6598,ABC-KY,小,2022,2022-04-19,2022-05-04,10日6次,2.90,1.23,✅,,-9.68,-10.92,-19.19,-20.60,-22.87
4148,全宇生技-KY,小,2022,2022-04-18,2022-05-05,連續5日+當沖,-5.81,-2.17,,,8.23,2.63,-2.86,-12.69,-13.03
8409,商之器,小,2022,2022-04-18,2022-05-03,連續3日,9.84,9.87,,,9.87,14.81,11.52,-1.65,-6.51
4736,泰博,中,2022,2022-04-14,2022-05-03,連續3日,0.76,-1.89,,,9.81,11.51,13.58,5.09,-4.14
5309,系統電,小,2022,2022-04-14,2022-04-28,連續5日,0.69,0.80,,,-1.49,-7.77,-6.29,-6.63,-9.17
4133,亞諾法,小,2022,2022-04-13,2022-04-29,連續3日+當沖,6.41,-0.94,✅,🚫當沖條款,-4.95,8.43,-3.61,-4.28,-1.91
1453,大將,小,2022,2022-04-12,2022-04-26,連續3日,9.93,7.02,,,3.68,0.00,8.70,11.37,38.03
5603,陸海,小,2022,2022-03-31,2022-04-18,連續3日,2.24,0.00,✅,⭐,-1.20,9.98,7.78,14.57,6.51
3011,今皓,小,2022,2022-03-29,2022-04-14,連續3日,8.01,0.00,✅,⭐,-3.30,-1.10,10.44,24.73,16.69
6240,松崗,小,2022,2022-03-28,2022-04-13,連續3日,0.82,3.66,,,9.96,11.59,10.57,6.50,-10.71
6241,易通展,小,2022,2022-03-28,2022-04-13,連續3日,-0.79,1.32,,,2.37,-4.75,-5.54,-4.88,2.74
1432,大魯閣,小,2022,2022-03-24,2022-04-11,連續3日,9.83,9.46,,,-9.97,-23.02,-23.53,-33.50,-23.65
4804,大略-KY,小,2022,2022-03-21,2022-04-06,連續3日,-3.44,0.00,,,-3.95,-1.58,10.67,19.37,25.16
9105,泰金寶-DR,中,2022,2022-03-17,2022-03-31,其他,0.22,-4.96,,,-3.66,-4.74,-3.02,-4.74,0.54
2024,志聯,小,2022,2022-03-09,2022-03-23,連續3日,-9.86,1.51,,,0.38,-1.51,-6.60,-4.53,0.02
2936,客思達-KY,小,2022,2022-03-08,2022-03-22,連續3日,-0.13,0.00,,,-0.13,0.26,0.26,0.26,0.16
1435,中福,小,2022,2022-03-01,2022-03-15,連續3日,2.99,0.00,✅,🔒漲停買不到,9.96,31.95,7.05,18.46,5.49
2924,東凌-KY,小,2022,2022-03-01,2022-03-15,連續3日,9.88,9.94,,,9.94,32.81,7.73,-3.15,-2.80
9955,佳龍,小,2022,2022-02-25,2022-03-16,連續5日+當沖,9.83,-0.69,,,-8.78,-13.60,-15.49,-15.32,-8.09
2743,山富,小,2022,2022-02-24,2022-03-15,連續3日,9.90,4.84,,,6.72,-0.27,9.41,-3.63,-18.62
5301,寶得利,小,2022,2022-02-24,2022-03-11,連續3日,8.82,1.35,✅,,-8.11,-13.51,4.39,-10.81,11.41
2745,五福,小,2022,2022-02-23,2022-03-10,連續3日,-3.90,-0.14,,,9.57,8.84,5.80,-0.29,-9.09
5321,美而快,小,2022,2022-02-21,2022-03-10,連續5日,-0.70,1.76,,,4.58,1.41,-0.70,2.11,-5.41
3066,李洲,小,2022,2022-02-17,2022-03-04,連續3日,3.08,9.88,✅,,9.88,16.12,18.08,19.90,-3.43
2497,怡利電,中,2022,2022-02-14,2022-03-03,連續5日+當沖,4.17,-1.00,✅,🚫當沖條款,-5.50,3.00,9.50,17.50,12.87
3219,倚強科,小,2022,2022-02-09,2022-02-23,連續3日,0.43,0.43,,,-3.86,3.86,11.59,5.58,5.45
1529,樂士,小,2022,2022-02-08,2022-02-24,連續3日+當沖,10.00,6.35,,,1.20,11.49,10.46,9.78,1.34
2323,中環,中,2022,2022-01-06,2022-01-20,10日6次,3.88,-2.24,✅,⭐,-1.87,-1.87,-10.45,-8.96,-3.02
2359,所羅門,小,2022,2022-01-06,2022-01-20,10日6次,-0.93,-1.89,,,-3.77,-1.13,-5.47,-5.66,1.41
6228,全譜,小,2022,2022-01-04,2022-01-18,連續3日,0.00,7.49,,,-2.58,-9.37,-5.15,-8.67,-20.55
4755,三福化,中,2022,2022-01-03,2022-01-19,連續5日+當沖,-1.97,0.29,,,-2.87,-0.57,-10.03,-9.46,-13.34
