起始日,出關日,處置次別,代號,名稱,規模,Dn組別,近20日漲幅,大戶(%),買進日,買進時累積(%),觸發方式,最深日,期間最深(%),出關報酬(%),結果,T+1收盤(%),T+2收盤(%),T+3收盤(%),T+4收盤(%),T+5收盤(%),T+6收盤(%),T+7收盤(%),T+8收盤(%),T+9收盤(%),T+10收盤(%),D1%,D2%,D3%,D4%,D5%,LowD1%,LowD2%,LowD3%,LowD4%,LowD5%,出關開盤(相對D0)%,買進日(-5%版),買進時累積(-5%版)(%),出關報酬(-5%版)(%),結果(-5%版)
2026-08-31,2026-09-07,第二次+,3163,波若威,大,Dn無資料,38.60,,-,,,-,,,-,,,,,,,,,,,,,,,,,,,,,,-,,,-
2026-08-31,2026-09-07,第一次,3441,聯一光,小,Dn無資料,54.76,,-,,,-,,,-,,,,,,,,,,,,,,,,,,,,,,-,,,-
2026-08-31,2026-09-07,第一次,4188,安克,小,Dn無資料,70.90,,-,,,-,,,-,,,,,,,,,,,,,,,,,,,,,,-,,,-
2026-08-31,2026-09-07,第一次,6103,合邦,小,Dn無資料,65.49,,-,,,-,,,-,,,,,,,,,,,,,,,,,,,,,,-,,,-
2026-08-28,2026-09-04,第二次+,4979,華星光,大,Dn無資料,78.07,,-,,,-,,,-,,,,,,,,,,,,,,,,,,,,,,-,,,-
2026-08-27,2026-09-03,第一次,2486,一詮,大,Dn無資料,42.28,,-,,,-,,,-,,,,,,,,,,,,,,,,,,,,,,-,,,-
2026-08-27,2026-09-03,第二次+,3362,先進光,中,Dn無資料,16.43,,-,,,-,,,-,,,,,,,,,,,,,,,,,,,,,,-,,,-
2026-08-26,2026-09-02,第一次,3234,光環,中,Dn -5%~0%,82.68,,-,,,D3,-0.55,,-,,,,,,,,,,,-1.10,-1.37,-0.55,,,-4.66,-2.19,,,,,-,,,-
2026-08-25,2026-09-01,第一次,4304,勝昱,小,Dn < -5%,56.76,,D1,-5.63,,D4,-7.69,,-,,,,,,,,,,,-5.63,-1.31,-7.50,-7.69,,-9.94,-1.50,-8.44,,,,D3,-7.50,,-
2026-08-25,2026-09-01,第二次+,4971,IET-KY,中,Dn ≥ 0%,22.40,,-,,,D3,6.98,,-,,,,,,,,,,,4.53,4.15,6.98,7.17,,-5.28,1.51,0.19,,,,-,,,-
2026-08-24,2026-08-31,第二次+,2455,全新,大,Dn ≥ 0%,21.92,,-,,,D3,5.42,,-,,,,,,,,,,,-6.03,3.33,5.42,6.65,6.90,-6.03,-7.76,2.22,5.05,,,-,,,-
2026-08-24,2026-08-31,第二次+,3498,陽程,中,Dn -5%~0%,72.20,,-,,,D5,-1.30,,-,,,,,,,,,,,-3.65,4.17,5.99,5.99,-1.30,-6.25,-5.99,1.82,3.65,,,-,,,-
2026-08-24,2026-08-31,第一次,5321,美而快,小,Dn ≥ 0%,23.77,,-,,,D3,11.25,,-,,,,,,,,,,,7.68,11.11,11.25,16.60,16.60,-2.33,7.96,9.05,11.80,,,-,,,-
2026-08-20,2026-08-27,第一次,3490,單井,小,Dn ≥ 0%,69.26,,-,,,D3,6.20,,-,,,,,,,,,,,5.02,15.17,6.20,16.67,14.53,0.75,7.05,5.88,6.84,12.82,8.12,-,,,-
2026-08-20,2026-08-27,第二次+,5475,德宏,中,Dn < -5%,17.65,,D3,-11.39,收盤跌破(A),D3,-11.39,13.48,✅ +13.48%,24.76,26.02,,,,,,,,,-2.22,-3.06,-11.39,-3.89,0.56,-5.56,-5.56,-12.22,-13.33,-7.22,0.56,-,,,-
2026-08-19,2026-08-26,第一次,3498,陽程,中,Dn ≥ 0%,64.93,,-,,,D4,6.32,,-,,,,,,,,,,,9.48,5.46,10.34,6.32,14.94,-2.87,1.15,4.60,3.45,3.74,12.36,-,,,-
2026-08-18,2026-08-25,第一次,7795,長廣,中,Dn ≥ 0%,20.26,,D1,4.19,,D3,0.55,-3.15,❌ -3.15%,,,,,,,,,,,4.19,-0.91,0.55,2.91,3.46,-2.19,-0.91,-2.37,-2.73,2.91,0.91,-,,,-
2026-08-17,2026-08-24,第一次,5475,德宏,中,Dn ≥ 0%,7.91,,D1,-0.88,,D5,2.35,1.78,✅ +1.78%,,,,,,,,,,,-0.88,7.04,5.57,3.23,2.35,-7.62,2.05,0.29,-0.29,-0.29,0.88,-,,,-
2026-08-17,2026-08-24,第一次,6716,應廣,小,Dn ≥ 0%,48.08,,-,,,D4,7.69,,-,,,,,,,,,,,5.26,11.34,10.53,7.69,7.69,2.02,6.88,7.29,3.64,1.21,3.64,-,,,-
2026-08-14,2026-08-21,第二次+,4979,華星光,大,Dn < -5%,43.88,,D3,-6.38,收盤跌破(A),D3,-6.38,7.95,✅ +7.95%,9.28,3.60,13.83,13.26,16.86,15.53,,,,,-7.45,-3.37,-6.38,-6.21,1.06,-9.93,-7.62,-8.69,-12.23,-8.16,1.06,-,,,-
2026-08-14,2026-08-21,第二次+,4991,環宇-KY,大,Dn ≥ 0%,19.50,,-,,,D3,1.46,,-,-0.82,-10.31,-8.25,0.93,10.93,7.22,,,,,-3.77,2.09,1.46,1.78,8.79,-3.77,-1.26,0.84,-4.29,0.42,7.11,-,,,-
2026-08-14,2026-08-21,第二次+,6213,聯茂,大,Dn ≥ 0%,44.31,,-,,,D4,3.20,,-,5.12,-1.13,8.61,19.47,15.37,19.26,,,,,2.35,2.56,4.05,3.20,8.74,-1.49,-0.64,1.71,-0.53,4.48,13.86,-,,,-
2026-08-13,2026-08-20,第一次,4931,新盛力,中,Dn -5%~0%,19.20,,-,,,D4,-2.81,,-,,,,,,,,,,,-2.25,-1.50,0.94,-2.81,0.37,-2.25,-3.93,-1.12,-3.00,-6.37,2.25,-,,,-
2026-08-13,2026-08-20,第一次,7711,永擎,中,Dn ≥ 0%,40.94,,-,,,D3,6.15,,-,,,,,,,,,,,9.83,5.47,6.15,9.94,9.50,0.00,5.03,4.25,7.26,4.36,9.50,-,,,-
2026-08-12,2026-08-19,第一次,6426,統新,小,Dn ≥ 0%,24.93,,-,,,D3,0.46,,-,,,,,,,,,,,1.83,-0.92,0.46,9.86,11.93,0.92,-3.21,0.00,0.00,7.11,0.92,-,,,-
2026-08-11,2026-08-18,第一次,3006,晶豪科,大,Dn -5%~0%,20.83,,D1,-2.90,,D5,-0.91,3.93,✅ +3.93%,,,,,,,,,,,-2.90,-0.54,0.73,-0.73,-0.91,-4.17,-2.36,-1.09,-2.18,-3.27,0.91,-,,,-
2026-08-11,2026-08-18,第一次,3081,聯亞,大,Dn ≥ 0%,27.39,,-,,,D4,0.20,,-,,,,,,,,,,,-2.17,7.50,5.13,0.20,10.06,-4.73,0.99,4.14,-2.56,3.55,12.43,-,,,-
2026-08-11,2026-08-18,第二次+,3450,聯鈞,大,Dn -5%~0%,1.75,,D4,-2.67,僅盤中觸及(C),D4,-2.67,10.20,✅ +10.20%,13.53,11.18,8.43,8.04,-0.59,4.51,12.55,13.33,24.51,,-9.64,-3.24,0.57,-2.67,4.96,-9.92,-7.54,-4.68,-6.30,-4.20,7.25,-,,,-
2026-08-11,2026-08-18,第一次,4971,IET-KY,中,Dn -5%~0%,17.29,,-,,,D4,-4.38,,-,,,,,,,,,,,-7.37,-0.40,-1.59,-4.38,5.18,-7.97,-5.38,-2.49,-5.78,-2.99,12.35,-,,,-
2026-08-11,2026-08-18,第一次,5351,鈺創,中,Dn ≥ 0%,14.00,,-,,,D3,13.16,,-,,,,,,,,,,,4.82,7.02,13.16,16.67,18.86,-4.82,5.70,7.89,12.28,14.04,21.05,-,,,-
2026-08-11,2026-08-18,第一次,6213,聯茂,大,Dn ≥ 0%,18.92,,-,,,D3,9.71,,-,,,,,,,,,,,5.73,8.54,9.71,12.28,12.51,-7.49,5.61,4.80,8.07,9.01,13.68,-,,,-
2026-08-11,2026-08-18,第二次+,6531,愛普*,大,Dn < -5%,3.36,,D3,-6.28,收盤跌破(A),D3,-6.28,3.24,✅ +3.24%,-0.23,-3.24,1.97,2.08,-2.31,1.27,5.90,6.01,3.47,,-9.97,-4.88,-6.28,0.98,-5.42,-9.97,-10.29,-6.83,-5.74,-5.42,-3.25,-,,,-
2026-08-10,2026-08-17,第一次,2059,川湖,大,Dn ≥ 0%,34.67,,-,,,D3,8.42,,-,,,,,,,,,,,7.16,10.85,8.42,10.13,12.51,4.32,4.55,6.12,6.57,8.10,23.76,-,,,-
2026-08-10,2026-08-17,第一次,2455,全新,大,Dn ≥ 0%,10.14,,-,,,D5,4.26,,-,,,,,,,,,,,5.63,0.96,5.63,5.49,4.26,3.30,-1.51,2.20,4.40,3.30,12.50,-,,,-
2026-08-10,2026-08-17,第一次,3037,欣興,大,Dn ≥ 0%,9.14,,-,,,D3,4.71,,-,,,,,,,,,,,3.87,3.87,4.71,4.71,6.81,2.20,1.78,3.66,2.20,4.19,9.42,-,,,-
2026-08-10,2026-08-17,第二次+,3189,景碩,大,Dn ≥ 0%,3.52,,-,,,D4,3.40,,-,5.48,0.82,-1.05,-0.82,-5.48,-7.46,-2.68,2.68,6.53,4.78,1.58,2.31,4.25,3.40,4.74,-1.46,-1.94,0.49,-1.22,2.07,8.87,-,,,-
2026-08-10,2026-08-17,第一次,3653,健策,大,Dn ≥ 0%,36.66,,-,,,D3,2.05,,-,,,,,,,,,,,-5.59,-7.19,2.05,5.82,10.84,-7.53,-11.07,-5.82,0.80,3.42,21.92,-,,,-
2026-08-05,2026-08-12,第一次,3362,先進光,中,Dn -5%~0%,5.90,,-,,,D3,-3.34,,-,,,,,,,,,,,-2.79,-1.95,-3.34,-0.84,-2.79,-3.90,-4.46,-3.62,-2.51,-4.74,-2.79,-,,,-
