date,gap_pct,high_open_pct,day_return,walked_lower,f_vol,f_foreign,f_rise,f_fut_short,score_3,score_4,tx_oi,ratio_910,n_foreign_down
2024-06-26,0.002736,0.005936,0.002098,0,0,0,0,1,0,1,-23113.000000,1.006312,1
2024-07-03,0.005702,0.007067,0.007067,0,0,0,0,1,0,1,-24975.000000,1.052382,0
2024-07-04,0.008133,0.009030,0.006920,0,1,0,0,1,1,2,-25460.000000,1.283175,0
2024-07-11,0.009787,0.007204,0.006105,0,1,0,0,1,1,2,-33628.000000,1.329292,0
2024-07-23,0.011581,0.015860,0.015860,0,0,0,0,1,0,1,-40239.000000,0.901531,0
2024-07-29,0.009140,0.006721,-0.007028,1,0,0,0,1,0,1,-37411.000000,0.943844,0
2024-08-07,0.006695,0.032365,0.031834,0,0,1,0,1,1,2,-35525.000000,0.844157,2
2024-08-12,0.006052,0.013846,0.008071,0,0,0,0,1,0,1,-32006.000000,1.059303,0
2024-08-13,0.001966,0.002318,-0.000894,1,1,0,1,1,2,3,-34712.000000,1.266499,0
2024-08-14,0.007132,0.009259,0.003427,0,1,0,0,1,1,2,-35894.000000,1.600545,0
2024-08-16,0.010027,0.011767,0.010609,0,1,0,0,1,1,2,-33152.000000,1.629802,0
2024-08-20,0.002429,0.003642,-0.001557,1,0,0,0,1,0,1,-34655.000000,0.273157,0
2024-08-26,0.004172,0.008942,-0.000466,1,1,0,0,1,1,2,-34860.000000,1.549881,1
2024-08-28,0.001153,0.007208,0.007208,0,0,0,0,1,0,1,-37502.000000,1.134421,1
2024-08-30,0.001271,0.005046,0.001710,0,0,0,0,1,0,1,-36971.000000,1.065841,1
2024-09-02,0.003315,0.004360,-0.004780,1,0,0,0,1,0,1,-39554.000000,0.806659,0
2024-09-05,0.008455,0.010235,-0.003920,1,0,1,0,1,1,2,-30917.000000,0.765352,2
2024-09-06,0.003197,0.009704,0.008456,0,0,0,0,1,0,1,-25669.000000,1.037944,0
2024-09-10,0.005114,0.003381,-0.008869,1,0,0,0,1,0,1,-28097.000000,1.102754,0
2024-09-11,0.001192,0.002128,-0.002759,1,0,0,1,1,1,2,-26965.000000,0.745916,1
2024-09-13,0.004670,0.001932,0.000243,0,0,0,1,1,1,2,-30370.000000,0.973438,1
2024-09-16,0.001854,0.002511,0.002297,0,0,0,1,1,1,2,-31780.000000,1.034385,0
2024-09-20,0.009234,0.004868,-0.003903,1,1,0,0,1,1,2,-30264.000000,1.562455,0
2024-09-25,0.006130,0.009572,0.008521,0,1,0,0,1,1,2,-31749.000000,1.578588,0
2024-09-26,0.003507,0.005269,0.000761,0,0,0,0,1,0,1,-34290.000000,1.185851,0
2024-09-27,0.005257,0.004362,-0.006797,1,0,0,0,1,0,1,-37081.000000,1.020493,0
2024-10-01,0.004729,0.005249,0.002720,0,0,0,0,1,0,1,-37202.000000,0.772180,0
2024-10-04,0.003069,0.001512,-0.006963,1,1,0,1,1,2,3,-39479.000000,1.845005,1
2024-10-07,0.007915,0.010669,0.009934,0,0,0,0,1,0,1,-37000.000000,1.094613,0
2024-10-09,0.001140,0.010990,0.000968,0,1,0,0,1,1,2,-41090.000000,1.230007,0
2024-10-11,0.002962,0.012537,0.007720,0,0,0,0,1,0,1,-40450.000000,0.978635,1
2024-10-14,0.001995,0.002973,0.001219,0,0,0,1,1,1,2,-41849.000000,0.974800,0
2024-10-15,0.004719,0.011706,0.009025,0,1,0,0,1,1,2,-39071.000000,1.340135,0
2024-10-17,0.004486,0.003356,-0.002612,1,0,0,0,1,0,1,-32317.000000,1.037309,0
2024-10-21,0.004926,0.003200,-0.002561,1,0,0,0,1,0,1,-28759.000000,0.793312,1
2024-10-24,0.004795,0.000000,-0.010838,1,0,1,1,1,2,3,-36095.000000,1.131643,3
2024-10-25,0.002697,0.005739,0.004015,0,0,0,0,1,0,1,-35511.000000,0.901157,1
2024-10-28,0.004593,0.003898,-0.010983,1,1,0,0,1,1,2,-37492.000000,1.310164,1
2024-10-30,0.002553,0.005708,-0.007166,1,0,0,0,1,0,1,-40874.000000,1.034736,1
2024-11-04,0.002594,0.007960,0.005526,0,0,0,0,1,0,1,-39276.000000,0.882868,0
2024-11-08,0.008513,0.003880,-0.002297,1,1,0,0,1,1,2,-45946.000000,1.271193,0
2024-11-15,0.002277,0.007629,-0.001069,1,0,1,0,1,1,2,-47248.000000,1.171775,2
2024-11-19,0.003025,0.012910,0.010350,0,0,0,0,1,0,1,-46583.000000,0.890120,0
2024-11-20,0.001055,0.004575,-0.008068,1,0,0,0,1,0,1,-41369.000000,1.015623,0
2024-11-22,0.010812,0.009628,0.004596,0,0,0,0,1,0,1,-43707.000000,1.099293,0
2024-11-25,0.004005,0.007670,-0.002073,1,0,0,0,1,0,1,-38202.000000,1.139801,0
2024-11-28,0.002045,0.001466,-0.003644,1,0,1,1,1,2,3,-45338.000000,0.773014,2
2024-12-02,0.008714,0.015409,0.012488,0,0,0,0,1,0,1,-44859.000000,1.128907,0
2024-12-03,0.010352,0.007508,0.002401,0,1,0,0,1,1,2,-37509.000000,1.672437,0
2024-12-04,0.004283,0.005589,0.005589,0,0,0,0,1,0,1,-38835.000000,0.904973,1
2024-12-05,0.002277,0.003384,-0.001731,1,1,0,0,1,1,2,-38787.000000,1.304833,0
2024-12-09,0.004075,0.001640,-0.000624,1,0,0,1,1,1,2,-36183.000000,1.192910,1
2024-12-12,0.006419,0.006015,-0.000167,1,1,0,0,1,1,2,-39968.000000,1.317964,0
2024-12-16,0.008111,0.002464,-0.007209,1,0,0,1,1,1,2,-42161.000000,1.155927,0
2024-12-17,0.003979,0.003975,-0.004909,1,0,0,0,1,0,1,-41070.000000,1.067523,1
2024-12-23,0.013385,0.014058,0.012843,0,0,0,0,1,0,1,-36563.000000,0.822027,1
2024-12-24,0.006761,0.002816,-0.006040,1,0,0,1,1,1,2,-32946.000000,1.049979,0
2024-12-25,0.004589,0.003014,-0.000268,1,0,0,0,1,0,1,-36050.000000,0.858959,0
2024-12-26,0.002410,0.001914,-0.001252,1,0,0,1,1,1,2,-36873.000000,0.972721,1
2025-01-03,0.008168,0.003194,-0.004790,1,0,0,0,1,0,1,-43256.000000,0.859992,1
2025-01-06,0.009756,0.018222,0.017980,0,1,0,0,1,1,2,-39974.000000,1.486460,0
2025-01-07,0.011764,0.005004,-0.007280,1,1,0,0,1,1,2,-32862.000000,1.217059,0
2025-01-13,0.002540,0.000000,-0.025227,1,1,1,1,1,3,4,-41948.000000,1.384211,2
2025-01-14,0.003808,0.009903,0.009903,0,0,1,0,1,1,2,-43359.000000,0.709803,2
2025-01-16,0.013456,0.014470,0.009097,0,1,0,0,1,1,2,-39417.000000,1.412185,0
2025-01-17,0.007167,0.000852,-0.001813,1,1,1,1,1,3,4,-36211.000000,1.216062,3
2025-01-20,0.002393,0.006170,0.002730,0,0,0,0,1,0,1,-31863.000000,0.959041,0
2025-01-22,0.007410,0.007217,0.002247,0,1,0,0,1,1,2,-33695.000000,1.475218,0
2025-02-04,0.006238,0.004293,-0.001853,1,0,0,0,1,0,1,-36490.000000,0.869951,1
2025-02-05,0.005371,0.014529,0.010700,0,0,0,0,1,0,1,-34065.000000,0.889014,0
2025-02-06,0.002803,0.005249,0.003879,0,0,0,0,1,0,1,-31808.000000,,0
2025-02-11,0.003001,0.007014,0.002664,0,1,0,0,1,1,2,-30961.000000,1.202961,0
2025-02-12,0.002791,0.003382,-0.006804,1,0,1,0,1,1,2,-31339.000000,1.176691,2
2025-02-17,0.004559,0.010857,0.010627,0,0,0,0,1,0,1,-35307.000000,1.012957,1
2025-02-18,0.001922,0.004909,0.004909,0,0,0,0,1,0,1,-29484.000000,0.964978,0
2025-02-21,0.001646,0.008775,0.008676,0,0,1,0,1,1,2,-24533.000000,1.015046,3
2025-02-27,0.001876,0.001760,-0.016774,1,0,0,1,1,1,2,-35013.000000,1.025374,1
2025-03-05,0.008053,0.007438,0.004084,0,1,0,0,1,1,2,-44023.000000,1.219997,1
2025-03-06,0.002545,0.002174,-0.009362,1,0,0,1,1,1,2,-40914.000000,1.117760,0
2025-03-12,0.004531,0.009940,0.004838,0,0,1,0,1,1,2,-45697.000000,0.868574,2
2025-03-13,0.005610,0.006655,-0.019714,1,1,0,0,1,1,2,-43409.000000,1.231327,0
2025-03-14,0.001144,0.003967,-0.000853,1,0,1,0,1,1,2,-41732.000000,1.158274,3
2025-03-17,0.007715,0.007648,-0.000854,1,0,0,0,1,0,1,-41877.000000,1.029897,0
2025-03-18,0.003888,0.005516,0.003020,0,0,0,0,1,0,1,-39562.000000,1.001285,0
2025-03-20,0.009570,0.009303,0.009303,0,0,0,0,1,0,1,-36396.000000,1.029854,0
2025-03-24,0.006271,0.001448,-0.010817,1,0,1,1,1,2,3,-35588.000000,0.811509,2
2025-03-25,0.007361,0.006495,0.000172,0,0,0,0,1,0,1,-36061.000000,1.187710,0
2025-03-26,0.002443,0.003158,-0.003015,1,0,0,0,1,0,1,-31880.000000,0.915518,0
2025-04-01,0.009114,0.020637,0.018944,0,0,0,0,1,0,1,-29313.000000,0.759997,1
2025-04-02,0.001579,0.003601,-0.000730,1,0,0,0,1,0,1,-29385.000000,0.937416,0
2025-04-14,0.008086,0.017116,-0.008818,1,1,0,0,1,1,2,-23548.000000,1.460527,0
2025-04-15,0.004961,0.014561,0.012635,0,0,0,0,1,0,1,-23883.000000,0.734381,0
2025-04-18,0.004408,0.003877,-0.001490,1,0,0,0,1,0,1,-29870.000000,0.996956,1
2025-04-24,0.005777,0.000000,-0.013860,1,1,0,1,1,2,3,-27745.000000,1.291474,1
2025-04-28,0.004999,0.005091,0.003121,0,0,0,0,1,0,1,-23698.000000,0.979745,0
2025-05-02,0.014779,0.012348,0.012348,0,1,0,0,1,1,2,-22730.000000,1.543133,1
2025-05-05,0.002473,0.002231,-0.014686,1,1,0,1,1,2,3,-22913.000000,1.486787,0
2025-05-07,0.002561,0.005353,-0.001393,1,0,0,0,1,0,1,-31157.000000,1.178021,1
2025-05-09,0.007175,0.010838,0.010838,0,1,0,0,1,1,2,-30020.000000,1.384477,0
2025-05-12,0.003916,0.008534,0.006315,0,1,0,0,1,1,2,-33271.000000,1.341562,1
2025-05-14,0.010421,0.010693,0.010693,0,1,0,0,1,1,2,-36513.000000,1.328551,0
2025-05-20,0.005007,0.005314,-0.004881,1,0,0,0,1,0,1,-37713.000000,1.059630,0
2025-05-21,0.003603,0.012760,0.009273,0,0,0,0,1,0,1,-37844.000000,0.944139,1
2025-05-23,0.004397,0.001500,-0.005237,1,1,0,1,1,2,3,-40656.000000,1.201478,0
2025-05-28,0.009496,0.004421,-0.008423,1,0,0,0,1,0,1,-43507.000000,1.085184,0
2025-05-29,0.008127,0.003435,-0.008545,1,0,0,0,1,0,1,-43204.000000,1.177316,1
2025-06-03,0.005904,0.008355,0.000011,0,0,0,0,1,0,1,-45393.000000,0.971001,0
2025-06-04,0.010153,0.012963,0.012963,0,0,0,0,1,0,1,-39470.000000,1.168061,0
2025-06-05,0.003601,0.001982,-0.000991,1,0,0,1,1,1,2,-37165.000000,1.029771,1
2025-06-09,0.005207,0.004263,0.000773,0,0,0,0,1,0,1,-38541.000000,1.141291,0
2025-06-10,0.006010,0.017044,0.014639,0,0,0,0,1,0,1,-38587.000000,1.164328,0
2025-06-11,0.006035,0.004189,0.004189,0,0,0,0,1,0,1,-37131.000000,1.185568,0
2025-06-17,0.005564,0.007176,0.001759,0,1,0,0,1,1,2,-41036.000000,1.362328,0
2025-06-24,0.012399,0.009071,0.008512,0,1,0,0,1,1,2,-43797.000000,1.653766,0
2025-06-25,0.006900,0.004594,0.003972,0,0,0,0,1,0,1,-43493.000000,1.129076,0
2025-07-01,0.007356,0.013873,0.005976,0,1,0,0,1,1,2,-52001.000000,1.263567,1
2025-07-03,0.005743,0.004791,0.000245,0,1,0,0,1,1,2,-54946.000000,1.575745,0
2025-07-04,0.001919,0.003788,-0.009186,1,0,0,0,1,0,1,-51157.000000,0.902640,0
2025-07-10,0.001753,0.005884,0.005616,0,0,0,0,1,0,1,-58711.000000,1.151626,1
2025-07-16,0.005762,0.006049,0.003282,0,1,0,0,1,1,2,-55352.000000,1.250906,1
2025-07-18,0.010057,0.005247,0.001602,0,1,0,0,1,1,2,-52217.000000,1.419514,0
2025-07-23,0.003291,0.011061,0.011061,0,0,0,0,1,0,1,-44594.000000,0.914689,1
2025-07-24,0.002359,0.003483,0.000003,0,1,0,0,1,1,2,-47841.000000,1.235060,0
2025-07-25,0.003459,0.001320,-0.003846,1,0,1,1,1,2,3,-47930.000000,1.036118,2
2025-07-28,0.004824,0.003720,-0.002731,1,1,0,0,1,1,2,-47417.000000,1.272108,0
2025-07-30,0.003758,0.007428,0.007428,0,0,0,0,1,0,1,-40876.000000,0.900745,1
2025-07-31,0.002637,0.004571,0.000805,0,1,0,0,1,1,2,-37831.000000,1.540318,0
2025-08-05,0.005110,0.007381,0.006902,0,0,0,0,1,0,1,-39080.000000,,0
2025-08-07,0.011515,0.014048,0.012076,0,0,0,0,1,0,1,-36380.000000,,1
2025-08-12,0.001961,0.003353,-0.001012,1,1,0,0,1,1,2,-35575.000000,1.259348,1
2025-08-13,0.003050,0.007218,0.005694,0,1,0,0,1,1,2,-35302.000000,1.317653,0
2025-08-15,0.001161,0.004918,0.002813,0,0,0,0,1,0,1,-34379.000000,1.185556,1
2025-08-21,0.004842,0.011444,0.009364,0,0,1,0,1,1,2,-35143.000000,0.888442,2
2025-08-22,0.002958,0.001607,-0.011174,1,0,0,1,1,1,2,-30387.000000,1.180791,1
2025-08-25,0.014490,0.010503,0.006992,0,1,0,0,1,1,2,-26735.000000,1.602586,0
2025-08-27,0.005954,0.003684,0.002867,0,0,0,0,1,0,1,-27132.000000,1.084698,0
2025-08-29,0.008317,0.005406,-0.008386,1,1,0,0,1,1,2,-26087.000000,1.251442,1
2025-09-02,0.001752,0.007511,-0.004028,1,0,0,0,1,0,1,-26664.000000,,1
2025-09-04,0.005600,0.006358,-0.002287,1,0,0,0,1,0,1,-24788.000000,,0
2025-09-05,0.002664,0.010325,0.010325,0,0,0,0,1,0,1,-23503.000000,,0
2025-09-08,0.004747,0.004840,-0.002579,1,0,0,0,1,0,1,-21304.000000,,0
2025-09-09,0.004199,0.009315,0.008305,0,0,0,0,1,0,1,-21999.000000,,0
2025-09-10,0.007149,0.009561,0.006380,0,0,0,0,1,0,1,-18792.000000,,0
2025-09-11,0.012572,0.001260,-0.011509,1,0,0,1,1,1,2,-17813.000000,,0
2025-09-12,0.005314,0.005625,0.004929,0,0,0,0,1,0,1,-16317.000000,,0
2025-09-18,0.004124,0.008855,0.008855,0,0,0,0,1,0,1,-18862.000000,,1
2025-09-23,0.009289,0.007132,0.004838,0,0,0,0,1,0,1,-17239.000000,,0
2025-09-24,0.005402,0.000185,-0.007292,1,0,1,1,1,2,3,-16200.000000,,2
2025-09-30,0.006176,0.009229,0.003195,0,0,0,0,1,0,1,-25119.000000,,0
2025-10-01,0.009982,0.009491,-0.003657,1,0,0,0,1,0,1,-21930.000000,1.179058,1
2025-10-03,0.002150,0.012331,0.012331,0,0,0,0,1,0,1,-23187.000000,1.022145,0
2025-10-07,0.010023,0.010068,0.006758,0,1,0,0,1,1,2,-20852.000000,1.759066,0
2025-10-09,0.008791,0.005916,0.000011,0,1,0,0,1,1,2,-30405.000000,1.618570,0
2025-10-14,0.013322,0.008249,-0.017922,1,1,0,0,1,1,2,-33061.000000,1.298320,1
2025-10-15,0.004400,0.013551,0.013551,0,0,0,0,1,0,1,-27444.000000,0.788135,1
2025-10-16,0.002259,0.014466,0.011360,0,1,0,0,1,1,2,-21671.000000,1.333795,0
2025-10-20,0.006522,0.010474,0.007576,0,0,0,0,1,0,1,-25586.000000,,0
2025-10-21,0.001947,0.008164,0.000355,0,1,0,0,1,1,2,-25251.000000,1.445563,0
2025-10-28,0.001693,0.001673,-0.003277,1,1,1,1,1,3,4,-24211.000000,1.216260,2
2025-10-29,0.007471,0.008431,0.004859,0,1,0,0,1,1,2,-27454.000000,1.402532,0
2025-10-30,0.001961,0.006259,-0.002212,1,1,0,0,1,1,2,-24421.000000,1.249060,1
2025-11-04,0.001065,0.006693,-0.008750,1,0,1,0,1,1,2,-27880.000000,1.194421,2
2025-11-06,0.006833,0.005557,-0.000250,1,0,0,0,1,0,1,-32088.000000,1.072317,0
2025-11-10,0.005572,0.006165,0.002303,0,1,0,0,1,1,2,-30820.000000,1.346167,1
2025-11-11,0.005814,0.005571,-0.008797,1,1,0,0,1,1,2,-30589.000000,1.495811,0
2025-11-12,0.002466,0.007837,0.003361,0,0,1,0,1,1,2,-31530.000000,1.170474,2
2025-11-17,0.007418,0.004457,-0.005559,1,0,1,0,1,1,2,-34595.000000,1.193319,2
2025-11-24,0.006094,0.006320,-0.003451,1,0,0,0,1,0,1,-33208.000000,0.903281,0
2025-11-26,0.005611,0.012799,0.012799,0,1,0,0,1,1,2,-29704.000000,1.339010,0
2025-11-27,0.003929,0.005154,0.001355,0,1,0,0,1,1,2,-28657.000000,1.323916,0
2025-12-01,0.001726,0.000827,-0.011983,1,1,0,1,1,2,3,-26321.000000,1.265192,0
2025-12-02,0.007601,0.006952,0.000505,0,1,0,0,1,1,2,-29032.000000,1.266292,1
2025-12-03,0.001500,0.008768,0.006789,0,0,0,0,1,0,1,-28363.000000,1.083622,0
2025-12-08,0.001898,0.009623,0.009623,0,0,0,0,1,0,1,-26823.000000,1.139448,0
2025-12-09,0.002129,0.000924,-0.006397,1,1,1,1,1,3,4,-27463.000000,1.573307,2
2025-12-12,0.002597,0.006211,0.003576,0,0,0,0,1,0,1,-31008.000000,1.017663,1
2025-12-17,0.002161,0.006686,-0.002573,1,0,0,0,1,0,1,-34213.000000,0.870285,0
2025-12-19,0.007908,0.006647,0.000383,0,0,0,0,1,0,1,-28731.000000,1.163387,0
2025-12-22,0.010482,0.006506,0.005823,0,0,0,0,1,0,1,-24428.000000,1.169959,0
2025-12-23,0.003677,0.003441,0.002029,0,0,0,0,1,0,1,-25852.000000,0.971803,1
2025-12-24,0.002583,0.003621,-0.000410,1,0,0,0,1,0,1,-25441.000000,1.040440,0
2025-12-26,0.002520,0.005183,0.003957,0,0,0,0,1,0,1,-24484.000000,1.122685,0
2025-12-29,0.003739,0.006240,0.005167,0,0,1,0,1,1,2,-23476.000000,1.112681,2
2026-01-02,0.001833,0.011950,0.011481,0,0,0,0,1,0,1,-25059.000000,1.105974,1
2026-01-05,0.014647,0.018792,0.010925,0,1,0,0,1,1,2,-23154.000000,1.542078,1
2026-01-12,0.006066,0.006868,0.003104,0,0,0,0,1,0,1,-26583.000000,1.149144,0
2026-01-13,0.002080,0.011198,0.002493,0,1,0,0,1,1,2,-26892.000000,1.472548,0
2026-01-14,0.001150,0.008206,0.006481,0,0,1,0,1,1,2,-30117.000000,1.133283,2
2026-01-16,0.001105,0.020444,0.018287,0,1,0,0,1,1,2,-35130.000000,1.657031,1
2026-01-22,0.003993,0.016559,0.011952,0,0,0,0,1,0,1,-24473.000000,1.174261,0
2026-01-23,0.001345,0.007980,0.005434,0,1,0,0,1,1,2,-24293.000000,1.368934,0
2026-01-26,0.001284,0.006068,0.001936,0,1,0,0,1,1,2,-22666.000000,1.200955,1
2026-01-28,0.001975,0.013034,0.013034,0,1,0,0,1,1,2,-25318.000000,1.390638,1
2026-02-03,0.003593,0.017524,0.014421,0,1,0,0,1,1,2,-27673.000000,1.357352,0
2026-02-09,0.005452,0.022213,0.014032,0,1,0,0,1,1,2,-25102.000000,1.496165,0
2026-02-10,0.001083,0.019521,0.019521,0,1,0,0,1,1,2,-23585.000000,1.460841,0
2026-02-23,0.001705,0.016319,0.003275,0,1,0,0,1,1,2,-27665.000000,2.014929,0
2026-02-24,0.007327,0.022507,0.019991,0,0,1,0,1,1,2,-30852.000000,0.992462,2
2026-02-25,0.001513,0.022105,0.018984,0,1,0,0,1,1,2,-29372.000000,1.524069,0
2026-02-26,0.001262,0.003429,-0.001220,1,0,0,0,1,0,1,-35753.000000,1.199282,0
2026-03-11,0.010882,0.032907,0.029754,0,1,0,0,1,1,2,-36856.000000,1.228619,1
2026-03-16,0.004219,0.006695,-0.005925,1,1,1,0,1,2,3,-40347.000000,1.415630,2
2026-03-17,0.001150,0.018809,0.013652,0,1,0,0,1,1,2,-38512.000000,1.418167,0
2026-03-18,0.002740,0.014571,0.012358,0,1,0,0,1,1,2,-36158.000000,1.517480,0
2026-03-24,0.010402,0.009030,-0.013630,1,0,0,0,1,0,1,-37717.000000,1.136381,0
2026-03-25,0.003466,0.029961,0.021813,0,1,0,0,1,1,2,-34108.000000,1.399966,1
2026-03-26,0.004082,0.009440,-0.007088,1,1,0,0,1,1,2,-35947.000000,1.405695,1
2026-04-01,0.005338,0.040445,0.040213,0,0,0,0,1,0,1,-37214.000000,1.081910,0
2026-04-02,0.001302,0.008416,-0.019435,1,1,0,0,1,1,2,-31373.000000,1.384486,0
2026-04-07,0.003042,0.018141,0.017088,0,0,0,0,1,0,1,-34855.000000,1.056087,0
2026-04-08,0.004504,0.041399,0.041399,0,1,0,0,1,1,2,-31350.000000,2.326503,0
2026-04-10,0.002573,0.013360,0.013360,0,1,0,0,1,1,2,-33399.000000,1.320481,0
2026-04-14,0.003576,0.021283,0.020010,0,1,0,0,1,1,2,-35996.000000,1.628425,0
2026-04-15,0.002011,0.019111,0.009707,0,1,0,0,1,1,2,-36664.000000,1.215715,0
2026-04-16,0.001018,0.010229,0.010133,0,0,0,0,1,0,1,-36783.000000,1.155927,0
2026-04-20,0.001247,0.013413,0.002946,0,1,0,0,1,1,2,-41151.000000,1.250459,0
2026-04-21,0.002501,0.019718,0.014948,0,1,0,0,1,1,2,-42618.000000,1.377017,1
2026-04-23,0.002461,0.025025,-0.006782,1,1,0,0,1,1,2,-42555.000000,1.759790,0
2026-04-24,0.003938,0.029773,0.028253,0,0,0,0,1,0,1,-44027.000000,0.804338,1
2026-04-30,0.006818,0.006994,-0.016295,1,1,0,0,1,1,2,-47074.000000,1.467689,1
2026-05-04,0.007752,0.038929,0.037645,0,1,0,0,1,1,2,-44044.000000,1.357787,0
2026-05-06,0.005243,0.014465,0.003802,0,1,0,0,1,1,2,-48687.000000,1.829601,0
2026-05-07,0.002944,0.021718,0.016331,0,0,0,0,1,0,1,-50967.000000,1.149140,0
2026-05-11,0.002645,0.007378,0.001823,0,1,0,0,1,1,2,-54530.000000,1.313857,0
2026-05-12,0.002168,0.008901,0.000422,0,1,0,0,1,1,2,-54225.000000,1.508978,0
2026-05-14,0.002942,0.017095,0.006158,0,1,0,0,1,1,2,-52760.000000,1.313448,1
2026-05-15,0.001884,0.013823,-0.015732,1,1,0,0,1,1,2,-51068.000000,1.419738,1
2026-05-21,0.006056,0.033374,0.027445,0,1,0,0,1,1,2,-42744.000000,1.482349,0
2026-05-22,0.001927,0.021948,0.019785,0,1,0,0,1,1,2,-44454.000000,1.740579,0
2026-05-25,0.009461,0.022919,0.022887,0,1,0,0,1,1,2,-46483.000000,1.624114,0
2026-05-26,0.001478,0.008894,-0.004199,1,1,0,0,1,1,2,-51458.000000,1.573960,0
2026-05-27,0.007281,0.022261,0.009455,0,1,0,0,1,1,2,-54391.000000,1.331753,0
2026-05-29,0.004103,0.025527,0.020939,0,0,0,0,1,0,1,-58196.000000,1.123282,0
2026-06-01,0.003127,0.023584,0.010365,0,0,0,0,1,0,1,-60650.000000,1.093081,0
2026-06-02,0.001125,0.011611,0.003710,0,1,0,0,1,1,2,-64673.000000,1.332304,1
2026-06-03,0.002264,0.019529,0.017492,0,0,0,0,1,0,1,-67018.000000,1.187330,0
2026-06-09,0.004249,0.025959,0.023275,0,1,0,0,1,1,2,-65501.000000,1.447730,0
2026-06-12,0.010155,0.027789,0.013339,0,1,0,0,1,1,2,-63168.000000,1.325963,0
2026-06-15,0.006313,0.023303,0.021354,0,1,0,0,1,1,2,-65039.000000,1.507249,0
2026-06-16,0.002271,0.006794,0.006794,0,1,0,0,1,1,2,-66734.000000,1.583940,1
2026-06-18,0.002068,0.012909,0.010723,0,1,0,0,1,1,2,-67394.000000,1.451999,1
2026-06-22,0.004614,0.025528,0.022750,0,1,1,0,1,2,3,-68337.000000,1.391851,2
2026-06-23,0.001122,0.008867,-0.014530,1,1,0,0,1,1,2,-70290.000000,1.576184,1
